sent_id,word_pos,word,stor
1,1,If,0.0
1,2,you,40.85038139778604
1,3,were,46.34169938471827
1,4,to,60.99591867534768
1,5,journey,53.821560924841606
1,6,to,47.19822836442864
1,7,the,59.03328568437027
1,8,North,58.74542628283563
1,9,of,52.80493088768594
1,10,"England,",65.76712982467876
1,11,you,54.65246137238787
1,12,would,58.197193618040245
1,13,come,33.09846897240838
1,14,to,36.38136526385227
1,15,a,51.168740144111716
1,16,valley,52.19679172109383
1,17,that,32.129952758662434
1,18,is,45.947807906408144
1,19,surrounded,28.23585888477602
1,20,by,28.079555026904664
1,21,moors,9.085240882367051
1,22,as,9.631541886398061
1,23,high,30.6356011001261
1,24,as,49.958419031307606
1,25,mountains.,10.450839788760005
2,1,It,0.0
2,2,is,61.13613406680432
2,3,in,82.94834420698778
2,4,this,146.61243612435123
2,5,valley,168.33485481044983
2,6,where,148.6541267882079
2,7,you,149.9393283726039
2,8,would,237.2790672677636
2,9,find,189.52379088080863
2,10,the,181.63242817179238
2,11,city,220.24636231223172
2,12,of,218.07930386313274
2,13,"Bradford,",198.7262574812674
2,14,where,243.88828796374267
2,15,once,184.47815905428135
2,16,a,135.7650643334077
2,17,thousand,143.4765555473661
2,18,spinning,195.65385879640343
2,19,jennies,183.03745522852407
2,20,that,128.14210462863397
2,21,hummed,97.26389474559019
2,22,and,81.36822505306569
2,23,clattered,95.25401463777209
2,24,spun,49.389423417693315
2,25,wool,44.472379192602155
2,26,into,45.03048476869537
2,27,money,36.64995875500401
2,28,for,29.8075539791191
2,29,the,25.46554877954631
2,30,long-bearded,26.501369619036577
2,31,mill,12.510404327697671
2,32,owners.,11.81057620832577
3,1,That,0.0
3,2,all,75.67225631073924
3,3,mill,65.58168884345534
3,4,owners,124.51726912007862
3,5,were,162.50100379330837
3,6,generally,154.21746629380723
3,7,busy,174.4085762221251
3,8,as,219.2105489862335
3,9,beavers,222.87809587018268
3,10,and,141.246417129601
3,11,quite,120.8630261260696
3,12,pleased,92.69760092476214
3,13,with,91.30111710621206
3,14,themselves,71.69503866952505
3,15,for,119.61498586494139
3,16,being,142.7776357684727
3,17,so,116.14959031252141
3,18,successful,149.96596745332667
3,19,and,169.93623910320318
3,20,well,154.6614971211976
3,21,off,133.13903105442827
3,22,was,135.1426689229463
3,23,known,138.97234625962096
3,24,to,175.4251783121
3,25,the,146.50689346720446
3,26,residents,143.75575734225632
3,27,of,133.70085701296952
3,28,"Bradford,",135.04023923777146
3,29,and,128.10723187850118
3,30,if,142.12215975309178
3,31,you,247.2129036346502
3,32,were,236.13991679013327
3,33,to,232.91660246922393
3,34,go,241.58936160211633
3,35,into,205.6515685739159
3,36,the,219.92235731696525
3,37,city,222.5484365368103
3,38,to,233.14551206545292
3,39,visit,192.52245363795038
3,40,the,176.29795219256943
3,41,stately,170.21738417306113
3,42,City,157.79725524653534
3,43,"Hall,",168.52468016688954
3,44,you,113.0949443648101
3,45,would,58.271196269356146
3,46,see,45.834999025258064
3,47,there,50.35072781844714
3,48,the,44.625125347489806
3,49,Crest,50.66007840850974
3,50,of,45.388915477440484
3,51,the,66.62631618894447
3,52,City,44.760418471866224
3,53,of,58.27112423012327
3,54,"Bradford,",70.11340510087295
3,55,which,32.242924260157814
3,56,those,35.83708917817806
3,57,same,50.95380346645809
3,58,mill,33.27403440616239
3,59,owners,55.64421421852369
3,60,created,23.430959620621884
3,61,to,26.929466240724278
3,62,celebrate,37.2488000030524
3,63,their,17.75301012574297
3,64,achievements.,8.356794080336398
4,1,It,0.0
4,2,shows,60.72843337053015
4,3,a,84.76752440508871
4,4,sinister,71.58680981535443
4,5,looking,54.85439207167385
4,6,boar's,47.59605106516785
4,7,head,67.58880875871408
4,8,sitting,52.740142271383505
4,9,on,50.74947404452365
4,10,top,44.38639981996498
4,11,of,64.22847964348065
4,12,a,49.23763024017192
4,13,well,51.2895206361076
4,14,which,64.7120144558176
4,15,seems,82.29418519175154
4,16,puzzling,68.32907071612213
4,17,at,48.65888901399637
4,18,"first,",41.36958981896735
4,19,but,46.962519219119464
4,20,the,31.509565697104307
4,21,reason,34.39765170367475
4,22,for,43.49626066850638
4,23,this,48.92306549622383
4,24,symbol,25.85191430242914
4,25,is,24.385006361570984
4,26,a,14.822709835110059
4,27,matter,14.561262423300224
4,28,of,21.862555804287165
4,29,legend.,7.539233877998409
5,1,There,0.0
5,2,was,35.2299003124722
5,3,"once,",35.11402803334929
5,4,legend,79.75218009923955
5,5,has,69.58070133006542
5,6,"it,",127.04354910789596
5,7,a,59.87917581729826
5,8,fearsome,45.95869058159378
5,9,"boar,",46.264851172954685
5,10,which,46.56877444201052
5,11,lived,49.748252534998066
5,12,in,45.88670801699708
5,13,a,58.85064969718675
5,14,wood,45.15288517602865
5,15,located,30.348578367315614
5,16,just,27.795924893733048
5,17,outside,16.040948677804714
5,18,the,7.438670698279762
5,19,manor,8.117576987766489
5,20,of,9.43951714040876
5,21,Bradford.,14.469440391890354
6,1,A,0.0
6,2,source,24.668687874559545
6,3,of,59.13538421695088
6,4,great,69.52835909820593
6,5,trouble,47.59756244870363
6,6,to,52.240553996475754
6,7,the,57.85485780893589
6,8,local,49.88602276311606
6,9,folk,69.47650099750861
6,10,the,77.45983744846654
6,11,boar,91.36351550763281
6,12,"was,",119.84646488197427
6,13,bringing,225.75324541699763
6,14,terror,95.57034572416141
6,15,to,82.5620342828713
6,16,the,76.22739283209255
6,17,peaceful,66.25871996041681
6,18,flocks,48.95736456060347
6,19,and,24.845094940349533
6,20,ravaging,28.840272342832368
6,21,the,12.282794224316902
6,22,countryside,5.5603434697374725
6,23,around.,10.720725090308397
7,1,Even,0.0
7,2,"worse,",121.93846219103477
7,3,"however,",57.21486633751676
7,4,the,111.80320675175068
7,5,boar,107.50943835930634
7,6,most,86.788498726753
7,7,liked,109.06773119500744
7,8,to,100.17222576514936
7,9,go,195.55581888240053
7,10,to,127.83515377699236
7,11,the,136.30237063942414
7,12,well,222.75603943890005
7,13,that,171.7541872175933
7,14,was,153.67867096199964
7,15,in,169.3270366538721
7,16,the,135.25261820556483
7,17,wood,109.30361279591978
7,18,and,86.23955022716908
7,19,drink,81.78504753715896
7,20,its,55.956104978903404
7,21,fresh,71.13358234469615
7,22,"water,",49.872582834899085
7,23,so,32.96618877447123
7,24,that,27.23633919195084
7,25,the,33.0523190403867
7,26,people,29.315981568343
7,27,of,23.713504830800048
7,28,Bradford,58.1696223053585
7,29,had,42.67018655934237
7,30,second,23.71291408114325
7,31,thoughts,44.307545994897154
7,32,about,34.838066813496276
7,33,visiting,16.680850458927807
7,34,the,14.679141490886176
7,35,well.,20.529012167106117
8,1,That,0.0
8,2,the,46.51623838570351
8,3,people,93.8889311106469
8,4,of,94.52429693668843
8,5,Bradford,157.11529828847918
8,6,bore,170.31723140974628
8,7,the,133.3001726929026
8,8,brunt,133.83731441152216
8,9,of,195.81128741543696
8,10,the,187.9475464960105
8,11,beast's,144.99273309954125
8,12,ferocity,132.24286523317355
8,13,was,78.28633116305191
8,14,unfair,70.35200714485445
8,15,in,61.80106912798266
8,16,the,54.212330660064595
8,17,eyes,61.96974790613107
8,18,of,50.273052380881815
8,19,the,34.125584415575105
8,20,people,12.621346161159142
8,21,of,34.83342134174371
8,22,the,20.947177492409143
8,23,region.,12.298173752380187
9,1,"Eventually,",0.0
9,2,the,38.02041100542214
9,3,issue,67.40330431589248
9,4,reached,84.5858144154931
9,5,the,79.71954226365472
9,6,ears,80.5121501075536
9,7,of,65.40078854817997
9,8,the,60.268587362531726
9,9,kindly,53.23535057813041
9,10,Lord,49.41673370370671
9,11,of,39.08006465247427
9,12,the,41.13259426492755
9,13,Manor,43.85901390320695
9,14,who,70.86928985479624
9,15,the,36.62649759657619
9,16,people,51.81522869012382
9,17,had,41.57015684631681
9,18,often,20.320857681721073
9,19,asked,12.956055431857733
9,20,for,13.701500126757976
9,21,help.,11.908751025251286
10,1,The,0.0
10,2,Lord,42.14223251939504
10,3,saw,60.62714797192281
10,4,the,58.18132628369333
10,5,severity,77.18904285348111
10,6,of,44.33077056969087
10,7,the,42.54372154628534
10,8,problem,43.668705554990126
10,9,the,52.976188029736086
10,10,people,59.3495807833899
10,11,faced,60.78971624948173
10,12,and,56.532583214363235
10,13,suggested,54.5106716302474
10,14,a,33.21558534178089
10,15,contest,41.61561297882708
10,16,could,34.86390326999805
10,17,solve,33.519887590731265
10,18,the,17.635411500558167
10,19,problem.,14.355789627028516
11,1,He,0.0
11,2,said,14.849802088774211
11,3,that,32.72056611920969
11,4,whoever,62.87122506759238
11,5,could,76.00810781496246
11,6,kill,68.42288867102467
11,7,the,61.963468303600116
11,8,boar,50.65261479141893
11,9,and,38.16086708659866
11,10,bring,28.459372272734683
11,11,as,30.821728716708638
11,12,proof,57.60997747379114
11,13,its,40.19444034131721
11,14,head,40.710331711613506
11,15,to,41.90144154472684
11,16,the,51.2245241787716
11,17,Manor,56.11214006551266
11,18,House,45.6767758893732
11,19,would,77.74415869392065
11,20,be,32.669038515422756
11,21,rewarded,24.091869360676064
11,22,with,17.261371346794725
11,23,land,6.531629382115085
11,24,and,19.968509672838664
11,25,fame.,7.687987300038938
12,1,It,0.0
12,2,was,54.58057367772095
12,3,the,19.61773008930032
12,4,people,43.27192739088093
12,5,of,54.701378419270604
12,6,Bradford,80.35193382173222
12,7,and,130.56710214154904
12,8,the,142.8325326306281
12,9,people,143.15021072813462
12,10,who,163.66199778742478
12,11,knew,126.81473754177794
12,12,them,66.53431760088421
12,13,who,72.52991967702336
12,14,rejoiced,85.3841367269322
12,15,at,61.00815283319945
12,16,this,90.84908555991223
12,17,proclamation,71.31327175312244
12,18,but,56.144310280269806
12,19,one,39.505031933942774
12,20,question,50.47636512200122
12,21,remained:,32.33460380427735
12,22,who,35.11222446203861
12,23,would,15.02398167289143
12,24,kill,13.596991781335163
12,25,the,10.533543664812457
12,26,boar?,9.35660513226226
13,1,By,0.0
13,2,the,89.06123501136234
13,3,handsome,82.41979611746655
13,4,reward,89.51586461357745
13,5,many,65.55397968667893
13,6,felt,101.29416525097724
13,7,"tempted,",101.45279138520874
13,8,but,62.78723114866809
13,9,the,61.69248005614981
13,10,thought,69.60022239283425
13,11,of,51.91696451129376
13,12,the,55.28677331024274
13,13,boar,48.98052352939035
13,14,with,32.047017220971554
13,15,its,48.96783976589355
13,16,deadly,45.270159242743084
13,17,tusks,65.69145221282827
13,18,and,37.64794959730543
13,19,face,74.6630146912603
13,20,like,36.840761236249044
13,21,thunder,62.69650567830422
13,22,soon,26.825179838576496
13,23,put,20.564102655336598
13,24,an,19.57942219532039
13,25,end,43.31905842480675
13,26,to,22.259777983597516
13,27,their,11.819056306704876
13,28,ambitions.,3.8856146985704396
14,1,"However,",0.0
14,2,there,46.07484560019471
14,3,was,154.38349284150536
14,4,one,120.84863840146372
14,5,"huntsman,",106.04028757120045
14,6,who,112.3165460714908
14,7,was,124.58026430129786
14,8,still,122.77569334145713
14,9,wet,103.33087254554246
14,10,behind,95.52208300677171
14,11,the,72.12791865778144
14,12,"ears,",80.42755080969827
14,13,who,71.98339733669515
14,14,decided,58.35847804511047
14,15,the,53.399342313094856
14,16,prize,67.51949304309298
14,17,was,43.67771009363702
14,18,worth,42.52560893543575
14,19,a,33.06825712409661
14,20,"shot,",42.387106448186046
14,21,in,24.64391575150324
14,22,spite,55.41585938189457
14,23,of,38.696936815857555
14,24,the,15.398872968793993
14,25,boar's,19.56060448784901
14,26,reputation.,9.388776201222296
15,1,The,0.0
15,2,huntsman,32.55069403943827
15,3,discovered,28.52175141209853
15,4,the,46.70700291790174
15,5,boar,36.38321579717555
15,6,preferred,64.64982905490994
15,7,to,31.48625144948154
15,8,come,37.583933355088014
15,9,out,36.02829008410611
15,10,in,27.765181070835414
15,11,the,24.584091113448324
15,12,middle,23.522933816705237
15,13,of,20.383345879583395
15,14,the,10.29373308799442
15,15,day.,5.244966689549116
16,1,So,0.0
16,2,he,43.351790630496794
16,3,went,35.31408650800016
16,4,to,38.34394803589562
16,5,the,45.92406462656497
16,6,wood,39.77582966761159
16,7,by,23.36152393366567
16,8,the,28.956388461107455
16,9,well,24.317469118542462
16,10,with,21.686803744836
16,11,his,43.968772113100364
16,12,good,20.927896718291272
16,13,"bow,",27.384395917395253
16,14,to,17.18221620274813
16,15,bide,16.236799699016917
16,16,his,12.725266234550222
16,17,time.,9.829475611130041
17,1,Around,0.0
17,2,"noontime,",51.63204807688068
17,3,the,63.67704977821007
17,4,"boar,",87.95394741549207
17,5,feared,63.05697664948327
17,6,by,113.01311295573777
17,7,the,147.74364444316473
17,8,"locals,",133.10984258888044
17,9,came,110.91008261565912
17,10,"out,",69.91124837338808
17,11,as,42.37148040549829
17,12,slow,58.86296636371529
17,13,as,67.06739012399302
17,14,a,52.881541333434704
17,15,"snail,",71.95162134916944
17,16,from,48.92216512942536
17,17,among,40.74658816966165
17,18,the,34.36735957171177
17,19,"trees,",31.545194676450784
17,20,just,33.61521322616813
17,21,as,21.393871586027167
17,22,the,53.06538349944222
17,23,huntsman,20.831790805629133
17,24,had,9.212272892664451
17,25,predicted.,5.620491682065169
18,1,The,0.0
18,2,huntsman,42.14223251939504
18,3,leaped,31.714301132456225
18,4,from,43.72040328186551
18,5,his,41.19342728026014
18,6,hiding,41.534705181083375
18,7,place,41.28947520520943
18,8,and,36.51862444552322
18,9,through,22.01767282567239
18,10,the,44.23764471597108
18,11,heart,37.10751737762258
18,12,with,37.39886312546419
18,13,his,34.151972433874334
18,14,fine,23.852851554010552
18,15,arrows,22.268595561651345
18,16,shot,22.934261559844774
18,17,the,18.05343660424074
18,18,boar.,14.894851341235674
19,1,Now,0.0
19,2,the,14.4846691623804
19,3,problem,45.30407989692071
19,4,was,32.92938814181792
19,5,no,25.823375952799424
19,6,longer,38.835782623474046
19,7,to,15.926020975770461
19,8,kill,31.796586059778885
19,9,the,3.111797556164104
19,10,boar.,8.042754650677296
20,1,It,0.0
20,2,was,27.207047235842875
20,3,to,9.244589967169286
20,4,find,34.898856067305914
20,5,a,33.634358442351335
20,6,way,34.77017486431204
20,7,to,23.675668389636254
20,8,carry,4.781707433244804
20,9,the,7.560579748492296
20,10,boar,12.585944693361926
20,11,back.,6.917000425396407
21,1,The,0.0
21,2,head,32.09173150631733
21,3,was,121.11811870503125
21,4,too,105.91033610434731
21,5,heavy,105.57744304568425
21,6,for,123.31533740764674
21,7,the,138.49861660816634
21,8,little,134.67365228405592
21,9,huntsman,110.56426781250612
21,10,to,115.13235403652145
21,11,carry,124.65499420275077
21,12,back,71.77770557031528
21,13,to,68.34726145009088
21,14,the,79.45574013928807
21,15,Manor,83.04028690606097
21,16,"House,",81.99764406300568
21,17,but,68.24161104581331
21,18,the,70.1023865378953
21,19,"huntsman,",83.64847973124014
21,20,who,74.77507914550613
21,21,was,57.58923167956985
21,22,as,65.71734845748628
21,23,quick-witted,92.25387351776355
21,24,and,73.81002932807965
21,25,cunning,84.89344812424997
21,26,as,75.52601778587974
21,27,"ever,",69.97259400450939
21,28,asked,53.96910213229006
21,29,"himself,",51.796695087242746
21,30,'What,62.32412889640065
21,31,else,39.84500980715922
21,32,can,45.91338899699314
21,33,I,51.202184766435124
21,34,do,26.879880680818356
21,35,to,18.049503618989483
21,36,prove,31.34861187980808
21,37,I,16.030054727006533
21,38,killed,23.82904388480342
21,39,the,13.713851699718365
21,40,boar?',5.783285182158161
22,1,The,0.0
22,2,next,41.27106472040853
22,3,instance,54.000932982281384
22,4,he,52.669281635609714
22,5,opened,54.92476823232016
22,6,the,69.98138375832318
22,7,boar's,60.074566338839404
22,8,mouth,51.29959787354358
22,9,and,36.32600215673037
22,10,cut,25.395869992425872
22,11,out,31.870238016971847
22,12,its,37.79088639923365
22,13,"tongue,",49.2051136953516
22,14,taking,18.43479362418008
22,15,that,25.11569544216455
22,16,as,42.589723992435
22,17,proof,51.49221401933113
22,18,for,19.697997666846433
22,19,the,17.89768075833744
22,20,Lord.,9.516438711674386
23,1,He,0.0
23,2,set,19.4632862291725
23,3,out,104.41196615179044
23,4,for,41.13274939327863
23,5,the,55.2454668611238
23,6,Manor,80.11802297001613
23,7,House,78.53089655496727
23,8,as,91.21097390461053
23,9,quickly,89.28452498848308
23,10,as,187.0240392168869
23,11,he,202.089802156124
23,12,could,181.7193690134392
23,13,and,100.23360671720759
23,14,he,87.56913206360726
23,15,had,80.28631151952973
23,16,only,51.364595964714766
23,17,been,51.188741640415735
23,18,gone,58.34092480783281
23,19,a,58.008826738973355
23,20,few,58.35697637859446
23,21,minutes,42.44734586539918
23,22,when,30.417710684937393
23,23,a,25.416381847246328
23,24,second,49.87490998589249
23,25,"huntsman,",35.64484825553903
23,26,not,33.84657805746976
23,27,so,44.8315153096876
23,28,bold,39.4839472049123
23,29,as,37.4964304203936
23,30,the,50.50893930250741
23,31,first,60.975201419497516
23,32,but,28.68749360798129
23,33,a,39.79240486642608
23,34,little,49.032347771003266
23,35,more,37.92515125546393
23,36,"cunning,",36.93210766341
23,37,came,62.6970151305527
23,38,on,14.96915028775588
23,39,the,11.721598080015145
23,40,scene.,13.448052550892966
24,1,Seeing,0.0
24,2,the,18.909191148761497
24,3,slain,46.26427417116104
24,4,carcass,36.73885166960607
24,5,of,42.901887799458
24,6,the,49.94049207640142
24,7,"boar,",43.00285537412655
24,8,the,29.53077697837232
24,9,huntsman,38.885252336605326
24,10,rejoiced,18.820121247888324
24,11,in,16.681201218887857
24,12,his,16.046403865375385
24,13,good,17.07115776101853
24,14,fortune.,10.293881791517054
25,1,The,0.0
25,2,second,32.09173150631733
25,3,huntsman,56.5096879379758
25,4,knew,109.06601893573544
25,5,a,226.32868182455422
25,6,shortcut,192.92772722906423
25,7,to,195.11520449036956
25,8,the,191.3405419959488
25,9,Manor,238.3405307742421
25,10,House,155.00670929714198
25,11,was,113.84923774176713
25,12,just,124.45493770590039
25,13,around,117.9699393047176
25,14,the,85.83474451485688
25,15,nearby,97.10307050109802
25,16,"pond,",89.05856747445614
25,17,"and,",82.40101191436533
25,18,being,112.4115792988
25,19,a,108.82695367798168
25,20,bigger,122.95275541392185
25,21,man,117.06327764025471
25,22,than,114.28839213007927
25,23,the,130.1141992451486
25,24,"first,",124.45708774701016
25,25,was,111.13583955491949
25,26,able,88.42755560419953
25,27,to,105.30631497633878
25,28,pick,67.99399433770635
25,29,up,52.192392641360904
25,30,the,50.50710346295186
25,31,boar's,58.43921386020332
25,32,head,54.61687498024531
25,33,and,43.67521617321685
25,34,carry,35.80191843585589
25,35,it,25.650824308085152
25,36,through,23.74628440158703
25,37,the,36.889609667428545
25,38,wood,54.69844875930665
25,39,towards,25.975827176251453
25,40,the,22.78018280813582
25,41,prize,15.766236938110701
25,42,that,23.601008785084176
25,43,awaited,18.683241194497338
25,44,him.,11.028123460730848
26,1,The,0.0
26,2,Lord,39.68643583741551
26,3,of,67.62505324247014
26,4,the,84.840654179958
26,5,Manor,92.21370314304056
26,6,was,66.70961143372408
26,7,seated,84.39582449315435
26,8,in,69.0682625114852
26,9,his,82.75433573802897
26,10,hall,75.15219934865641
26,11,when,89.63168908152342
26,12,the,100.08364661677042
26,13,second,108.42596193892633
26,14,huntsman,109.99590204168315
26,15,burst,91.66016550139666
26,16,through,57.19810587576608
26,17,the,49.633755214173135
26,18,door,42.02004039380087
26,19,and,25.529468673858034
26,20,began,11.934261148032078
26,21,to,10.108787119866681
26,22,spin,21.937530598621887
26,23,a,9.010671963393422
26,24,line.,17.73551741124275
27,1,'The,0.0
27,2,woes,25.103380215990725
27,3,of,27.98297379450397
27,4,Bradford,11.153195812256696
27,5,are,13.825142095658435
27,6,ended!',24.94353941129184
28,1,he,0.0
28,2,announced.,9.44187642545354
29,1,'With,0.0
29,2,my,27.547338988146063
29,3,own,27.106711181468306
29,4,hand,13.829536166396656
29,5,I,34.17637475123562
29,6,have,45.92890413236892
29,7,slain,16.3731163190209
29,8,the,6.536150249749881
29,9,boar!',11.200959836390702
30,1,"And,",0.0
30,2,with,23.3567959586108
30,3,"that,",39.28262194905084
30,4,at,88.3611225327852
30,5,the,78.98267468483107
30,6,feet,59.92470203273876
30,7,of,64.99877772592696
30,8,his,47.27712170788496
30,9,lord,32.214777310794716
30,10,he,31.44420710879908
30,11,dropped,32.371051883245315
30,12,the,23.001714902211965
30,13,boar's,30.30612643849953
30,14,enormous,23.141432964181586
30,15,head.,4.951011621600425
31,1,'Then,0.0
31,2,you,28.6172444350248
31,3,will,22.949222529498268
31,4,be,11.163472205602377
31,5,"rewarded,",13.983225452643813
31,6,as,18.86987072304799
31,7,I,29.141960976812044
31,8,promised.',23.48821907025846
32,1,'But,0.0
32,2,"first,",44.102009222506915
32,3,let,53.21776664194957
32,4,me,73.76474444729396
32,5,examine,61.81448867625551
32,6,the,40.83157165526117
32,7,head,42.539936552105154
32,8,of,41.58338039886117
32,9,this,47.937589003759186
32,10,"monster,'",40.77916854154327
32,11,said,25.33259168476765
32,12,the,13.25960563023541
32,13,Lord,23.47170968436744
32,14,of,19.869463231715205
32,15,the,17.15496137442156
32,16,Manor.,21.712270718949977
33,1,To,0.0
33,2,not,23.306288093705408
33,3,examine,45.635439558268686
33,4,the,37.710693640858736
33,5,head,42.47416247521328
33,6,in,27.82254579803938
33,7,advance,31.636707203918498
33,8,had,42.404213089515075
33,9,not,68.36251123773421
33,10,been,72.32332139009078
33,11,very,53.8193079521153
33,12,clever,43.00028655526193
33,13,on,34.69564893428306
33,14,the,54.89472036946599
33,15,part,33.92272815940675
33,16,of,32.273290462898736
33,17,the,13.281709149555624
33,18,huntsman.,7.969368288777749
34,1,Right,0.0
34,2,"away,",16.99585801654982
34,3,the,13.835034279762088
34,4,Lord,62.39593174987611
34,5,noticed,75.7866206459794
34,6,the,54.955367213579024
34,7,tongue,71.00845486221272
34,8,of,60.37373119191117
34,9,the,69.64999967543878
34,10,boar,70.52707989399664
34,11,was,63.483109414381005
34,12,missing,53.416857886171975
34,13,and,59.59860641636839
34,14,"exclaimed,",66.5679727138489
34,15,'What,32.80538746547788
34,16,is,17.780995525285586
34,17,this?,13.639479820461663
35,1,A,0.0
35,2,boar,24.418201334953295
35,3,with,15.610314530369077
35,4,no,17.52203648611181
35,5,tongue?',13.064175404886978
36,1,He,0.0
36,2,looked,12.180535037098938
36,3,at,11.312725973292459
36,4,the,17.20403080465104
36,5,"huntsman,",15.068034185120059
36,6,dubiously.,26.8350025416892
37,1,'How,0.0
37,2,come,32.35216552244948
37,3,this,21.86157879200954
37,4,creature,27.11489617978817
37,5,has,18.466983853418217
37,6,no,14.188384588753964
37,7,tongue?',14.277213746162676
38,1,he,0.0
38,2,demanded.,9.44187642545354
39,1,All,0.0
39,2,eyes,15.030853040851714
39,3,were,13.80078015122444
39,4,on,17.072896957073212
39,5,the,18.720390658436116
39,6,huntsman.,6.4621249880898475
40,1,The,0.0
40,2,huntsman,34.99707983076259
40,3,questioned,28.877679827018163
40,4,by,28.21264045836207
40,5,the,33.89179652070546
40,6,Lord,34.29553095308543
40,7,"replied,",40.888369269673916
40,8,'I,40.929041317789476
40,9,cannot,26.59745062377386
40,10,"say,",16.928332952042762
40,11,my,17.23667084913805
40,12,Lord.',11.052924051849454
41,1,He,0.0
41,2,was,14.425892371621526
41,3,suddenly,17.814749625014763
41,4,realizing,10.573703279870854
41,5,his,42.330459963527744
41,6,tricky,39.29924897376228
41,7,situation,60.274385757605565
41,8,could,36.85489197577887
41,9,end,14.48410446272075
41,10,badly,22.54721665174646
41,11,for,24.56291932894976
41,12,him.,1.6061869391818078
42,1,Through,0.0
42,2,the,28.770859338775463
42,3,door,26.476140231732835
42,4,at,20.454591820988618
42,5,this,20.590432231781282
42,6,"moment,",38.82571546852097
42,7,the,26.18194127021558
42,8,first,12.41933617787111
42,9,huntsman,21.627133901915773
42,10,burst.,2.5722389744213747
43,1,'The,0.0
43,2,woes,25.103380215990725
43,3,of,27.98297379450397
43,4,Bradford,11.153195812256696
43,5,are,13.825142095658435
43,6,ended!',24.94353941129184
44,1,he,0.0
44,2,cried.,9.44187642545354
45,1,'I,0.0
45,2,have,34.93755457150716
45,3,slain,40.342958281235575
45,4,the,15.793896723101978
45,5,boar,19.424138850252504
45,6,the,23.600927911250317
45,7,people,48.24181393038463
45,8,of,41.74865301761358
45,9,Bradford,30.91477502845241
45,10,dreaded!',29.131288711650825
46,1,All,0.0
46,2,eyes,17.566766120909172
46,3,turned,18.121271207959833
46,4,to,16.50318447610266
46,5,the,15.949031609520963
46,6,man,14.182831354948929
46,7,who,12.055215321007505
46,8,now,18.816636470923047
46,9,stood,13.34766278170946
46,10,in,11.660589605765182
46,11,the,19.554537928826807
46,12,doorway.,7.305400358768337
47,1,'The,0.0
47,2,reward,38.72571048074931
47,3,is,39.941974539373504
47,4,already,47.951352431342436
47,5,"given,'",53.911543967599535
47,6,said,29.485184592606902
47,7,the,11.976878072703833
47,8,Lord,23.864282106802797
47,9,of,15.37081703721802
47,10,the,14.293795528688024
47,11,Manor.,11.053460909802073
48,1,'The,0.0
48,2,man,38.72571048074931
48,3,here,27.54079814396845
48,4,has,13.36726348319456
48,5,brought,34.899921327845355
48,6,to,17.798297420667925
48,7,me,49.25615831811033
48,8,the,38.11534783645552
48,9,boar's,29.72724454126449
48,10,head.',20.6143375031582
49,1,'Then,0.0
49,2,where,16.338024376999577
49,3,is,33.43360343796448
49,4,its,18.232835321678632
49,5,tongue?',19.706299950616113
50,1,the,0.0
50,2,first,16.751737586747907
50,3,huntsman,6.987056260965611
50,4,replied.,5.189148575452072
51,1,"And,",0.0
51,2,so,33.661044302355116
51,3,"saying,",157.67134434008156
51,4,he,170.8815106148108
51,5,drew,132.48516342079824
51,6,out,121.24289624581584
51,7,the,112.55386733917351
51,8,boar's,88.11036563645179
51,9,tongue,74.1570874368114
51,10,he,65.53755259179911
51,11,had,59.526972202631015
51,12,put,62.400407598364815
51,13,in,63.815177472267884
51,14,his,59.17705079774072
51,15,hunting,58.122288853227076
51,16,pouch,79.1341337430575
51,17,and,41.10436374274505
51,18,related,43.05126341685622
51,19,how,56.075611810382654
51,20,he,50.98493407296305
51,21,had,49.993904577795064
51,22,ambushed,37.988043924274336
51,23,the,26.55187277054244
51,24,creature,28.70529007172293
51,25,in,25.79924492732096
51,26,the,30.718695533662995
51,27,wood,19.84989358653473
51,28,and,16.39711943240279
51,29,cut,24.92265135517154
51,30,out,30.834215904035496
51,31,its,28.370343260736753
51,32,tongue,34.61862114844691
51,33,as,30.841380631402487
51,34,proof,29.195588797797342
51,35,of,24.2187865436663
51,36,his,15.385150512718276
51,37,victory.,6.68018786593568
52,1,Listening,0.0
52,2,to,34.806569832887625
52,3,the,36.37904779763189
52,4,"tale,",80.36041325435036
52,5,the,67.67486216988243
52,6,Lord,98.88377508451322
52,7,of,83.37189035281654
52,8,the,99.39031627403004
52,9,Manor,119.49747115150274
52,10,tried,97.70668420220665
52,11,to,120.18210278374512
52,12,discern,83.96585410738525
52,13,which,63.65876079915201
52,14,huntsman,59.852728497231226
52,15,was,55.633577443594824
52,16,telling,71.46789387326788
52,17,him,55.160346885793
52,18,the,55.47776915910638
52,19,truth,48.30292597681933
52,20,and,44.248515889816936
52,21,what,38.058517663577184
52,22,the,44.67628855228631
52,23,two,49.6256262123295
52,24,huntsmen,35.47236392053474
52,25,were,26.691653717699626
52,26,thinking,35.80721125568077
52,27,as,36.1842342133909
52,28,they,34.278444342360764
52,29,waited,28.88722381612177
52,30,for,29.614284854171046
52,31,him,27.759319576939312
52,32,to,23.84513232233043
52,33,make,15.482697604724768
52,34,a,14.244445906473546
52,35,decision.,6.037106473594279
53,1,Almost,0.0
53,2,"instantly,",38.83865767894635
53,3,the,40.59915464485047
53,4,Lord,69.31135689279206
53,5,saw,90.18936690451719
53,6,that,77.94101618447799
53,7,the,94.120331703591
53,8,second,112.7887739704381
53,9,huntsman,82.32462573399329
53,10,had,62.19046536676019
53,11,fed,65.61915517795447
53,12,him,47.116735503204524
53,13,a,37.243309547281676
53,14,pack,83.08822694100199
53,15,of,59.355082336408344
53,16,lies,74.45024570981045
53,17,and,54.459450811262855
53,18,it,42.08965566020411
53,19,was,44.82985386054003
53,20,the,37.10792321368295
53,21,first,57.043211786556135
53,22,huntsman,33.00237981461855
53,23,who,38.8042772721473
53,24,was,33.29808315137857
53,25,the,20.04062888168232
53,26,true,29.47914155758667
53,27,savior,15.694391299248185
53,28,of,20.01734169176754
53,29,Bradford.,9.758586238634033
54,1,The,0.0
54,2,Lord,35.93288834097178
54,3,believed,69.11867784972442
54,4,the,134.62639007573762
54,5,second,124.03511438252355
54,6,huntsman,99.87556463550887
54,7,had,84.8400801018694
54,8,tried,105.98695145160163
54,9,to,53.94379312239343
54,10,steal,44.67405267033594
54,11,the,31.257131432479206
54,12,first,38.7209492270515
54,13,huntsman's,31.55471486208062
54,14,prize,32.81816218898638
54,15,and,23.709912629171477
54,16,so,34.52205605285588
54,17,proclaimed,30.23569518966036
54,18,the,35.44102791300007
54,19,first,40.635558750004385
54,20,huntsman,37.266679372172966
54,21,the,23.778317511237457
54,22,true,29.298419531734243
54,23,victor.,7.979952365132087
55,1,The,0.0
55,2,Lord,42.14223251939504
55,3,wondered,60.62714797192281
55,4,for,57.62019195338251
55,5,a,80.63640344521835
55,6,moment,74.58644934796173
55,7,why,39.637818921756356
55,8,he,51.84993891665155
55,9,always,46.66113609082121
55,10,encountered,40.25384809342644
55,11,so,53.62432700725719
55,12,much,59.94430895784603
55,13,chicanery,32.87759937162673
55,14,in,21.804226458305354
55,15,his,13.181401899587845
55,16,everyday,9.2151212935131
55,17,interactions.,1.7881123553543696
56,1,The,0.0
56,2,huntsman,36.876299860210324
56,3,who,49.22199878003066
56,4,had,86.29556824422545
56,5,earned,88.1380541553101
56,6,his,93.20435967233232
56,7,prize,97.50152025058227
56,8,fair,151.3154104052301
56,9,and,169.56280646606137
56,10,square,203.31893688039082
56,11,received,237.68746174205134
56,12,as,118.043300052287
56,13,his,151.10407949971108
56,14,reward,79.67029915916376
56,15,a,66.68489271128087
56,16,piece,66.89906068560418
56,17,of,59.9865120815109
56,18,land,140.28330121408783
56,19,just,79.8148047438375
56,20,outside,64.64012553577429
56,21,the,50.995588527170995
56,22,"town,",60.35605184835476
56,23,known,42.661751756222124
56,24,thereafter,24.624923476266773
56,25,as,19.70920703248268
56,26,Hunt,9.878292061262268
56,27,Yard.,4.2567709405948175
57,1,His,0.0
57,2,fame,17.64989565503022
57,3,was,47.68004567202273
57,4,indeed,44.11774357126905
57,5,"assured,",81.83286129383859
57,6,but,95.27163929084551
57,7,it,51.121152286644
57,8,was,46.31989215657152
57,9,not,36.649572207872815
57,10,nearly,38.639815207628416
57,11,as,35.01287991989302
57,12,lasting,68.40114520544572
57,13,as,35.190167999058794
57,14,that,56.00684794409252
57,15,of,47.1329174153177
57,16,the,41.58183702655233
57,17,fearsome,26.13759963634025
57,18,Bradford,8.597820725316758
57,19,Boar.,7.656323788830997
58,1,A,0.0
58,2,clear,23.559449307497875
58,3,and,115.31697053291666
58,4,joyous,118.09760529412344
58,5,day,41.42037180272038
58,6,it,92.63003496063092
58,7,was,89.1427712982058
58,8,and,77.27128805281143
58,9,out,103.32312369522519
58,10,on,108.35907358643952
58,11,the,91.03062588862275
58,12,wide,92.72648799071432
58,13,open,89.4811323732704
58,14,"sea,",63.903637608652424
58,15,thousands,88.11812308590162
58,16,upon,65.42076510699962
58,17,thousands,80.89701198074548
58,18,of,55.676296730190586
58,19,sparkling,43.90441850541546
58,20,water,26.802794823965254
58,21,"drops,",23.520018651654077
58,22,excited,38.32055884683274
58,23,by,39.559996084310335
58,24,getting,31.254756416564284
58,25,to,45.575671867969035
58,26,play,38.95119710627819
58,27,in,28.096182492321645
58,28,the,19.74605085427919
58,29,"ocean,",17.37529799962457
58,30,danced,20.863895503057986
58,31,all,12.248137648986354
58,32,around.,10.636107133511121
59,1,One,0.0
59,2,of,79.69190637148756
59,3,these,76.76301981351463
59,4,was,74.65010287876846
59,5,a,103.73655760514852
59,6,merry,97.19540385876263
59,7,little,129.32169252704844
59,8,fellow,101.2455182383542
59,9,named,80.72701284879072
59,10,"Aqua,",104.98562890226866
59,11,who,115.7744733632884
59,12,danced,130.3653828304388
59,13,on,72.33570224914375
59,14,the,77.7295132103168
59,15,silver,62.712799809097085
59,16,backs,52.10407935666237
59,17,of,45.82159117180548
59,18,the,53.1630407198002
59,19,fishes,50.129410073873004
59,20,as,51.69135582107843
59,21,they,53.192482161078516
59,22,plunged,49.73357128975174
59,23,up,54.19769930053594
59,24,and,47.75633627303656
59,25,down,55.45877673875955
59,26,in,45.30834422824668
59,27,the,40.51901728638697
59,28,"waves,",34.945671453948364
59,29,"and,",56.53055318489703
59,30,no,50.14408773973041
59,31,matter,82.50397235949858
59,32,how,90.35957189970503
59,33,high,59.527185504113746
59,34,he,50.22410515104385
59,35,"sprung,",49.969046699889475
59,36,he,40.3776299729006
59,37,always,32.08003837363842
59,38,came,35.24835467434689
59,39,down,20.01161241893959
59,40,again,21.36488148365653
59,41,into,16.42288221180565
59,42,his,18.0218419751076
59,43,mother's,24.02701721559474
59,44,lap.,6.92075259734269
60,1,His,0.0
60,2,"mother,",14.174053360448891
60,3,you,26.643965717958984
60,4,"know,",61.52435119252753
60,5,was,47.352649866811845
60,6,the,71.1641438767328
60,7,"ocean,",87.65786483548906
60,8,and,94.31829267783193
60,9,very,97.54261034552641
60,10,beautiful,80.83196491751445
60,11,she,82.51433601254173
60,12,looked,69.00200413144849
60,13,that,65.68985578387164
60,14,summer,65.08667969261813
60,15,day,48.839770692149756
60,16,in,43.09707005000895
60,17,her,42.28850019531385
60,18,dark,42.0113678891593
60,19,blue,30.102972308379883
60,20,dress,19.193508083900415
60,21,and,12.138305041144877
60,22,white,12.79512704112154
60,23,ruffles.,10.165539260991647
61,1,By,0.0
61,2,and,56.68341242912654
61,3,"by,",127.67578141003878
61,4,the,73.15579102884135
61,5,happy,147.00611404320466
61,6,water,144.01576501339696
61,7,drop,193.95485990274278
61,8,tired,177.4272968858803
61,9,of,208.89607971354843
61,10,his,171.6743836559573
61,11,"play,",132.98139442237851
61,12,and,135.25192846914354
61,13,looking,116.99615306959693
61,14,up,106.37718679373273
61,15,to,97.9224183795357
61,16,the,105.054038613285
61,17,clear,96.59209585681592
61,18,sky,109.21672716070388
61,19,above,86.80572395011981
61,20,"him,",90.27426919280768
61,21,thought,73.9171451965252
61,22,he,98.49541065564952
61,23,would,118.5259627406014
61,24,like,82.58266418228374
61,25,to,71.85688290012384
61,26,have,64.02122816644011
61,27,a,58.12485221164252
61,28,sail,47.53256242272762
61,29,on,40.07907757692085
61,30,one,33.41074564304602
61,31,of,30.14944126821892
61,32,the,56.35170344951683
61,33,"white,",46.6387831832211
61,34,marshmallow-like,57.0299263417553
61,35,"clouds,",50.442920408312034
61,36,instead,27.678362433610953
61,37,of,42.37199426816123
61,38,spending,30.93699532667979
61,39,his,35.08537058707747
61,40,whole,29.343105210520452
61,41,life,28.577642883514237
61,42,in,18.867756510761414
61,43,the,5.564654607552675
61,44,ocean.,7.689988904837391
62,1,Of,0.0
62,2,the,41.75359025255889
62,3,"sky,",72.59577286593463
62,4,little,118.27121696465522
62,5,Aqua,92.0984389945711
62,6,had,125.7893009610022
62,7,always,116.50793456773772
62,8,been,87.89238416182391
62,9,"afraid,",69.5907041850049
62,10,but,138.76746814316232
62,11,he,132.027695072948
62,12,decided,89.34041444850794
62,13,to,81.02702463042667
62,14,finally,73.72553713242016
62,15,face,60.393615052082
62,16,his,61.37929973491996
62,17,demons,66.62176011592359
62,18,and,55.107328332158986
62,19,suggested,54.08765295520883
62,20,a,40.685577689731204
62,21,solution,54.24978646062637
62,22,involving,35.29663298841324
62,23,the,47.43478706103741
62,24,sun,43.620786566426005
62,25,carrying,32.46463464112387
62,26,him,31.113839013424656
62,27,up,22.20646654418089
62,28,to,25.807984790042624
62,29,the,29.090245761450852
62,30,sky,23.979620703605864
62,31,would,28.821591055224324
62,32,be,37.85000978483173
62,33,ideal.,24.602444455669847
63,1,The,0.0
63,2,sun,39.22049218453075
63,3,understood,118.30113919418292
63,4,Aqua's,188.2558143907924
63,5,request,193.36326159755401
63,6,came,96.5310950724074
63,7,from,63.48153233347259
63,8,his,76.8846431924824
63,9,"heart,",65.5830763994825
63,10,so,82.08821545841221
63,11,he,85.25937363269028
63,12,acquiesced,80.10273947377323
63,13,and,43.54230174625898
63,14,also,42.67971962217319
63,15,took,40.68276076439489
63,16,ever,32.09450079245936
63,17,so,43.583989738888846
63,18,many,56.30880201179597
63,19,other,37.50284625468187
63,20,"drops,",33.77302919312708
63,21,so,68.34292813222407
63,22,that,46.63709084168986
63,23,Aqua,43.243656624758124
63,24,might,47.66974523335268
63,25,not,34.47885189073553
63,26,be,21.29071839939966
63,27,lonesome,21.513090679782618
63,28,on,10.706427258884341
63,29,the,14.074671084234803
63,30,way.,8.728460058951669
64,1,It,0.0
64,2,was,54.58057367772095
64,3,only,19.61773008930032
64,4,the,33.684128501684526
64,5,sun,47.00727155562674
64,6,that,68.05209510766035
64,7,knew,97.37789017804424
64,8,"this,",97.63464582923973
64,9,"however,",62.06703866370681
64,10,for,140.05800222163103
64,11,all,140.62569253059274
64,12,the,130.67448398116417
64,13,other,114.33808329237138
64,14,drops,101.42296580993082
64,15,had,99.49693124300497
64,16,been,68.26140177737871
64,17,changed,43.3413163711113
64,18,into,53.7227651040925
64,19,fine,49.35472544492945
64,20,mist,43.84845586677265
64,21,or,39.9139106038862
64,22,vapor,47.50213099556637
64,23,and,34.74403589301463
64,24,Aqua,20.583771470013126
64,25,could,19.626867488575844
64,26,not,19.634866187360966
64,27,see,18.3351259629111
64,28,them.,6.758176892031112
65,1,Do,0.0
65,2,you,26.986862663457444
65,3,know,10.622707414468424
65,4,what,7.577333739395735
65,5,vapor,9.728781344773726
65,6,is?,9.183389462533007
66,1,If,0.0
66,2,you,44.0957077781793
66,3,breathe,51.900566653464594
66,4,into,41.16681571676153
66,5,the,55.51365798274048
66,6,"air,",52.83027012353346
66,7,when,37.686972589773184
66,8,it,45.682545778322655
66,9,is,45.09092563133724
66,10,cold,46.18934425388518
66,11,"enough,",35.38832496902822
66,12,you,29.16223492588178
66,13,will,27.454308154840867
66,14,see,23.047334418240556
66,15,it,28.288031031168266
66,16,coming,30.34261575030803
66,17,out,27.256489066286893
66,18,of,21.510057260535614
66,19,your,20.551837519109835
66,20,mouth,13.508689976478573
66,21,thick,6.559881904640753
66,22,and,14.57662804663337
66,23,fast,31.08378012957288
66,24,like,23.26669529181221
66,25,steam.,8.267438608317732
67,1,When,0.0
67,2,the,38.75424584218047
67,3,vapor,49.594140343412434
67,4,is,26.42171425807549
67,5,quite,36.99888496616171
67,6,near,47.18519173552794
67,7,the,28.780152249332183
67,8,"earth,",28.663419884972306
67,9,we,35.72266646557686
67,10,call,27.26349495155244
67,11,it,18.93693386365266
67,12,'fog'.,19.930512297565713
68,1,Into,0.0
68,2,vapor,118.57105839747547
68,3,the,112.97719197134796
68,4,water,166.04452745237964
68,5,drops,97.5931759966025
68,6,that,57.18747638054035
68,7,danced,76.25262380486136
68,8,in,48.87200909802797
68,9,the,62.129853951073244
68,10,ocean,60.20742121680441
68,11,had,58.70931456968601
68,12,been,94.39996878657054
68,13,"changed,",129.96764732490357
68,14,because,141.40864561243748
68,15,in,154.58483155500923
68,16,their,132.82195515417374
68,17,own,76.93519336511989
68,18,shape,130.1866588896188
68,19,they,102.32909209240158
68,20,were,45.88434058981663
68,21,too,32.32766177831986
68,22,heavy,40.11482763742799
68,23,for,34.9065115525416
68,24,the,28.055566467554605
68,25,sunbeams,31.388617092067204
68,26,that,15.374716389112116
68,27,the,19.16033688174513
68,28,sun,44.511511754141885
68,29,let,21.94177441295506
68,30,out,26.697116872232236
68,31,to,34.43724053115638
68,32,carry.,13.508872526657163
69,1,Higher,0.0
69,2,and,62.464186848489334
69,3,higher,119.55959266085559
69,4,they,83.48859812365734
69,5,"sailed,",67.24032254904522
69,6,and,48.943198736612864
69,7,though,48.42210506311063
69,8,it,77.10837335919801
69,9,was,82.46083908916435
69,10,"grand,",85.90330849431105
69,11,Aqua,94.3815320744154
69,12,and,71.24182745122728
69,13,his,63.82465191051259
69,14,friends,82.84699087523336
69,15,were,76.52327402041139
69,16,like,77.68508587802398
69,17,fish,74.89661636116581
69,18,out,48.74007535914098
69,19,of,49.15850491361741
69,20,"water,",43.024096338646416
69,21,so,20.72997456375931
69,22,they,13.185447452858549
69,23,grew,12.444182446947766
69,24,quite,10.46299801929456
69,25,dizzy.,5.5351030265021475
70,1,They,0.0
70,2,enjoyed,25.6842990864915
70,3,looking,62.44394517841339
70,4,down,78.73023579817222
70,5,on,73.29430998342988
70,6,the,70.72337366842012
70,7,world,79.54175966987421
70,8,"below,",97.19698343341948
70,9,while,113.66119681281928
70,10,the,156.51691423581798
70,11,wind,146.9901361670089
70,12,scattered,103.54452521684813
70,13,them,44.255181614896905
70,14,across,36.78773894199238
70,15,the,55.07320138479165
70,16,four,60.33615616437668
70,17,corners,76.89423139725065
70,18,of,61.41621314519657
70,19,the,64.59903750462196
70,20,"earth,",59.97210819053584
70,21,but,57.64274666112558
70,22,after,44.8570008275286
70,23,a,59.04484741155501
70,24,while,59.955112950968896
70,25,it,33.68284443621752
70,26,grew,32.27457937612671
70,27,nearly,24.527292370399433
70,28,time,24.204496208939123
70,29,for,21.178595882198568
70,30,the,36.29995537888274
70,31,sun,31.00172222136478
70,32,to,25.143249961680972
70,33,go,21.381799763002622
70,34,to,9.830692210523932
70,35,bed.,22.68169630624598
71,1,He,0.0
71,2,became,15.177712466076484
71,3,very,40.92875801936784
71,4,red,61.50575298866323
71,5,in,76.7673221315086
71,6,the,93.57342962556969
71,7,"face,",92.577922497593
71,8,and,39.07605479097808
71,9,began,42.80588673978109
71,10,to,35.742556474127454
71,11,sink,26.962783630484118
71,12,lower,20.61016517717598
71,13,and,26.02930625911604
71,14,"lower,",20.53964106845426
71,15,until,26.325532100667207
71,16,suddenly,19.949381642828016
71,17,he,24.402929501283907
71,18,went,13.12278994076368
71,19,clear,8.64018715053946
71,20,out,12.179997005499088
71,21,of,7.861847496586035
71,22,sight!,11.034882972010571
72,1,Poor,0.0
72,2,little,15.037798388224157
72,3,"Aqua,",11.419086665918076
72,4,frightened,42.01894641215873
72,5,by,56.80694343965768
72,6,the,77.51062633302345
72,7,impending,116.04021949354907
72,8,cold,111.25534088295392
72,9,and,99.2317819785341
72,10,"darkness,",95.18022070890083
72,11,wished,99.21873090309073
72,12,he,61.465880014939245
72,13,could,59.72228120439565
72,14,sleep,40.885837212100924
72,15,not,42.33026751494143
72,16,in,33.867751583292666
72,17,the,21.91992272393402
72,18,"sky,",39.73088006700377
72,19,but,44.24466088794893
72,20,somewhere,22.258243974266033
72,21,closer,11.506294204286263
72,22,to,11.33628071917005
72,23,earth.,13.879494792781935
73,1,Then,0.0
73,2,Aqua,28.11238042031918
73,3,heard,93.89406307294865
73,4,the,43.1325999458507
73,5,wind,28.977715255719023
73,6,blow,32.30175413981123
73,7,and,34.743846384256756
73,8,conjectured,46.772365139340465
73,9,that,30.32487920102238
73,10,maybe,66.23485710963561
73,11,the,47.01108866756697
73,12,wind,57.110205811632994
73,13,could,46.49606415432453
73,14,take,28.716912997859083
73,15,him,29.451552568313087
73,16,back,35.51667592233677
73,17,down,20.91076025409569
73,18,to,17.88876959686467
73,19,the,13.965900412830594
73,20,ocean.,7.089981499537112
74,1,"Indeed,",0.0
74,2,the,89.42204085426044
74,3,wind,119.57525546483497
74,4,took,253.70263168771874
74,5,pity,206.62237551058
74,6,on,188.35114437416567
74,7,him,171.39047538384358
74,8,and,168.53294752340133
74,9,fanned,179.46996544308976
74,10,"him,",153.43120357782928
74,11,together,214.18379328753431
74,12,with,217.4515370905196
74,13,all,220.3398980006085
74,14,of,244.7114044980087
74,15,his,248.2788647884184
74,16,brothers,169.40526958394912
74,17,and,222.75513652998302
74,18,"sisters,",224.95586041100574
74,19,into,186.96619801174873
74,20,a,187.9239392974398
74,21,heavy,167.51665491620668
74,22,gray,206.13539812152075
74,23,"cloud,",202.92535716363105
74,24,after,182.45199386625737
74,25,which,174.53976157850687
74,26,he,127.84578634640798
74,27,blew,103.82026121735815
74,28,them,134.55558997785693
74,29,apart,116.2426985380195
74,30,and,125.0957137191771
74,31,told,119.9882583002439
74,32,them,70.73822041472116
74,33,to,63.74634655424174
74,34,hurry,56.11937671924892
74,35,"down,",38.50631426608652
74,36,fast,35.660679812120115
74,37,and,60.48883041976736
74,38,furious,61.85095148123794
74,39,to,36.963727735226556
74,40,the,38.84380261518932
74,41,"earth,",51.562962785764995
74,42,so,31.310987939332797
74,43,they,22.00221128707741
74,44,could,23.16108759163303
74,45,have,21.633348253154097
74,46,a,27.078966424283166
74,47,fighting,32.26749759411117
74,48,chance,29.8213100987833
74,49,of,23.161056699921176
74,50,reaching,22.306181234643194
74,51,the,12.801604202676408
74,52,ocean.,8.645238895866868
75,1,Down,0.0
75,2,they,63.33588848162412
75,3,"went,",112.35644742235219
75,4,rolling,92.84644382589931
75,5,over,83.2247588510381
75,6,each,60.69386554563732
75,7,other,73.8352318807154
75,8,until,58.496007755491235
75,9,with,63.62204903853354
75,10,a,67.7130761989562
75,11,patter,63.678736928015034
75,12,and,49.51491292365681
75,13,clatter,52.836433121827135
75,14,and,33.21886185850489
75,15,spatter,46.63292930224453
75,16,they,33.3805714696837
75,17,touched,39.21497859272674
75,18,the,34.03960417227576
75,19,"ground,",49.94952821686041
75,20,and,31.736560502992095
75,21,all,33.588676410629155
75,22,the,47.82501083733524
75,23,people,44.576453676854186
75,24,that,50.743672919225226
75,25,the,79.18006824531115
75,26,raindrops,81.50094041010517
75,27,fell,73.44938837354806
75,28,on,52.46098418158445
75,29,"cried,",58.79675054938466
75,30,'It's,38.87021565696425
75,31,"raining',",54.20924517575727
75,32,and,20.45371133296608
75,33,took,22.536850996717753
75,34,out,29.5387438758186
75,35,their,31.74339579557594
75,36,umbrellas.,13.400164261609916
76,1,Some,0.0
76,2,of,43.47715635194733
76,3,the,92.78469517493353
76,4,drops,126.160531704265
76,5,that,111.98676452294715
76,6,were,141.39257692940208
76,7,the,111.96312206793304
76,8,most,99.62615814695002
76,9,"fortunate,",92.59763446110428
76,10,including,92.10414778668384
76,11,"Aqua,",167.44030356232142
76,12,fell,101.90804562841178
76,13,on,93.78981922878118
76,14,a,70.14429161562622
76,15,"mountainside,",80.33418938274245
76,16,and,54.880671568920384
76,17,down,57.271415985193705
76,18,the,34.79275034433466
76,19,rocky,30.57407986934379
76,20,cliff,12.874965930412545
76,21,they,9.507507543110501
76,22,ran.,15.439331190073563
77,1,Together,0.0
77,2,they,11.35164057369451
77,3,plunged,79.98433328826383
77,4,into,80.98734298740176
77,5,a,65.72958154044647
77,6,mountain,60.678995925643726
77,7,"brook,",60.4148398609816
77,8,which,40.84246520834947
77,9,came,63.791627027971984
77,10,foaming,57.7090904735441
77,11,and,42.2728545466039
77,12,dashing,57.60924388179389
77,13,"along,",34.71701752067878
77,14,leaping,31.36650792687903
77,15,over,27.416468789972008
77,16,rocks,27.39676400673639
77,17,and,34.62920584487932
77,18,rushing,32.03703444500656
77,19,down,28.66675785324724
77,20,the,26.829186475397986
77,21,"hillside,",34.263624000771095
77,22,until,22.83657391468096
77,23,in,21.546415338832592
77,24,the,30.811812476531696
77,25,valley,24.681442387419338
77,26,below,29.22688031288279
77,27,they,28.035610621895476
77,28,heard,22.484177512836553
77,29,the,13.988076129258387
77,30,strangest,20.282614208680034
77,31,clattering,20.084421233873925
77,32,noise.,11.530881704722647
78,1,The,0.0
78,2,little,42.14223251939504
78,3,water,37.7149715373163
78,4,drops,31.59816881556521
78,5,were,26.52879822373931
78,6,then,20.52094668329246
78,7,able,41.323910689452404
78,8,to,40.923906388786996
78,9,make,33.72137082878091
78,10,out,34.29311003930056
78,11,a,37.59732005467455
78,12,flour,51.71958251664695
78,13,mill,39.388749884656356
78,14,that,24.711004721752293
78,15,was,23.172082872459317
78,16,standing,19.70321011031071
78,17,on,19.726016615434396
78,18,the,16.87088676955578
78,19,bank.,8.683143936778476
79,1,Inside,0.0
79,2,the,21.623166810355066
79,3,"mill,",58.003404040000326
79,4,the,42.99509620485021
79,5,water,97.6509033492258
79,6,drops,52.54153180466158
79,7,saw,28.8702573137809
79,8,two,52.377381501693044
79,9,great,45.791014204325926
79,10,"stones,",32.744279130106314
79,11,which,31.04660843696045
79,12,the,28.25416717426109
79,13,big,47.63514409757017
79,14,wheel,41.595926812713415
79,15,kept,25.12426890629705
79,16,whizzing,22.06340960162212
79,17,round,14.286413640977571
79,18,and,11.77801801078539
79,19,round.,13.851709843574595
80,1,The,0.0
80,2,"stones,",42.095227597122424
80,3,smoothed,40.69789057264141
80,4,by,40.99806909145736
80,5,the,63.76628400850614
80,6,"spinning,",53.235068440591675
80,7,were,42.405976513625696
80,8,busy,31.11477666283716
80,9,grinding,26.280433649075068
80,10,the,22.75188830303274
80,11,wheat,29.60012762796937
80,12,into,17.939615564881898
80,13,flour,25.713583840825958
80,14,and,21.701055527905286
80,15,the,9.750911685325786
80,16,corn,27.729209706277818
80,17,into,23.94445047991888
80,18,golden,11.330453967113035
80,19,meal.,5.392095947995259
81,1,But,0.0
81,2,what,45.515758895325064
81,3,giant,40.28083677188272
81,4,do,42.009748092059986
81,5,you,78.26399633512798
81,6,suppose,84.3029263444643
81,7,it,100.87347573697932
81,8,was,120.49346808606909
81,9,who,72.23756791666553
81,10,could,45.36828317027093
81,11,turn,21.281571881012795
81,12,and,18.655524649940794
81,13,swing,24.755274259962935
81,14,that,11.467975040068243
81,15,tremendous,15.574495241470505
81,16,wheel?,9.488403646430973
82,1,No,0.0
82,2,giant,8.981083308996816
82,3,at,12.359749214465225
82,4,all.,15.574880705648438
83,1,It,0.0
83,2,was,41.39778704100908
83,3,just,17.01402076034214
83,4,our,21.741874567442753
83,5,tiny,27.98881191757016
83,6,little,53.76582513131529
83,7,water,45.014821932469246
83,8,"drops,",62.57208257226523
83,9,who,61.47758635803552
83,10,sprang,43.4052514375175
83,11,on,40.506133786539024
83,12,it,37.85468508339772
83,13,by,39.3386845096138
83,14,hundreds,31.841465405473826
83,15,and,40.36510938869273
83,16,"thousands,",53.45163011244535
83,17,and,19.569284479110344
83,18,whirled,25.75268996540758
83,19,it,16.31279483383656
83,20,over,11.406697245353776
83,21,and,15.493226430644805
83,22,over.,19.82205857859837
84,1,It,0.0
84,2,was,48.93428693961046
84,3,lucky,18.735651710943078
84,4,for,56.74721111329061
84,5,the,54.28697796684943
84,6,water,52.70302119205598
84,7,drops,45.67510598082898
84,8,that,39.746454342913616
84,9,the,58.707609017737404
84,10,brook,56.111298726384646
84,11,where,40.75699542030681
84,12,they,53.69586370683153
84,13,were,46.05723973622589
84,14,swimming,41.57012930759484
84,15,next,42.500081120611554
84,16,emptied,36.79533756546412
84,17,into,22.474010022130074
84,18,a,31.709477040597356
84,19,beautiful,41.828556436676244
84,20,pond,30.24251632256322
84,21,where,32.01347820704511
84,22,ducks,28.015017752497545
84,23,and,19.614806381548423
84,24,geese,56.61228713086367
84,25,were,22.864807235612382
84,26,living,7.149702779209946
84,27,peacefully.,14.266107988148995
85,1,Aqua,0.0
85,2,liked,33.55591199581328
85,3,to,76.94698965514257
85,4,play,90.51436595950567
85,5,hide-and-seek,82.26230541269604
85,6,in,133.71129790772076
85,7,this,149.4018922196861
85,8,"pond,",167.2624397927297
85,9,and,133.72380147639512
85,10,it,130.96844068361986
85,11,was,118.67083327246029
85,12,his,95.47893341958348
85,13,brother,111.63063764004842
85,14,water,138.54706025130474
85,15,drop,121.49806845274485
85,16,who,135.30605080743078
85,17,he,97.93653106088718
85,18,fooled,111.41437973255184
85,19,by,94.38887986119086
85,20,swimming,82.83535642088513
85,21,to,92.1250997021122
85,22,a,106.98525613536859
85,23,big,97.25934262279583
85,24,pool,74.19499217658542
85,25,of,72.77533621107784
85,26,water,83.62970038664882
85,27,and,94.87822725717034
85,28,pretending,91.85976596475045
85,29,to,69.04936353146236
85,30,hide,69.30456634055432
85,31,"there,",45.70628171665643
85,32,but,31.034687867974693
85,33,then,32.48172561053384
85,34,sneaking,27.33226206938957
85,35,under,46.55382690312717
85,36,a,52.07328798056177
85,37,rock,53.07864587707001
85,38,into,34.400386276193586
85,39,an,39.38456316990688
85,40,obscured,20.234826715632256
85,41,little,11.618893928332412
85,42,puddle.,4.39968536311265
86,1,His,0.0
86,2,brother,15.065903105097554
86,3,had,27.561800665291813
86,4,blatantly,92.93284171831736
86,5,peeked,176.38483299077325
86,6,and,124.30967092601394
86,7,even,137.96319471605543
86,8,followed,127.94555528799133
86,9,Aqua,93.76502001845736
86,10,as,138.78352736715195
86,11,he,97.04881152259465
86,12,entered,69.77279846983386
86,13,the,113.5707452893204
86,14,big,135.07988906400595
86,15,pool,112.68605853608884
86,16,of,92.89592839403207
86,17,"water,",93.52322479409511
86,18,so,63.7147338427452
86,19,when,44.33265012508649
86,20,he,34.92510328555866
86,21,searched,37.00837122821366
86,22,there,61.34581608865818
86,23,and,60.55845201728194
86,24,could,39.716086979289805
86,25,not,58.06981841905028
86,26,find,48.75177229693604
86,27,"him,",37.83377177807449
86,28,he,32.90463087913754
86,29,was,19.829036756014478
86,30,extremely,21.188967785034514
86,31,surprised,18.858410866696175
86,32,and,15.420345849903132
86,33,gave,24.716853227263314
86,34,up.,17.472625309307958
87,1,Aqua,0.0
87,2,liked,44.58902831735901
87,3,this,87.80622670115179
87,4,pond,93.98075883931799
87,5,where,251.33680669764215
87,6,he,339.0348274183159
87,7,could,259.98328262491214
87,8,play,319.0310946519048
87,9,all,268.0701765372779
87,10,"day,",336.84937232901945
87,11,so,283.3716057551485
87,12,he,262.19934925020095
87,13,stayed,229.20193302686894
87,14,a,204.41364256948927
87,15,good,211.24380456151758
87,16,"while,",181.75265745939225
87,17,sailing,119.2218937189968
87,18,up,103.4740218750315
87,19,and,86.91483838595538
87,20,"down,",130.13939779918772
87,21,taking,86.01201889990408
87,22,the,77.20962289942264
87,23,ducks',79.92329595754201
87,24,backs,65.558494876199
87,25,for,66.52294189443421
87,26,ships,64.50804423577286
87,27,and,57.34536023765072
87,28,the,53.75030924351541
87,29,frogs,65.96433248441637
87,30,for,50.45689664292789
87,31,"horses,",58.61519113059988
87,32,but,47.62452425487072
87,33,after,48.81511237861267
87,34,a,61.42776872400154
87,35,time,80.27898148996296
87,36,he,45.56633980986141
87,37,tired,49.10990311093371
87,38,of,47.64434979142507
87,39,the,55.6351222132627
87,40,dull,46.80643670829422
87,41,"life,",50.3067939366264
87,42,and,41.964220350273465
87,43,he,42.931423637713806
87,44,and,33.85289515221861
87,45,his,64.17127838578634
87,46,brothers,48.12289751534579
87,47,floated,39.72064668006972
87,48,under,29.968441228380527
87,49,a,31.706210751466624
87,50,bridge,34.884905549470815
87,51,for,24.127069469035867
87,52,a,25.830983288267326
87,53,long,33.55461224499108
87,54,"distance,",31.111414915273514
87,55,until,16.03085170267232
87,56,they,16.26734617719714
87,57,saw,19.882650006844568
87,58,another,21.261016283479986
87,59,brook,29.23763241897425
87,60,tumbling,17.570810092745656
87,61,down,8.736842975040506
87,62,a,3.8842421201495663
87,63,hillside.,11.706814248251256
88,1,"'Come,",0.0
88,2,let's,17.148472669203063
88,3,join,27.062940564927814
88,4,hands!',15.840336166418558
89,1,cried,0.0
89,2,Aqua,21.417919963092977
89,3,and,55.1177153963405
89,4,because,30.238931107729837
89,5,the,108.68621107370882
89,6,water,126.39392179251428
89,7,drops,85.93107922087647
89,8,were,53.347821470375884
89,9,all,58.789143068806396
89,10,"together,",68.26397824947128
89,11,overcoming,59.44328028524165
89,12,the,32.261340366641605
89,13,brook,29.384262980301806
89,14,was,22.189098983672668
89,15,child's,21.755420017764948
89,16,play.,19.166725532025648
90,1,It,0.0
90,2,was,61.563305950878565
90,3,by,24.962426674996582
90,4,the,101.47621542225626
90,5,help,101.03485978500005
90,6,of,73.39206904976392
90,7,Aqua,75.86860305581918
90,8,and,102.45723301189776
90,9,his,81.37575858110408
90,10,brothers,87.89232078621707
90,11,that,79.48048981860842
90,12,the,86.54445362535218
90,13,bewitching,93.36042687670164
90,14,river,70.83058782495064
90,15,was,100.15927254783432
90,16,able,106.29099579644367
90,17,to,117.49346872276051
90,18,float,95.92516988147551
90,19,heavy,132.3601940333666
90,20,"ships,",127.33244960640761
90,21,though,83.01060416237458
90,22,not,67.57193259563502
90,23,so,92.37008776288987
90,24,long,45.02483374125549
90,25,ago,30.46823020166738
90,26,it,31.90135440803583
90,27,was,25.669386986783135
90,28,only,10.886002856447803
90,29,a,17.149717264651695
90,30,little,15.114002307294719
90,31,stream.,11.261396519719801
91,1,As,0.0
91,2,the,43.1861094239616
91,3,river,68.6028722987709
91,4,grew,91.66703358556322
91,5,wider,47.755911690867244
91,6,and,40.97345631032708
91,7,he,52.95528018486202
91,8,could,33.97344390834137
91,9,almost,39.81370123623182
91,10,see,49.6282415363778
91,11,the,29.840818186267295
91,12,"ocean,",30.991602774280544
91,13,Aqua,31.379484103877953
91,14,realized,63.150361724053575
91,15,his,65.98960954853561
91,16,journey,53.02340730688517
91,17,was,43.795773861688545
91,18,almost,44.334404563103604
91,19,over,49.88739836634898
91,20,and,45.639313994176234
91,21,he,32.34634518346429
91,22,had,14.214181517461938
91,23,come,15.916341939305687
91,24,full,15.225626943119153
91,25,circle.,24.20826556210338
92,1,Back,0.0
92,2,in,15.284169726960561
92,3,the,38.51998620964842
92,4,"ocean,",21.945967067152253
92,5,he,25.330984936851966
92,6,felt,5.7277203674347525
92,7,right,9.077499846511476
92,8,at,15.71100633220057
92,9,home.,20.659624146766046
93,1,For,0.0
93,2,"him,",25.83924032044561
93,3,this,45.900130488974995
93,4,was,69.99514890573293
93,5,the,35.22668767655409
93,6,"safest,",74.34379971378999
93,7,sweetest,48.04690951780616
93,8,place,48.630753813198105
93,9,in,28.0178941408354
93,10,the,14.898667978880006
93,11,whole,9.72266545091579
93,12,wide,2.50594947560197
93,13,world.,0.812207741986511
94,1,During,0.0
94,2,the,63.200190042509746
94,3,warm,61.505651862864525
94,4,summer,368.78803790020766
94,5,"evenings,",299.96080253856593
94,6,if,168.36512599277614
94,7,you,140.16447324112718
94,8,take,143.00561803424824
94,9,a,109.88835398083597
94,10,walk,122.67993443335263
94,11,on,146.6862153057102
94,12,the,142.07347155062385
94,13,sea,134.0513430369026
94,14,"beach,",118.29991519365674
94,15,you,117.23963750755595
94,16,will,92.31303327089023
94,17,hear,75.39624049445626
94,18,the,105.92077020578384
94,19,gentle,93.82182313631493
94,20,rippling,96.81412571705377
94,21,swash,98.71259051914173
94,22,of,108.45168899565157
94,23,the,105.97076289665856
94,24,waves,107.81831103108003
94,25,and,99.67139272281032
94,26,some,86.21941153170532
94,27,say,80.2428881144635
94,28,that,94.48475395467578
94,29,it,79.61828016869657
94,30,must,66.06680542322792
94,31,be,50.84823727456042
94,32,the,46.65103780700833
94,33,gurgling,47.46859898993294
94,34,voices,41.32263646999216
94,35,of,44.517403250948874
94,36,Aqua,46.47592198696102
94,37,and,75.39901958898385
94,38,his,55.80374313537247
94,39,brother,52.55113130654021
94,40,water,56.05588150384676
94,41,drops,44.92599599704801
94,42,telling,27.75910417673079
94,43,each,36.53772187202732
94,44,other,65.2145207563317
94,45,about,42.08156459665836
94,46,their,40.28564485054446
94,47,wonderful,46.00576453743373
94,48,journey,17.31875671359631
94,49,around,17.32721429971514
94,50,the,8.845347495902624
94,51,world.,6.953903071578696
95,1,It,0.0
95,2,was,40.15259962809338
95,3,cold,17.193343630743772
95,4,and,30.96256324570838
95,5,nearly,26.745612968063735
95,6,dark,44.47790860681004
95,7,on,23.760800575735274
95,8,the,42.622318649625555
95,9,last,45.70882335151329
95,10,evening,52.46949136790287
95,11,of,37.81448069910552
95,12,the,47.66572261289358
95,13,old,57.617733461388426
95,14,"year,",58.81839490996105
95,15,and,27.519597670613937
95,16,the,21.581528950667927
95,17,snow,32.083815123400285
95,18,was,11.38504036766508
95,19,falling,6.618485670103944
95,20,fast,16.393623942799422
95,21,and,13.268920095055295
95,22,furious.,15.80063265980525
96,1,A,0.0
96,2,little,20.354474184580646
96,3,girl,35.71142284180273
96,4,no,30.193200576900114
96,5,one,69.3927315159437
96,6,sheltered,105.5222393664797
96,7,from,117.24970743572926
96,8,the,114.43554465673678
96,9,gelid,97.26698131822522
96,10,air,119.59701746154454
96,11,roamed,130.81994793915985
96,12,through,59.78010658712995
96,13,the,50.9442924657767
96,14,streets,52.128894088420424
96,15,with,42.71641431351357
96,16,a,40.98353870724259
96,17,bare,43.059678764439084
96,18,head,41.12586346591206
96,19,and,46.55631296608997
96,20,naked,42.56689444566693
96,21,"feet,",28.0971406076696
96,22,looking,26.99783371622779
96,23,as,19.648986678471502
96,24,poor,33.00397110290626
96,25,as,35.040721810326495
96,26,a,11.764840510626643
96,27,church,7.039029254807194
96,28,mouse.,6.134023433932346
97,1,It's,0.0
97,2,true,49.09803643701116
97,3,she,45.52358892145355
97,4,had,36.540148074278704
97,5,on,58.85686932076822
97,6,a,75.44871188528656
97,7,pair,76.95483963125855
97,8,of,69.94661127407582
97,9,slippers,75.52144094057932
97,10,her,63.43393200726268
97,11,mother,64.11302407832078
97,12,had,64.98942298760726
97,13,once,105.21095661582814
97,14,given,106.43326027519402
97,15,her,55.571503143479624
97,16,when,45.40090380759068
97,17,she,54.99554403765142
97,18,left,38.96254630590212
97,19,"home,",63.02687712734034
97,20,but,36.3389517409119
97,21,they,26.15846682075353
97,22,were,22.730037240807846
97,23,as,20.600316698163475
97,24,much,41.86394734903827
97,25,use,34.798936554911734
97,26,to,34.091647874500104
97,27,her,62.18155599901273
97,28,as,51.726266074178035
97,29,a,32.53119311341935
97,30,chocolate,28.223495948196337
97,31,teapot.,19.055111841284603
98,1,The,0.0
98,2,slippers,42.14307454645366
98,3,owned,59.49213402101104
98,4,by,51.64499200713257
98,5,her,41.58566604829114
98,6,mother,54.248312139351846
98,7,were,37.22919570504729
98,8,so,82.67171819625955
98,9,large,109.70851069093283
98,10,that,101.0879907292964
98,11,the,112.83292122898398
98,12,emaciated,134.27384593542166
98,13,little,143.04126075070894
98,14,creature,104.10659272502252
98,15,had,84.94552481489653
98,16,lost,71.15167470458861
98,17,them,59.66107567464129
98,18,while,81.63413620067986
98,19,running,50.831127107587044
98,20,across,45.8276476698426
98,21,the,37.42717993994176
98,22,street,43.60691451030091
98,23,to,41.16093621036998
98,24,avoid,40.8589008163705
98,25,two,25.76876649515144
98,26,carriages,39.22676682106266
98,27,that,27.4900779879784
98,28,were,37.86379642327079
98,29,rolling,30.09982317168114
98,30,along,32.52345024218642
98,31,at,10.999200836588834
98,32,a,38.97240483918163
98,33,terrible,19.443501437726642
98,34,rate.,1.7929800506305649
99,1,One,0.0
99,2,of,44.38999073172367
99,3,the,61.19738740773562
99,4,slippers,66.90356538418257
99,5,she,58.22903134733761
99,6,could,55.588517387129485
99,7,not,60.61389791255239
99,8,"find,",72.94924880825296
99,9,and,63.4555362098901
99,10,a,69.55829611824161
99,11,boy,105.46513476303517
99,12,seized,144.19791416069157
99,13,upon,66.2744303605948
99,14,the,54.516021537563454
99,15,"other,",59.51984257584817
99,16,saying,49.74860765767426
99,17,that,36.1184453137443
99,18,he,55.20761560795421
99,19,could,40.98627690752047
99,20,use,33.210194620832
99,21,it,41.33254314363415
99,22,as,31.02985410209171
99,23,a,39.61214427674399
99,24,home,31.1607655599786
99,25,for,23.330868864564795
99,26,his,34.15425430774767
99,27,little,11.228428999439522
99,28,pet,10.869161179921097
99,29,mouse.,6.593185317451178
100,1,So,0.0
100,2,with,131.0512422468257
100,3,her,137.01824498398756
100,4,naked,130.10691577988456
100,5,"feet,",93.50278052845644
100,6,which,92.91206346237071
100,7,were,143.1128904928974
100,8,quite,94.99589537913356
100,9,red,81.47875933467111
100,10,and,84.42093327224971
100,11,blue,77.08972562433026
100,12,with,61.371644013208126
100,13,the,45.983382646726106
100,14,"cold,",44.51523967695427
100,15,the,39.11854585659615
100,16,little,43.18574520770273
100,17,girl,52.22458514936917
100,18,went,39.90652283114441
100,19,"on,",35.91068692858925
100,20,wondering,31.70593561684645
100,21,how,49.73096034588658
100,22,she,32.14754964728667
100,23,would,40.37727244784175
100,24,get,11.386741023482596
100,25,through,7.758260302333772
100,26,this,13.235523755517502
100,27,dreadful,5.549620139165092
100,28,night.,2.8449367428573993
101,1,She,0.0
101,2,approached,18.498720843877834
101,3,an,19.33907244751744
101,4,old,38.94067056416683
101,5,hovel,27.630194553904285
101,6,she,76.36604739500129
101,7,had,76.43672848088758
101,8,used,94.71092906975173
101,9,as,127.15242788450419
101,10,a,123.51820126329847
101,11,shelter,97.43236327494792
101,12,a,107.78800949381584
101,13,few,102.80938434383914
101,14,times,55.604172150919936
101,15,"before,",73.4328630765746
101,16,and,24.0387100929869
101,17,found,25.885401307727072
101,18,the,21.511307375552445
101,19,entrance,12.762706403501369
101,20,was,12.968949565070508
101,21,locked.,4.616401179119816
102,1,Tough,0.0
102,2,luck,11.221013558988776
102,3,for,5.941715440074908
102,4,the,5.703149146986948
102,5,girl!,6.326123279068506
103,1,This,0.0
103,2,day,22.555227474636663
103,3,was,24.054323193980178
103,4,even,25.04801177740665
103,5,worse,21.354552439434624
103,6,than,27.99088168577763
103,7,the,6.09823931212684
103,8,others.,5.786558017210586
104,1,No,0.0
104,2,Good,13.305163987621016
104,3,Samaritan,10.926728541652597
104,4,had,37.23282299113664
104,5,given,38.21250066394527
104,6,her,15.453311912361722
104,7,even,10.30584507367059
104,8,a,22.10596044196028
104,9,penny.,8.939491691144926
105,1,And,0.0
105,2,she,13.28578223079938
105,3,had,22.170960446438457
105,4,no,26.32327242061752
105,5,luck,38.3367779071985
105,6,selling,54.39575836938136
105,7,any,58.03804753725952
105,8,matches,60.61608983143764
105,9,that,46.847574141463014
105,10,she,77.7594503163438
105,11,carried,55.22444198205583
105,12,in,55.02169903020765
105,13,the,57.80407803945949
105,14,old,73.66086288458054
105,15,apron,45.03300462624907
105,16,her,32.60796230587293
105,17,grandmother,25.782700620890125
105,18,had,11.35820846751843
105,19,given,9.453036469690195
105,20,her.,6.663520727320625
106,1,Poor,0.0
106,2,little,13.055059937430284
106,3,"child,",7.86105730214243
106,4,she,22.31478059425718
106,5,looked,14.862762099403954
106,6,the,10.886132165903419
106,7,picture,40.408105728590115
106,8,of,28.659491263780815
106,9,misery.,15.550010630410783
107,1,On,0.0
107,2,her,58.10981727332578
107,3,"long,",57.09954027529299
107,4,fair,102.88728698123518
107,5,"hair,",103.81425902284303
107,6,which,50.247573978823
107,7,hung,82.83031182577004
107,8,in,48.062421235026754
107,9,curls,40.41266095782111
107,10,on,28.123063638625478
107,11,her,26.663172052476742
107,12,"shoulders,",25.242347013402096
107,13,the,18.560775451979502
107,14,snowflakes,22.294634116578482
107,15,kept,18.570616245517293
107,16,"landing,",40.1449793885522
107,17,but,34.12359625313547
107,18,she,16.946983073169793
107,19,did,34.51977380008327
107,20,not,27.531262625010395
107,21,notice,24.590565319723186
107,22,them,15.779310205362302
107,23,as,24.762941483014544
107,24,she,21.819689894083947
107,25,shivered,17.839134608741805
107,26,along.,10.281008206032261
108,1,She,0.0
108,2,was,16.010082354889548
108,3,losing,19.52440611156673
108,4,strength,38.49371276404142
108,5,and,44.83559949993572
108,6,beginning,45.2393772719437
108,7,to,46.54980948514325
108,8,doubt,23.4939099009331
108,9,she,31.885806359480238
108,10,could,23.41648254834165
108,11,weather,17.82384680319143
108,12,this,7.301537497931405
108,13,storm.,7.764318025747282
109,1,It,0.0
109,2,was,61.61955115701674
109,3,New,36.55246891138651
109,4,"Year's,",103.52609589994697
109,5,and,99.86274642457475
109,6,the,105.77689958105708
109,7,girl,126.21948666905017
109,8,asked,92.22059517579123
109,9,herself,61.4324928509446
109,10,"why,",94.34403418109983
109,11,as,87.45285480833722
109,12,lights,108.12689460001762
109,13,shone,73.62333326046588
109,14,from,61.377411967352764
109,15,every,76.89625709490383
109,16,"window,",49.3183294014623
109,17,and,66.03080575677534
109,18,the,61.44049666554178
109,19,savory,43.00593644331675
109,20,smell,42.34334702126678
109,21,of,19.707639491236932
109,22,roast,35.34489069680824
109,23,goose,33.16152641134723
109,24,crept,37.310487421812304
109,25,out,21.247745666808328
109,26,on,23.947194265602068
109,27,the,21.703824470082008
109,28,"streets,",18.78863657747535
109,29,she,12.382239530828917
109,30,was,28.92812530118611
109,31,outside,17.247679863719537
109,32,all,14.531893970518409
109,33,alone.,12.916405045671915
110,1,"Exhausted,",0.0
110,2,she,26.435984346548178
110,3,finally,21.692521222072607
110,4,sat,12.958016318923834
110,5,down,15.56150740189807
110,6,in,20.450750416498945
110,7,a,23.435269062459735
110,8,corner,23.311460256951793
110,9,behind,25.929611571042205
110,10,the,20.959327262539347
110,11,little,6.72119786902958
110,12,bakery.,3.7909336829967217
111,1,She,0.0
111,2,put,18.557522400138435
111,3,a,42.39830436757072
111,4,rag,45.92940262408245
111,5,she,39.984642919104616
111,6,had,36.637619585620506
111,7,found,49.184686112030064
111,8,over,61.20857350331303
111,9,her,72.07428002069975
111,10,legs,100.4503581719165
111,11,to,68.06545437601407
111,12,cover,66.55447981497547
111,13,"herself,",45.15192340604936
111,14,but,29.090066706013474
111,15,she,24.22545048912892
111,16,could,24.93506783613106
111,17,not,18.56682685771782
111,18,keep,9.439956939179789
111,19,off,10.83052225024139
111,20,the,17.231133694367255
111,21,cold.,9.571287270218155
112,1,The,0.0
112,2,"girl,",42.069895240580934
112,3,who,50.52515604110739
112,4,the,43.28560757886116
112,5,night,63.041824977942255
112,6,air,72.9060612128989
112,7,had,74.6071746332519
112,8,completely,87.94088086161011
112,9,"enveloped,",78.03048241937007
112,10,dared,45.260473179846485
112,11,not,56.63776655675671
112,12,go,48.857083325698866
112,13,"home,",34.743861131769066
112,14,for,50.95275207739433
112,15,she,42.2005518255537
112,16,had,26.688456716079365
112,17,sold,13.145079276589234
112,18,no,15.528167185136263
112,19,matches.,12.747155639500955
113,1,Her,0.0
113,2,father,18.478666290926025
113,3,had,39.38148514400343
113,4,been,69.95406328233771
113,5,mean,61.67768060507777
113,6,and,35.753090196514485
113,7,moody,50.08677368291496
113,8,ever,57.31294408770285
113,9,since,55.07663007391492
113,10,his,58.57863785199418
113,11,wife,63.89415388334457
113,12,had,54.31914362406632
113,13,gone,27.069953501482047
113,14,to,16.237766476647295
113,15,meet,15.362700350944525
113,16,her,20.693053206003167
113,17,Maker.,12.666819441548956
114,1,He,0.0
114,2,would,14.849802088774211
114,3,certainly,34.8417055444936
114,4,beat,70.31989824191234
114,5,"her,",54.207202782350805
114,6,as,63.05682564871581
114,7,he,96.31643527069829
114,8,has,86.62450157433506
114,9,done,98.74607373544688
114,10,several,69.71446324453107
114,11,times,101.26965307969772
114,12,in,70.56743209737726
114,13,the,72.9561501280668
114,14,weeks,67.88976515505988
114,15,"past,",71.61824067669552
114,16,because,45.14055328903552
114,17,she,33.57767816310214
114,18,had,20.233968956191923
114,19,not,11.09608755955529
114,20,earned,14.852187138801918
114,21,any,10.398937271191782
114,22,money,12.337584040036486
114,23,today.,9.315548130878168
115,1,"Besides,",0.0
115,2,it,28.517981552391618
115,3,was,69.29575049912216
115,4,almost,41.1800638843228
115,5,as,45.770586277039094
115,6,cold,66.43716907296074
115,7,at,58.418344517945215
115,8,home,53.21193608612002
115,9,as,60.97525753958627
115,10,"outside,",68.45285888371197
115,11,for,31.161518193679978
115,12,they,28.23399025565319
115,13,had,39.94515178986121
115,14,only,31.914377020350486
115,15,a,27.18349257797203
115,16,patchy,46.675351746784905
115,17,roof,32.1199852649683
115,18,to,23.274845841200936
115,19,cover,19.669120775414758
115,20,them.,8.211254713994592
116,1,The,0.0
116,2,girl's,42.069895240580934
116,3,little,39.45685000540332
116,4,hands,22.33652160908335
116,5,were,24.372810469859026
116,6,almost,35.76962521050772
116,7,frozen,38.94617779261276
116,8,solid,34.93864038397338
116,9,so,43.83965622395644
116,10,she,56.89466895214906
116,11,decided,33.085672603270936
116,12,that,40.158350727938235
116,13,a,71.64856250791252
116,14,burning,64.02315824173941
116,15,match,30.246838687284942
116,16,might,32.843849044766955
116,17,be,16.54690583304982
116,18,of,26.076583644903288
116,19,some,20.473700510508877
116,20,good.,3.9407049351045145
117,1,'Scratch!',0.0
118,1,sounded,0.0
118,2,the,21.578535248664355
118,3,match,25.990886366809196
118,4,as,21.67515647778029
118,5,she,25.605166945124456
118,6,drew,14.58845699454911
118,7,it,13.026870304123024
118,8,out.,5.500724927360938
119,1,How,0.0
119,2,it,26.162416359334934
119,3,sputtered,22.221237166661087
119,4,as,12.412443666793685
119,5,it,20.9846234328562
119,6,burnt!,11.10081836694944
120,1,It,0.0
120,2,gave,41.39778704100908
120,3,a,53.2885739631016
120,4,"warm,",44.38936333901333
120,5,candle-like,49.67196111706665
120,6,bright,54.902568883729444
120,7,light,29.78019249602032
120,8,that,42.87208303408083
120,9,the,28.565818870694407
120,10,girl,51.09434543684534
120,11,hid,67.62897672567995
120,12,from,62.60556110204315
120,13,the,62.63495734413103
120,14,world,53.035125968238816
120,15,as,34.640566696327845
120,16,she,47.674593886483876
120,17,held,32.178308002718296
120,18,her,11.769221705507492
120,19,hand,18.29888657414105
120,20,over,10.588745094806399
120,21,it.,3.625342947985398
121,1,Why,0.0
121,2,had,17.96225054552725
121,3,no,48.48700821985854
121,4,one,58.153088108282866
121,5,wanted,43.737917479081425
121,6,to,17.19889772446206
121,7,buy,14.655606072734637
121,8,even,10.99576257387664
121,9,one,18.584363960873052
121,10,match?,17.66282944435197
122,1,A,0.0
122,2,wonderful,25.511122188101098
122,3,"light,",16.151270480219463
122,4,it,12.378565836296126
122,5,was,15.710349507615481
122,6,really.,12.80479641632654
123,1,It,0.0
123,2,seemed,43.499150869200875
123,3,to,47.65191137413339
123,4,the,59.015267406004675
123,5,girl,110.34686557544634
123,6,that,56.06679030427195
123,7,she,79.46006171933894
123,8,was,65.13597430591301
123,9,sitting,48.815669989362426
123,10,by,60.394251559872835
123,11,a,59.541818690958074
123,12,large,46.53669941965063
123,13,iron,42.242386487138006
123,14,"stove,",43.03799091374986
123,15,with,42.61816784834698
123,16,polished,32.05408443954997
123,17,brass,24.838167092211815
123,18,feet,21.813273922747005
123,19,and,10.504427136382828
123,20,a,8.724068264968151
123,21,brass,9.118000703365086
123,22,ornament.,10.323703882466786
124,1,How,0.0
124,2,the,16.805137511910207
124,3,fire,42.67839187311286
124,4,burned!,21.17186782415657
125,1,The,0.0
125,2,girl,40.083113133699975
125,3,was,51.18604271667574
125,4,pleased,47.51180415976415
125,5,and,45.70270885232716
125,6,the,53.86703416962564
125,7,fire,93.09407579746654
125,8,actually,64.50493556336718
125,9,seemed,67.64281389082475
125,10,so,60.45878521189537
125,11,warm,48.94570658762775
125,12,that,44.46292582223217
125,13,the,69.6518993958002
125,14,child,77.630463672162
125,15,stretched,55.309755351877534
125,16,out,48.378551832640824
125,17,her,46.33615500801976
125,18,feet,55.06431243998398
125,19,as,36.95836232797409
125,20,if,30.856766828160243
125,21,to,42.12089082678634
125,22,warm,44.36636404536886
125,23,"them,",45.06911203983241
125,24,when,25.445458443454207
125,25,suddenly,30.13833885295006
125,26,the,28.54494306833798
125,27,flame,25.638178875221666
125,28,of,10.408230035294526
125,29,the,27.517894795145335
125,30,match,21.040654353314046
125,31,went,12.634682585043912
125,32,out.,1.901809566440935
126,1,It,0.0
126,2,was,38.21637766884367
126,3,a,17.830884005422806
126,4,"short,",19.283495909925822
126,5,stubby,33.47858034081812
126,6,match,24.351314702292985
126,7,that,31.116992659293526
126,8,the,36.374210183637096
126,9,little,40.956099649219354
126,10,girl,55.844428646504916
126,11,next,27.869508068614582
126,12,rubbed,50.07856006023264
126,13,on,38.547774991704955
126,14,the,25.56007557438052
126,15,wall.,8.470171967766378
127,1,It,0.0
127,2,burst,45.84923738293167
127,3,into,48.34077756320532
127,4,a,27.073709774559543
127,5,"flame,",35.11122265234842
127,6,and,27.125763763496188
127,7,lo,22.096548110950366
127,8,and,27.79070355419743
127,9,"behold,",55.07905335246124
127,10,the,41.10288219819919
127,11,girl,54.50246044756894
127,12,was,43.84369704232978
127,13,transported,51.865488427059674
127,14,from,55.697839320033324
127,15,her,58.509544638927636
127,16,dank,57.10909111683034
127,17,city,38.375999980333546
127,18,to,30.83253517133319
127,19,a,25.722312513926404
127,20,"beautiful,",13.829060080797863
127,21,sunny,9.104269677716344
127,22,forest.,4.088235388556746
128,1,She,0.0
128,2,heard,18.557522400138435
128,3,the,30.38923947303501
128,4,birds,38.07914652034481
128,5,chirping,30.288832733790933
128,6,and,32.323947383017845
128,7,she,27.447651910304522
128,8,was,28.156137450230254
128,9,surrounded,33.24923545649979
128,10,by,31.06836727348882
128,11,wildflowers,20.46061445994135
128,12,and,16.304863477679973
128,13,birches,24.305011985183842
128,14,as,16.590125253255984
128,15,white,28.448177298552913
128,16,as,23.40664645476724
128,17,snow.,9.491410169875525
129,1,A,0.0
129,2,little,24.9996045085989
129,3,squirrel,29.546323608071038
129,4,hid,33.94561814732767
129,5,some,58.81649467365166
129,6,food,73.90539048330837
129,7,in,84.50702503554922
129,8,the,62.678377481526894
129,9,ground,42.93428485933163
129,10,and,45.57804576599673
129,11,scurried,32.98815469960906
129,12,off,18.761729966990274
129,13,into,6.14255393128984
129,14,the,10.46806058928391
129,15,underbrush.,8.191991692046871
130,1,The,0.0
130,2,girl,38.361863984583955
130,3,was,46.04994870372521
130,4,"curious,",32.375857336484394
130,5,so,49.63662177800205
130,6,she,49.049500181215265
130,7,dug,42.72699210645488
130,8,some,37.34672125339295
130,9,squirrel,48.44809542527432
130,10,food,35.33816571295613
130,11,up,30.270326110688217
130,12,to,27.421709101343797
130,13,see,35.38515335097234
130,14,what,25.22784711311219
130,15,it,35.37986135881396
130,16,"was,",38.823167287574464
130,17,but,28.604623961143524
130,18,then,29.084063673082937
130,19,she,21.08348811115914
130,20,forgot,22.133666965252353
130,21,to,19.88340597270981
130,22,put,25.34143462421622
130,23,it,6.658972032044762
130,24,back.,4.01570204045126
131,1,The,0.0
131,2,squirrel,42.14223251939504
131,3,came,30.581249847556094
131,4,back,33.72603860990798
131,5,and,21.3949816050515
131,6,looked,25.60152400861388
131,7,in,17.984482054873684
131,8,its,23.900450617222862
131,9,hiding,31.704033768199714
131,10,"place,",20.86643953492304
131,11,but,16.76532215237426
131,12,the,34.53590959934818
131,13,food,20.47255560235172
131,14,was,16.167917820381536
131,15,nowhere,7.490371093573463
131,16,to,16.764921213788593
131,17,be,23.815117822095104
131,18,found.,20.139913058022433
132,1,Then,0.0
132,2,the,25.95648846077543
132,3,match,59.33207871095087
132,4,went,41.528710725787555
132,5,"out,",43.35939845504036
132,6,and,28.07455984455493
132,7,it,38.915803936643876
132,8,wasn't,36.73387242789829
132,9,the,38.71218972068643
132,10,forest,46.65757140641678
132,11,that,42.57116406545943
132,12,remained,15.347354723281773
132,13,before,13.526217018648724
132,14,her,8.238338104841864
132,15,eyes.,16.241153990369533
133,1,It,0.0
133,2,was,23.64717421804998
133,3,only,7.994630723622746
133,4,the,22.825257434756356
133,5,"thick,",35.02066277977949
133,6,"damp,",27.250530340386785
133,7,cold,13.97158148550522
133,8,wall.,4.5927198701345615
134,1,The,0.0
134,2,girl,40.58702230072801
134,3,looked,50.01792348133408
134,4,despondently,24.739541974992605
134,5,into,34.084170122585164
134,6,the,31.27427560902179
134,7,sky,35.73164954938805
134,8,that,33.435958998342024
134,9,was,75.38247070351494
134,10,now,55.41270468263196
134,11,fully,42.734417973353835
134,12,darkened,44.98420992352458
134,13,and,52.817813506122796
134,14,suddenly,54.87378823204249
134,15,she,35.176953561594935
134,16,saw,37.278503217040985
134,17,a,34.70220740668238
134,18,star,29.015253199494413
134,19,"fall,",21.721949925885838
134,20,leaving,23.827697323125236
134,21,behind,24.919798678941678
134,22,it,23.672675969440878
134,23,a,26.846045164770977
134,24,bright,14.063016928131855
134,25,streak,9.34761115644045
134,26,of,12.820479732596072
134,27,fire.,1.9631018219818512
135,1,'Someone,0.0
135,2,is,31.33335130562786
135,3,"dying,'",43.98852406257798
135,4,thought,16.52707533855811
135,5,the,15.177442044855834
135,6,little,13.59174545594505
135,7,girl.,2.363712878531188
136,1,It,0.0
136,2,was,60.4959458472326
136,3,her,38.502226593189725
136,4,old,43.687905956106434
136,5,"grandmother,",62.027260108458144
136,6,the,57.33023849109096
136,7,one,58.8458424811255
136,8,who,54.93716732153412
136,9,had,49.78388312668189
136,10,loved,53.84391161816509
136,11,her,46.48853524831988
136,12,the,48.16811093734003
136,13,"most,",125.75616231193806
136,14,and,133.34839611225658
136,15,the,88.34374454582877
136,16,one,80.13557190772751
136,17,who,102.79142402362689
136,18,the,76.56603122918168
136,19,girl,143.0700253650137
136,20,used,83.67023815930972
136,21,to,63.20526920613768
136,22,visit,46.46697636312096
136,23,every,41.55733734551282
136,24,"Sunday,",49.3136554289598
136,25,who,58.71616691744
136,26,had,66.19288506616002
136,27,told,45.89113773113969
136,28,her,50.8458403201086
136,29,that,60.971933157940754
136,30,when,79.84540722924288
136,31,a,54.21004674121005
136,32,star,62.222314898366974
136,33,"falls,",61.60287641518137
136,34,a,32.49523233520008
136,35,soul,50.24031520919273
136,36,leaves,17.81309829865853
136,37,this,13.918554077871798
136,38,earth.,13.78778395117898
137,1,It,0.0
137,2,was,38.955927833055476
137,3,her,17.16012346190311
137,4,last,24.471661454043396
137,5,match,33.14685057280549
137,6,that,28.90605782432378
137,7,the,73.71287447979375
137,8,little,108.78184787413122
137,9,girl,102.99239607011914
137,10,now,75.36262717327574
137,11,rubbed,63.513901876122084
137,12,on,62.77799533635147
137,13,the,56.61113809596266
137,14,wall,45.76828570811416
137,15,and,35.56048944854866
137,16,the,28.613558588842835
137,17,light,33.15724067893014
137,18,again,11.045997967205713
137,19,shone,9.670550582807968
137,20,round,8.217430073877194
137,21,her.,5.701456684362458
138,1,Her,0.0
138,2,old,19.614857979030912
138,3,grandmother,16.752896061884123
138,4,in,22.074863420442355
138,5,the,30.679105224174616
138,6,brightness,28.92032774081382
138,7,"stood,",38.6475711952257
138,8,loving,15.88351849480394
138,9,in,18.12890542646585
138,10,her,16.970011598490444
138,11,appearance.,10.394037336327495
139,1,The,0.0
139,2,girl,32.55069403943827
139,3,understood,28.412295461714006
139,4,her,17.66991856317427
139,5,grandmother,32.24172445544082
139,6,would,43.340204847238766
139,7,soon,39.75162147566746
139,8,"disappear,",47.606312582014226
139,9,but,43.93550396110011
139,10,she,18.798835127173685
139,11,tried,15.29938449463661
139,12,to,15.249050990579677
139,13,play,8.52842490743241
139,14,for,15.117301912689593
139,15,time.,8.619752292217434
140,1,"'Grandmother,'",0.0
140,2,cried,23.58060454941521
140,3,the,14.877604804112693
140,4,little,20.90203598805067
140,5,"one,",14.383461155965955
140,6,'O,19.16346767004481
140,7,take,24.081896763934218
140,8,me,9.377609083191413
140,9,with,13.688330213990083
140,10,you!,12.520159453721114
141,1,I,0.0
141,2,know,16.792409419885153
141,3,you,17.194213862957138
141,4,will,26.216698813470135
141,5,go,26.352433970880472
141,6,away,21.3766118371432
141,7,when,23.72782088163618
141,8,the,35.249049871217345
141,9,match,32.12042288825957
141,10,burns,29.374419875747144
141,11,out!',15.372603482818796
142,1,The,0.0
142,2,girl,38.03382014874461
142,3,decided,37.257102469889546
142,4,to,37.23939487818273
142,5,light,35.54757058476813
142,6,the,51.707803854845984
142,7,whole,55.20497750157913
142,8,bundle,72.33100798268845
142,9,of,63.569523301185576
142,10,"matches,",79.10339893850012
142,11,in,50.576468354862186
142,12,order,46.866492963984186
142,13,to,40.73195798713926
142,14,keep,7.866040080243468
142,15,her,14.843052178186642
142,16,grandmother,12.854756666973753
142,17,there.,4.128748362125556
143,1,The,0.0
143,2,girl,42.14307454645366
143,3,saw,61.352030767738434
143,4,the,64.23838739201422
143,5,matches,91.81293747517978
143,6,glowed,140.7472147837618
143,7,with,63.70516378214661
143,8,a,61.6478075625882
143,9,light,55.578078384187414
143,10,that,48.32879621985031
143,11,was,59.90391242593716
143,12,brighter,57.19515437400547
143,13,than,65.86862641798135
143,14,the,61.65823143105699
143,15,"day,",55.95462321937923
143,16,and,70.47748577291529
143,17,her,71.11705924050149
143,18,grandmother,52.613953870922565
143,19,had,84.16440334828347
143,20,never,91.54011847241105
143,21,appeared,56.84033589211884
143,22,so,53.22723764054126
143,23,large,51.54062637775045
143,24,or,46.30745026517533
143,25,so,54.12581379864782
143,26,beautiful,51.225956928614735
143,27,as,32.12093136571576
143,28,she,45.02424849504352
143,29,did,51.709140246034515
143,30,in,64.26439082485936
143,31,the,28.49210459128834
143,32,light,49.68794323370964
143,33,of,31.232585979869512
143,34,the,18.96711141620534
143,35,little,13.40009225714306
143,36,matches.,8.863975911273961
144,1,The,0.0
144,2,grandmother,34.44936874635161
144,3,then,61.81632545096672
144,4,took,88.23396268832086
144,5,the,85.1827256087323
144,6,little,147.24102377015697
144,7,girl,114.93914666275036
144,8,in,94.95209982510869
144,9,her,107.63099225728315
144,10,"arms,",87.90107083353635
144,11,and,56.01745845673316
144,12,they,56.185757841153766
144,13,both,48.832924148810235
144,14,flew,44.804096147907295
144,15,upwards,36.59968975787729
144,16,in,33.38079672396067
144,17,brightness,34.91879818659972
144,18,and,43.15152835640466
144,19,joy,51.84280965533184
144,20,far,42.967528654288955
144,21,above,46.039111302972415
144,22,the,51.22545598077397
144,23,"earth,",46.65704995501936
144,24,where,50.79179469683255
144,25,there,55.78177685014595
144,26,was,48.44413825496278
144,27,neither,48.21216814147035
144,28,cold,73.01494324642859
144,29,nor,52.61307580274967
144,30,"hunger,",58.11768034430829
144,31,and,21.60851171184613
144,32,the,29.500027705774436
144,33,little,20.761721819433404
144,34,girl,40.88683169103062
144,35,felt,11.699986714243147
144,36,safe,5.6072448480412564
144,37,and,8.617089410263524
144,38,peaceful.,10.146594435331878
145,1,In,0.0
145,2,the,63.744700873753466
145,3,dawn,63.59727459371145
145,4,of,149.86731510910403
145,5,the,164.1219340863149
145,6,morning,138.33157673868934
145,7,there,45.86510819992727
145,8,lay,46.915014945220065
145,9,the,53.73128695193191
145,10,poor,61.90487574925598
145,11,little,64.31899544549529
145,12,"one,",71.19285216671939
145,13,not,60.290295399684595
145,14,"frowning,",59.28602051017559
145,15,but,57.65373639551137
145,16,smiling,42.04031228982771
145,17,and,47.14979676007579
145,18,with,45.77178647946597
145,19,a,38.82431565872994
145,20,pale,34.104208487669965
145,21,face,39.62818929066708
145,22,leaning,25.042194329879766
145,23,against,30.156848453502423
145,24,the,16.99208826970652
145,25,"wall,",19.690831476283293
145,26,frozen,16.27500317534271
145,27,and,17.763855545522766
145,28,stone,14.267960866583365
145,29,dead.,9.83174074919359
146,1,'She,0.0
146,2,tried,25.416584012852415
146,3,to,33.56532563819091
146,4,warm,28.430758831180036
146,5,"herself,'",16.98982671397105
146,6,said,24.22197430054727
146,7,some.,11.950729620862797
147,1,Children,0.0
147,2,who,27.75222673563315
147,3,saw,55.193307962770135
147,4,her,60.50184278836538
147,5,were,42.53251859640814
147,6,asking,42.36376956334685
147,7,their,53.236974696293835
147,8,parents,104.71519185921437
147,9,why,125.65079972062672
147,10,no,68.88468031875229
147,11,one,72.93411399101174
147,12,helped,55.58557562388648
147,13,the,54.86021506026676
147,14,girl,44.092382493624875
147,15,who,33.066371850277854
147,16,they,37.47137092507662
147,17,knew,39.861182120490696
147,18,looked,49.80815065264056
147,19,dirt,29.952090821639626
147,20,poor,31.66634517434024
147,21,and,22.279792306716974
147,22,helpless.,9.22893482380775
148,1,Passersby,0.0
148,2,who,18.708382829752875
148,3,saw,39.17980934450385
148,4,her,75.22954407433303
148,5,sitting,71.294388402023
148,6,motionless,53.03350890136408
148,7,wished,39.08128495537347
148,8,they,54.57144174292544
148,9,could,63.84290778291035
148,10,have,65.2668625622654
148,11,helped,59.28210949570798
148,12,the,60.899631264557065
148,13,"girl,",69.93898986290284
148,14,but,42.93953755345429
148,15,their,37.339887178795614
148,16,good,55.91274931350378
148,17,intentions,66.35419999865294
148,18,were,51.42440787605352
148,19,a,46.7463092517868
148,20,day,42.04126851336651
148,21,late,39.224477173036064
148,22,and,19.7460296601047
148,23,a,13.785087759511043
148,24,dollar,18.966314277290397
148,25,short.,16.739897688878173
149,1,Other,0.0
149,2,people,40.728925873885515
149,3,suspected,87.35424941537829
149,4,the,78.29279586191086
149,5,girl,101.74528984676776
149,6,had,104.28673044922395
149,7,fallen,88.31948828473372
149,8,asleep,97.36868085105583
149,9,and,123.12614823653041
149,10,"frozen,",127.88113075896077
149,11,but,113.414885754002
149,12,no,90.30532070341663
149,13,one,114.0387942678257
149,14,imagined,97.43139948417249
149,15,what,83.85942608355182
149,16,beautiful,72.05761687963162
149,17,things,115.50024470472185
149,18,she,104.44145025551508
149,19,had,59.97582447764701
149,20,"seen,",57.547554736825305
149,21,nor,75.53424883255438
149,22,into,64.10334523869552
149,23,what,88.22995454665117
149,24,glory,63.445311540326664
149,25,she,67.848681015015
149,26,had,45.60613362857033
149,27,entered,33.56551694739216
149,28,with,37.85062347662145
149,29,her,33.55374834657627
149,30,"grandmother,",29.04504488344121
149,31,on,29.778196691101638
149,32,New,22.856563960702555
149,33,Year's,40.48380196965509
149,34,day.,8.053649795528854
150,1,Once,0.0
150,2,upon,103.22235802818876
150,3,a,87.4460454992416
150,4,time,89.25525895875974
150,5,the,76.25779119558918
150,6,birds,150.9059706203904
150,7,took,77.11326695354566
150,8,it,63.97769849759347
150,9,into,56.75375470919064
150,10,their,39.7498646728889
150,11,heads,41.613616066770085
150,12,that,43.93521614813389
150,13,they,49.63947978569409
150,14,would,41.18774144783129
150,15,like,26.464823171366785
150,16,a,47.881769411686236
150,17,"master,",42.02731480847791
150,18,and,38.86026510624846
150,19,that,43.42773193474672
150,20,one,50.07054677584075
150,21,of,30.36490248758322
150,22,their,61.34690956510128
150,23,number,26.804927183108724
150,24,must,16.795847245586742
150,25,be,9.594835115963688
150,26,chosen,11.713621737966925
150,27,king.,7.3422294493438605
151,1,A,0.0
151,2,meeting,23.559449307497875
151,3,of,46.99272113543314
151,4,all,91.51394632458539
151,5,the,105.99472661526448
151,6,birds,150.27991662299718
151,7,was,95.43258271931475
151,8,called,70.1497417028364
151,9,and,80.47124695775094
151,10,though,86.6709761021124
151,11,they,103.52573980986836
151,12,understood,76.39391903238709
151,13,the,77.88819334710067
151,14,birds,92.44930492817994
151,15,who,102.8157582788541
151,16,were,86.6316275034909
151,17,from,73.73683854236498
151,18,the,82.66290184962835
151,19,most,82.05524672820711
151,20,distant,93.34057982081809
151,21,lands,70.30798018817286
151,22,would,52.32869299825547
151,23,be,71.40465856127237
151,24,unable,64.40843089549287
151,25,to,39.3810791359604
151,26,"come,",33.051397213378074
151,27,many,29.978446292222184
151,28,birds,31.200421668954306
151,29,came,22.178449731939917
151,30,from,26.72960791323468
151,31,faraway,27.185056373220664
151,32,meadows,10.128270589646544
151,33,and,15.643623858778065
151,34,woods.,7.364234451870732
152,1,The,0.0
152,2,"eagle,",32.55069403943827
152,3,who,36.68865371743753
152,4,already,38.68228348554525
152,5,thought,48.549840705490055
152,6,himself,53.64400706798675
152,7,the,44.673624863491916
152,8,de,84.93158278333036
152,9,facto,76.57523333289873
152,10,"king,",59.73096976791724
152,11,arrived,23.889585957219904
152,12,fashionably,15.185642021789695
152,13,late.,13.140345964697731
153,1,It,0.0
153,2,was,37.867123556638724
153,3,a,16.556344657449653
153,4,hawk,29.861183941825843
153,5,who,43.736515820476896
153,6,was,57.98764974125069
153,7,most,45.82933555057383
153,8,excited,53.09767872408871
153,9,about,67.37232955254147
153,10,the,69.69791266610795
153,11,"meeting,",73.52423565316018
153,12,because,53.50977254519651
153,13,he,38.72908731710334
153,14,was,18.012717156094265
153,15,the,20.172538123790478
153,16,dark,34.115213641375306
153,17,horse,31.054417086182877
153,18,for,19.700417918229373
153,19,king.,10.730603490271307
154,1,The,0.0
154,2,small,35.647642043834345
154,3,fry,113.46412576280522
154,4,came,101.0991716653943
154,5,"too,",91.63076588414926
154,6,and,108.04608476789141
154,7,the,107.7699707495148
154,8,"robin,",117.36113293143147
154,9,the,143.72246167303192
154,10,"bluebird,",144.3512612014635
154,11,the,87.38470479112367
154,12,"owl,",92.99300520519014
154,13,the,59.06252772251382
154,14,"lark,",57.47511994384816
154,15,and,50.04827497955835
154,16,the,50.329207091898894
154,17,"sparrow,",56.940251792877355
154,18,who,39.14036703683546
154,19,had,61.593040332355876
154,20,only,47.45516081378923
154,21,a,36.854642106485
154,22,chance,52.23800994311287
154,23,in,51.349013089672376
154,24,a,49.2067351907796
154,25,million,37.690192405966975
154,26,to,54.62474542229675
154,27,be,42.67554908588542
154,28,"king,",32.326328923524585
154,29,were,50.57128896834447
154,30,all,18.78539451640056
154,31,present,18.89790937171116
154,32,at,18.49783122935408
154,33,the,12.721396946029664
154,34,meeting.,7.87778006442269
155,1,The,0.0
155,2,"cuckoo,",42.14223251939504
155,3,who,72.48275825053847
155,4,was,48.673207644572265
155,5,almost,46.05626218683838
155,6,not,59.76151457464107
155,7,invited,70.43907809137666
155,8,because,83.08717788982739
155,9,his,73.02249174770651
155,10,call,73.85915397951982
155,11,so,66.82016067782014
155,12,annoyed,62.1358556296404
155,13,the,29.549910521233095
155,14,other,42.12663466036419
155,15,"birds,",39.69191185101031
155,16,came,8.075882873629142
155,17,too.,11.108139368098838
156,1,It,0.0
156,2,was,52.02993613102722
156,3,the,18.12893544281288
156,4,very,41.76052596890288
156,5,little,79.54463212410892
156,6,bird,70.30253831313425
156,7,who,88.26494226718607
156,8,had,114.91254851389853
156,9,no,153.81142626200977
156,10,name,118.57944977497637
156,11,at,73.89209751426655
156,12,"all,",69.4784330506084
156,13,"however,",79.80793954038036
156,14,that,93.01268793165079
156,15,would,61.348867490841116
156,16,end,53.61730882523211
156,17,up,72.63890959741971
156,18,overturning,68.9160198143101
156,19,the,34.76263858455123
156,20,balance,37.896865892313635
156,21,of,26.969347633200563
156,22,power,16.38708699376013
156,23,among,26.91124461537958
156,24,the,11.331790395250962
156,25,birds.,6.329451707680775
157,1,That,0.0
157,2,there,55.70688668236028
157,3,would,50.61935369070736
157,4,be,74.27862998393326
157,5,great,70.95720196846379
157,6,confusion,60.582229199205166
157,7,and,47.873071432114514
157,8,noise,65.67738050634335
157,9,among,61.76819713801867
157,10,the,72.29197789593634
157,11,birds,70.18815437187192
157,12,at,69.33506865681447
157,13,the,71.30124337251242
157,14,meeting,62.88208130044544
157,15,was,62.33327494452245
157,16,to,72.5377411040193
157,17,be,53.34478773941033
157,18,"expected,",69.67046277317772
157,19,given,61.55886965839956
157,20,the,40.95232039496014
157,21,sheer,52.72143915810218
157,22,numbers,30.669741053681403
157,23,of,44.19217722185694
157,24,birds,25.510222209607207
157,25,that,28.421810592666244
157,26,have,11.672961050111624
157,27,gathered.,2.285939720222106
158,1,There,0.0
158,2,was,43.5755386834081
158,3,"piping,",41.47267516650078
158,4,"hissing,",36.971363614440044
158,5,and,23.96345925608453
158,6,"clacking,",31.688930251800944
158,7,but,34.587284385800906
158,8,finally,41.02077441300692
158,9,it,29.53726682969395
158,10,was,31.244042305874327
158,11,decided,24.167957677845724
158,12,that,47.991430558871066
158,13,the,46.14517100446119
158,14,bird,37.50811764116889
158,15,that,33.93516843846559
158,16,could,40.7639968125256
158,17,fly,45.82300730382497
158,18,the,30.295588464916346
158,19,highest,32.10674169794295
158,20,should,28.851601651587835
158,21,be,13.956913877273855
158,22,king.,13.223527837304639
159,1,The,0.0
159,2,little,40.58702230072801
159,3,bird,48.896833245836156
159,4,lay,44.43435331254843
159,5,low,70.71044538858946
159,6,near,55.45668116240553
159,7,the,63.98962859011853
159,8,eagle,62.838346456296335
159,9,at,55.2505751328154
159,10,"first,",71.90071220574393
159,11,but,54.23874715224146
159,12,the,46.003441413252865
159,13,eagle,55.39701625323761
159,14,did,45.63413687567972
159,15,not,35.49266856313319
159,16,notice,29.70650050986537
159,17,the,31.693933141123217
159,18,bird,39.49058698210982
159,19,hopping,29.567370113957363
159,20,onto,22.126939014699516
159,21,his,27.841250996610352
159,22,back,24.54736830294453
159,23,right,14.559291166217722
159,24,as,26.443386877551195
159,25,the,27.825417370863004
159,26,competition,18.522489125698883
159,27,was,16.05453260924504
159,28,about,20.73005401033871
159,29,to,23.051317786178874
159,30,commence.,12.927097228154008
160,1,Into,0.0
160,2,the,32.39467413029794
160,3,air,41.95356067209251
160,4,in,23.848387728184033
160,5,a,23.862712464144035
160,6,great,20.445410054220016
160,7,flock,24.909011271395705
160,8,all,16.27918184587241
160,9,the,20.763600402052152
160,10,birds,25.18995156366108
160,11,flew,10.633409228398843
160,12,when,5.196787399868458
160,13,the,23.619345420467603
160,14,signal,24.924857086413432
160,15,was,6.144682559215955
160,16,given.,11.30515937184823
161,1,The,0.0
161,2,air,41.69775230133796
161,3,was,43.316742286077464
161,4,full,31.229317624259743
161,5,of,24.125222439859094
161,6,"dust,",25.776017649174946
161,7,and,16.882916235806285
161,8,it,21.88392759352386
161,9,seemed,15.512292760535843
161,10,as,13.793852518065036
161,11,if,34.00833737163469
161,12,a,33.759735901617795
161,13,black,47.2457831367339
161,14,cloud,15.595854315075858
161,15,were,10.553870315815763
161,16,floating,9.694306119102249
161,17,over,11.76812169103643
161,18,the,6.718901766950923
161,19,field.,11.283497109960491
162,1,You,0.0
162,2,could,20.821058988787822
162,3,hear,12.551380539223809
162,4,the,40.9734404879232
162,5,birds,47.25127710101788
162,6,chirping,40.419624363371895
162,7,and,27.05531554211916
162,8,flapping,35.91951049849177
162,9,from,21.534895209951536
162,10,fields,14.476865363606173
162,11,that,19.139675036555293
162,12,were,20.48576716448064
162,13,miles,12.550521438856244
162,14,away.,10.836850105872475
163,1,The,0.0
163,2,little,21.04069046496808
163,3,birds,21.540031084858587
163,4,that,26.458923048554958
163,5,soon,43.21346481242519
163,6,grew,47.84916498373133
163,7,tired,25.626267324576162
163,8,fell,24.07187815108435
163,9,back,14.184814368657955
163,10,quickly,9.844131516815365
163,11,to,11.721976222501983
163,12,earth.,9.328448740648545
164,1,The,0.0
164,2,fact,38.33215914112693
164,3,that,127.88028941983275
164,4,the,60.04554805012462
164,5,larger,85.66921430908914
164,6,ones,63.95322743016751
164,7,held,78.40279734126392
164,8,out,86.60102043904746
164,9,"longer,",74.3659459197416
164,10,and,73.65368940222173
164,11,flew,74.65946286255902
164,12,higher,62.892185711140264
164,13,and,51.56658855625723
164,14,"higher,",103.15191126866428
164,15,but,58.89394095508363
164,16,the,53.648199123603696
164,17,eagle,62.7292754460801
164,18,flew,38.0975362382406
164,19,highest,34.26211356313989
164,20,of,39.132768348870215
164,21,"any,",49.66507540467839
164,22,surprised,17.51068961900258
164,23,no,7.305544559670967
164,24,one.,18.100333132579184
165,1,Could,0.0
165,2,anyone,32.02740999489464
165,3,stop,30.224422307337747
165,4,the,24.01102380990305
165,5,eagle,40.43877669533728
165,6,that,21.53213622127073
165,7,seemed,57.64160465332819
165,8,to,51.42704570295679
165,9,be,46.62410237868031
165,10,flying,30.666006853502257
165,11,straight,12.385128113811604
165,12,into,18.509710355223632
165,13,the,10.8237807748654
165,14,sun?,6.999000269305622
166,1,The,0.0
166,2,other,38.361863984583955
166,3,birds,39.10663141449233
166,4,gave,74.54697932958871
166,5,out,34.42122197972007
166,6,one,37.08518431252081
166,7,by,30.812179208036827
166,8,one,55.958177584824604
166,9,and,49.81735305732727
166,10,when,32.411302788844566
166,11,the,40.44254926377094
166,12,eagle,44.67932282069766
166,13,saw,31.935688207536487
166,14,this,20.65003365785321
166,15,he,22.416460736043906
166,16,"thought,",20.071781872804188
166,17,'What,27.672750927246792
166,18,is,40.015444538921855
166,19,the,36.57897075532833
166,20,use,33.64439357091015
166,21,of,23.777061309647124
166,22,flying,11.45660966466983
166,23,any,10.646012209763468
166,24,higher?,11.975917528100934
167,1,This,0.0
167,2,victory,33.19797619939278
167,3,is,47.37066195380201
167,4,in,31.758866652809004
167,5,the,70.74340964724563
167,6,bag,45.51362115097484
167,7,and,34.376630060030394
167,8,I,21.170969343792805
167,9,am,18.999250186353276
167,10,king!',11.62298037518101
168,1,Then,0.0
168,2,the,26.746241048704686
168,3,birds,55.26100858931697
168,4,below,30.134412779251587
168,5,called,25.594471172084646
168,6,with,29.660786489370132
168,7,one,36.38787480718742
168,8,"accord,",40.050598523684485
168,9,'Come,21.48731719849058
168,10,"back,",17.05771321076781
168,11,come,16.215876870154393
168,12,back!,15.81581156032311
169,1,It,0.0
169,2,is,38.912489143031145
169,3,you,63.22535454398398
169,4,who,55.6806600160343
169,5,must,40.917775551249036
169,6,be,36.39113250256007
169,7,our,40.8383255859432
169,8,king,49.53313199176729
169,9,because,30.04864292447883
169,10,no,53.54300501079671
169,11,one,74.78104247194216
169,12,can,34.49674267889948
169,13,fly,11.167339020528713
169,14,as,12.05405016004574
169,15,high,32.49859520602541
169,16,as,24.80611650751172
169,17,you.',7.344299618956151
170,1,'Except,0.0
170,2,me!',5.689187466402917
171,1,cried,0.0
171,2,a,21.224116153488694
171,3,"shrill,",58.216757461493486
171,4,shrill,67.56900065690095
171,5,"voice,",32.166894804050415
171,6,and,23.701474644372194
171,7,out,25.478951113430703
171,8,of,41.94522183529144
171,9,the,41.87136732553143
171,10,blue,45.5945809519726
171,11,the,35.3805265877075
171,12,little,41.43920957841734
171,13,bird,41.47084062756402
171,14,without,61.21047214878289
171,15,a,98.745405109896
171,16,name,87.40767943750448
171,17,rose,81.01046966644593
171,18,from,61.01988961722493
171,19,the,56.167323020807785
171,20,eagle's,46.15679150671686
171,21,"back,",59.60799757201442
171,22,where,35.5040630586878
171,23,he,40.88543732019092
171,24,had,30.816535915544147
171,25,lain,32.35891914141296
171,26,hidden,25.51198749798289
171,27,in,14.345430335441867
171,28,the,13.054895041002084
171,29,feathers.,3.034914964329624
172,1,His,0.0
172,2,guile,14.174053360448891
172,3,was,95.39737855861374
172,4,the,59.76976905395189
172,5,ace,59.42456685300127
172,6,up,83.40700817822682
172,7,his,82.45374824446928
172,8,"sleeve,",85.23675292660495
172,9,and,89.88722778348142
172,10,he,115.32143107494943
172,11,laughed,94.33023377724665
172,12,to,51.941882475637996
172,13,himself,57.09210288555643
172,14,at,45.23498487803633
172,15,how,28.967189874490558
172,16,easy,42.13568593529645
172,17,it,44.31737159484263
172,18,had,22.704156732562396
172,19,been,33.226899295710304
172,20,to,12.2494879983137
172,21,outwit,30.17705144629253
172,22,the,10.39202973044301
172,23,other,8.886269508036873
172,24,birds.,5.114479514877329
173,1,Higher,0.0
173,2,and,95.87871534668132
173,3,higher,151.1482377651466
173,4,he,97.36182218293942
173,5,"mounted,",97.19633910041803
173,6,until,120.38778251133942
173,7,he,106.05825993019826
173,8,was,94.88725462651414
173,9,lost,90.57163308655527
173,10,to,48.90908064635205
173,11,"sight,",58.188608545078814
173,12,and,45.19913500847265
173,13,then,47.603895537839
173,14,folding,42.35506934800067
173,15,his,48.49617863577218
173,16,wings,40.571888343400026
173,17,"together,",38.98596103438866
173,18,he,46.939703914664676
173,19,sank,27.675203918483277
173,20,to,19.027918028170177
173,21,earth,39.41009985393013
173,22,crying,27.883281675420978
173,23,"shrilly,",19.742767409879036
173,24,'I,28.992934048863994
173,25,am,37.00524006638916
173,26,"king,",32.759034322518055
173,27,I,19.8675019355185
173,28,am,31.117487785924638
173,29,king!',13.933516197995175
174,1,The,0.0
174,2,eagle,38.01782163463075
174,3,tricked,48.43213612320485
174,4,by,50.15939916165624
174,5,the,56.254776628728145
174,6,little,67.58272762416222
174,7,bird,64.7407941186043
174,8,had,62.01927976949281
174,9,not,73.83977428648998
174,10,sensed,52.6797639781798
174,11,the,55.64485821562154
174,12,bird,65.09214727906303
174,13,in,48.24435806973885
174,14,his,53.79327132661853
174,15,feathers,38.030027071379834
174,16,and,36.5165164541716
174,17,so,31.10115030542665
174,18,had,23.582537118462955
174,19,not,32.734103819563686
174,20,at,26.835643736007277
174,21,all,53.5553634691094
174,22,expected,51.63025696356327
174,23,the,31.344770953645153
174,24,bird,67.93077508459088
174,25,to,41.16264596514462
174,26,come,16.524694808449443
174,27,flying,12.668784501209762
174,28,out,7.095678521419232
174,29,like,4.926113444666341
174,30,that.,10.32696382016401
175,1,The,0.0
175,2,birds,19.087864612673474
175,3,back,23.820833699758698
175,4,on,16.171284789230974
175,5,earth,36.868180731245744
175,6,were,39.29447310153915
175,7,all,14.911175108132678
175,8,up,6.6824765126336025
175,9,in,14.716475529578606
175,10,arms.,14.660433714422911
176,1,"'You,",0.0
176,2,and,22.695342428225196
176,3,not,34.90229124877425
176,4,the,36.29746129185438
176,5,"eagle,",23.510160283639152
176,6,our,8.938057893282515
176,7,king?',13.49576269629707
177,1,the,0.0
177,2,birds,22.228677824068015
177,3,"cried,",18.458801606820767
177,4,fuming,10.656188008038153
177,5,with,15.948771270783222
177,6,anger.,4.168824494722621
178,1,'You,0.0
178,2,have,54.753519431428586
178,3,done,115.8192871405977
178,4,this,162.89624469049284
178,5,by,167.3009792129789
178,6,breaking,156.69783155737576
178,7,every,102.03421192910209
178,8,rule,155.42439702595175
178,9,in,142.56318028215279
178,10,the,130.01060291566162
178,11,"book,",93.97733672853111
178,12,so,111.99469240720397
178,13,we,79.72536293048184
178,14,will,59.74292041236907
178,15,not,40.891383179638964
178,16,have,43.737571428490064
178,17,"you,",38.19133768280865
178,18,who,49.25438207054331
178,19,are,51.43153380520937
178,20,simply,39.29585076856389
178,21,tricky,30.1773956292598
178,22,and,36.43432536488282
178,23,"cunning,",43.20409913708377
178,24,to,99.12074171322092
178,25,reign,17.725260454623847
178,26,over,16.902884300295316
178,27,us.',9.075353938359791
179,1,The,0.0
179,2,bird,36.876299860210324
179,3,without,53.064462682831675
179,4,a,90.0470258074959
179,5,name,76.00364624103378
179,6,then,87.87737867553614
179,7,decided,59.304579029043204
179,8,to,44.94025730634382
179,9,clear,64.37427277627008
179,10,the,50.04932897523416
179,11,air,48.92961219318603
179,12,and,50.39592859971654
179,13,"said,",49.66586828769453
179,14,'Then,26.291899280953636
179,15,let,26.852874226342767
179,16,everyone,29.981664248853562
179,17,start,26.696021340730816
179,18,with,20.27099914806293
179,19,a,15.55839073767359
179,20,clean,21.247232664058636
179,21,slate,23.989760186668928
179,22,and,28.423769870082225
179,23,perform,31.024587165655785
179,24,a,20.422773322845018
179,25,new,14.098258393280636
179,26,challenging,16.83974884303924
179,27,task.,4.989858896337075
180,1,Then,0.0
180,2,we,27.045644957661146
180,3,can,31.151041440546045
180,4,decide,25.190790054326445
180,5,who,25.626961962502996
180,6,should,32.77965282270542
180,7,be,23.310626743034387
180,8,the,12.065740444261994
180,9,real,22.89519223417598
180,10,king.',9.855628094822169
181,1,Then,0.0
181,2,the,33.67764819540001
181,3,birds,92.16946782937744
181,4,gathered,96.75409224906504
181,5,together,26.48964190172147
181,6,again,35.25628950240325
181,7,and,36.97270026360255
181,8,decided,25.296127192205454
181,9,the,56.30797619410219
181,10,case,85.903338075327
181,11,would,51.9989666991384
181,12,be,49.26200074074279
181,13,resolved,42.360935633225935
181,14,by,35.950720964065766
181,15,making,43.2482114992749
181,16,a,42.987798980974105
181,17,new,36.77384356072025
181,18,"condition,",29.43385606948726
181,19,which,30.850321864310484
181,20,was,34.03492817897712
181,21,that,29.703025578906857
181,22,he,24.832011650405867
181,23,should,21.19439327335116
181,24,be,20.572547368957096
181,25,king,27.509117155359515
181,26,who,42.610375411176626
181,27,could,32.73110922540011
181,28,go,22.78853094274894
181,29,the,18.357420712159314
181,30,deepest,23.216170606197394
181,31,into,19.46877706552202
181,32,the,14.152913496199051
181,33,earth.,7.025290393366874
182,1,So,0.0
182,2,the,45.14922946980625
182,3,little,70.51938642209294
182,4,bird,57.5783908821597
182,5,who,49.7592966588972
182,6,the,54.74875585596499
182,7,other,45.52617846422759
182,8,birds,41.47889603695646
182,9,despised,46.73726016963334
182,10,was,45.8851523479287
182,11,now,19.16061847646363
182,12,back,16.94395866151413
182,13,to,20.088972178318407
182,14,square,33.89381043485984
182,15,one.,13.82525075384378
183,1,"Confident,",0.0
183,2,he,32.2672143480905
183,3,"remained,",38.480193551822396
183,4,"however,",25.70933116132458
183,5,that,43.41788562701518
183,6,if,40.12623417176816
183,7,he,48.76992707578184
183,8,played,66.0470499051103
183,9,his,65.76737773766997
183,10,cards,85.03311351518916
183,11,"right,",27.088106528254592
183,12,he,25.600221412016243
183,13,could,3.9291460879153868
183,14,be,4.810918785921322
183,15,king.,11.61510377668812
184,1,How,0.0
184,2,the,27.44473826622493
184,3,goose,89.70415293956856
184,4,wallowed,53.98567949701106
184,5,in,40.71691288572274
184,6,the,48.18098985814989
184,7,"sand,",58.42734368213426
184,8,and,67.15352617282512
184,9,the,63.099211804916855
184,10,duck,51.168335382942914
184,11,strove,39.66378615225351
184,12,to,25.50198560977401
184,13,dig,24.326992550344833
184,14,a,17.752174597411585
184,15,hole,24.123127793286283
184,16,for,21.8461141066695
184,17,the,9.617062986802162
184,18,new,18.943194832938286
184,19,task!,9.335827990172007
185,1,All,0.0
185,2,the,20.55539670006944
185,3,other,45.685812588775796
185,4,birds,29.897806615431172
185,5,tried,40.56630011112554
185,6,to,43.76793292320591
185,7,hide,33.47781347017793
185,8,themselves,42.003736438499075
185,9,in,53.054878433664385
185,10,the,49.65759299848297
185,11,"ground,",41.0202867562004
185,12,"too,",38.98698024657333
185,13,until,51.889187507361584
185,14,they,36.22127345047445
185,15,were,34.52720633130994
185,16,practically,12.963529991344712
185,17,blue,7.362439811523377
185,18,in,13.164039948669991
185,19,the,25.198808895235935
185,20,face.,13.401345750006644
186,1,The,0.0
186,2,nameless,41.43997094561271
186,3,little,72.54468920311416
186,4,bird,33.489875129430885
186,5,that,48.409925595741825
186,6,was,94.7890373983982
186,7,as,59.25082757134254
186,8,bold,89.5141802154949
186,9,as,82.4389642718358
186,10,brass,91.56892436255201
186,11,found,67.6773060433512
186,12,a,59.36379368763118
186,13,pitch,101.30203208139301
186,14,dark,87.54828823927497
186,15,mouse's,103.84099544574617
186,16,"hole,",84.35480009558283
186,17,and,106.70925966713382
186,18,creeping,113.20826725910796
186,19,in,48.67037672414774
186,20,"cried,",54.36881599725382
186,21,'I,25.52380735970585
186,22,am,38.793218320118996
186,23,"king,",39.95919500097067
186,24,I,28.133132903053255
186,25,am,36.89236492959465
186,26,king!',16.076264621518426
187,1,but,0.0
187,2,it,16.006631694982634
187,3,was,8.204778904451775
187,4,of,3.733760376514011
187,5,no,16.896128201019543
187,6,avail.,5.710721204513593
188,1,"'You,",0.0
188,2,our,12.14682918925224
188,3,king?',11.837399723646385
189,1,all,0.0
189,2,the,19.339914130610765
189,3,remaining,47.225053186414314
189,4,birds,46.53778024461998
189,5,who,43.9353270769437
189,6,the,82.97006630372236
189,7,littlest,92.06727092272054
189,8,bird,67.76960913206926
189,9,had,63.2517669515729
189,10,outwitted,71.7695458534451
189,11,cried,30.151644881924422
189,12,"again,",30.34928773125693
189,13,even,22.16604395690041
189,14,more,20.764147210141655
189,15,angrily,22.382642685640892
189,16,than,11.816052235356713
189,17,before.,12.997038851875446
190,1,'Do,0.0
190,2,you,34.89687035561905
190,3,think,15.733586535028014
190,4,we,5.382499017290849
190,5,would,29.671111854775646
190,6,reward,22.231322745255635
190,7,your,11.908924212452511
190,8,cunning,12.93189273469922
190,9,in,10.83204209586104
190,10,this,15.14028846618175
190,11,way?,8.916777278699932
191,1,"No,",0.0
191,2,no!,7.239597305319068
192,1,You,0.0
192,2,shall,14.881003869224346
192,3,stay,10.13785719282636
192,4,in,13.680437527057652
192,5,the,16.326265923160086
192,6,earth,19.664046565021533
192,7,till,15.048636304924905
192,8,you,28.663627468031898
192,9,die,17.011587528299902
192,10,of,7.960375928652327
192,11,hunger!',21.880526147527384
193,1,So,0.0
193,2,they,158.18364350874927
193,3,shut,104.67607096562261
193,4,up,120.44068041914386
193,5,the,123.18964010364533
193,6,little,151.24365924329013
193,7,bird,119.88210278292077
193,8,in,89.39359148415473
193,9,the,103.27463834629395
193,10,mouse's,98.81229359136981
193,11,hole,80.92538279777541
193,12,that,53.16886956655216
193,13,the,69.15564517656207
193,14,mouse,49.45301352989755
193,15,gave,51.21140517018114
193,16,up,39.639983624387106
193,17,most,27.44255658030741
193,18,"unwillingly,",34.85560071078741
193,19,and,27.817568727612567
193,20,bade,22.803383412847573
193,21,the,20.110256584580995
193,22,owl,35.12255607256414
193,23,watch,23.372842703109313
193,24,him,21.776716094662735
193,25,carefully,16.116594222952504
193,26,night,9.683816287896969
193,27,and,13.148668358345029
193,28,day.,17.41869387168969
194,1,Then,0.0
194,2,all,64.59413006567091
194,3,the,85.7027770673703
194,4,birds,143.3618154300338
194,5,went,137.46295153121318
194,6,home,129.66542186857706
194,7,to,107.68107429314502
194,8,"bed,",130.29641658356425
194,9,for,93.08750365244647
194,10,they,104.86680247715188
194,11,were,92.80494871181239
194,12,very,71.55863320973297
194,13,"tired,",80.11377792224488
194,14,but,53.07645804277272
194,15,the,50.85108964982064
194,16,owl,53.36410934529982
194,17,assigned,40.134181662047176
194,18,by,54.61053249655764
194,19,the,69.44267029025738
194,20,birds,54.951105010538356
194,21,to,54.17539145239036
194,22,stand,48.332102500321824
194,23,guard,41.341865635206815
194,24,found,43.688032363354814
194,25,his,26.46569942297293
194,26,job,30.794452741234085
194,27,was,34.31285996798203
194,28,lonely,36.66143271191776
194,29,and,29.93252795633772
194,30,wearisome,38.54255698702043
194,31,because,25.661526836818464
194,32,he,26.911459466049784
194,33,was,21.39070242947297
194,34,just,27.943276345198566
194,35,sitting,31.181839115511227
194,36,alone,29.492086611100245
194,37,staring,23.41900752237921
194,38,at,30.413266215220784
194,39,the,26.833757349675746
194,40,mouse's,11.234375218976236
194,41,hole.,7.225721140588901
195,1,'I,0.0
195,2,can,40.454609418175714
195,3,close,30.31736998703125
195,4,one,46.42734880863976
195,5,eye,45.789867595992625
195,6,and,46.85831738171446
195,7,watch,63.91311041306195
195,8,with,51.3239980841174
195,9,the,42.61186717794129
195,10,"other,'",37.90143598729501
195,11,he,14.769715492065002
195,12,thought.,3.5259934194346116
196,1,So,0.0
196,2,he,160.82492279175375
196,3,closed,85.30936331386863
196,4,one,150.93464907138707
196,5,eye,114.21260801797224
196,6,and,42.354934126641425
196,7,stared,36.88144695698534
196,8,steadfastly,34.566321506478566
196,9,with,37.60464139911744
196,10,the,43.679405971561515
196,11,"other,",50.052704908679274
196,12,but,26.244102013110663
196,13,before,25.981282081663085
196,14,he,34.55874483229264
196,15,knew,37.20854501723193
196,16,it,42.65249605841148
196,17,he,40.822192710383355
196,18,forgot,33.40875250385842
196,19,to,30.270455291156846
196,20,keep,32.5713651286956
196,21,that,23.883555471558726
196,22,one,33.59680327881303
196,23,"open,",20.32936701782263
196,24,and,17.614915372744967
196,25,both,17.014919371036513
196,26,eyes,22.31191914825574
196,27,were,5.555279771447878
196,28,fast,3.9374090711300664
196,29,asleep.,9.081773100445174
197,1,Then,0.0
197,2,the,33.35316784008655
197,3,little,89.28426761644607
197,4,bird,49.52425897685265
197,5,guarded,45.68100360989237
197,6,by,37.47298781996871
197,7,the,46.96971673605373
197,8,owl,54.59723673279774
197,9,peeped,50.133400200360015
197,10,"out,",47.65908803817124
197,11,and,21.470697053085175
197,12,when,22.446635414605254
197,13,he,27.14247613459812
197,14,saw,25.23933736000766
197,15,the,27.842146402784238
197,16,owl's,28.936451522791003
197,17,two,29.517813764565705
197,18,eyes,42.049166644624734
197,19,tight,35.21119995091329
197,20,"shut,",30.92331966399306
197,21,he,20.59558586389704
197,22,slipped,17.398213878996135
197,23,from,13.827376376020373
197,24,the,10.345601400161627
197,25,hole,8.961664158041149
197,26,and,11.375457128895873
197,27,flew,5.244236809286807
197,28,away.,4.342846061213818
198,1,He,0.0
198,2,wanted,14.715718910716738
198,3,to,38.11762626261415
198,4,"shout,",40.70916162764836
198,5,'I,28.4530668728061
198,6,am,38.18103067655112
198,7,king',37.25179972881549
198,8,so,39.61315488979612
198,9,that,38.468770894108715
198,10,the,57.483625603820556
198,11,owl,59.20607235412586
198,12,could,53.184669612686925
198,13,hear,36.79608044452453
198,14,him,35.38666806667198
198,15,as,37.64233269767282
198,16,he,60.99402613526192
198,17,"flew,",46.78064287930481
198,18,but,22.010288664566268
198,19,thought,14.968062744714233
198,20,better,22.738015773955347
198,21,of,16.17364589739262
198,22,it.,6.753231166572157
199,1,From,0.0
199,2,this,104.31511102626934
199,3,time,69.94933960684912
199,4,"on,",119.0716599941621
199,5,the,91.97871155234645
199,6,owl,111.14597986699268
199,7,fooled,85.79072073985432
199,8,by,75.68940779654449
199,9,the,100.76529486596829
199,10,little,124.21118076143108
199,11,bird,66.80570261231006
199,12,has,68.02259096795689
199,13,not,66.90732544087838
199,14,dared,59.179924455853985
199,15,to,45.81600526129677
199,16,show,41.2741419199891
199,17,himself,41.40881904013133
199,18,by,42.80937738565432
199,19,day,36.41836427849335
199,20,for,41.71749139511242
199,21,fear,62.16916587439445
199,22,the,40.77345127928498
199,23,birds,49.12874604611019
199,24,should,43.73863660303818
199,25,beat,25.362005404592427
199,26,the,23.23687656224995
199,27,living,22.370791809937167
199,28,daylights,16.74571186823083
199,29,out,21.18062515789706
199,30,of,19.731079278804955
199,31,him.,2.591649080500402
200,1,He,0.0
200,2,flies,14.858051752570798
200,3,about,35.42532488657822
200,4,only,54.40893224043745
200,5,at,63.576488082597564
200,6,"nighttime,",59.83555998514355
200,7,hating,47.35546143918815
200,8,and,57.09894745109547
200,9,pursuing,124.56419321050534
200,10,not,69.13157998819216
200,11,the,81.31435871095424
200,12,"bird,",79.83575816411405
200,13,but,60.09834990561855
200,14,the,44.85202263921456
200,15,mouse,46.64304459084201
200,16,for,34.83068588512655
200,17,having,41.544891670498316
200,18,made,49.31136775873368
200,19,the,30.519741972301517
200,20,hole,31.058578945408456
200,21,into,33.53139208531447
200,22,which,33.40781452122953
200,23,the,39.41747433026322
200,24,little,20.925773385549743
200,25,bird,21.223319404893754
200,26,crept.,5.60220535017953
201,1,And,0.0
201,2,the,14.528414669453863
201,3,little,41.0859205812405
201,4,bird,39.77573404525771
201,5,also,47.59457373419694
201,6,keeps,80.84804667123133
201,7,out,102.2864174353037
201,8,of,112.1324640971745
201,9,"sight,",95.28244840045225
201,10,for,89.70522920699766
201,11,he,125.37953062550756
201,12,fears,84.90115922437538
201,13,that,59.59697980445653
201,14,the,54.68588278242787
201,15,other,56.48017891826461
201,16,birds,38.7771433758402
201,17,should,26.7574242635727
201,18,punish,15.520403204376557
201,19,him,14.421898085304154
201,20,for,16.763285012500333
201,21,his,9.49199112256749
201,22,cunning.,7.047952164844801
202,1,The,0.0
202,2,rejection,41.27106472040853
202,3,by,38.06153274517404
202,4,the,75.59512828320271
202,5,other,55.02365808458363
202,6,birds,44.3469015104459
202,7,was,59.58350633962264
202,8,a,72.80765394395375
202,9,bitter,74.55345722811612
202,10,pill,60.916505342346476
202,11,to,51.539537577085675
202,12,swallow,33.80520854446255
202,13,for,30.829362510632482
202,14,the,30.590017523097078
202,15,nameless,38.09332090047229
202,16,bird,36.66967719473699
202,17,the,47.605631788690786
202,18,owl,30.38767116324179
202,19,had,24.636793670459205
202,20,let,15.266874119693894
202,21,slip,21.68539224291193
202,22,away.,10.87442153264617
203,1,He,0.0
203,2,hides,14.839949546671583
203,3,in,29.715170671243314
203,4,the,50.21070089847802
203,5,"hedges,",43.65590961580931
203,6,and,45.43264931119152
203,7,when,52.579263852356306
203,8,he,31.0366473523073
203,9,thinks,39.49017714745281
203,10,himself,53.51195216732223
203,11,quite,62.304930139868446
203,12,"safe,",53.103388892062654
203,13,he,38.09483430480422
203,14,sings,34.71300284366837
203,15,"out,",31.690849083734452
203,16,'I,30.51536720661586
203,17,am,25.28109703715619
203,18,"king,",32.40550250196157
203,19,I,16.585070215569292
203,20,am,36.88341449628663
203,21,king!',14.845919327159658
204,1,And,0.0
204,2,the,15.699572494270969
204,3,other,43.89253435375602
204,4,birds,36.894832710667295
204,5,in,91.2834627431357
204,6,mockery,161.01221877784937
204,7,call,148.2570277904635
204,8,"out,",89.77539056131305
204,9,"'Yes,",88.68168735908647
204,10,"yes,",83.81913244026383
204,11,the,52.825197323263616
204,12,"hedge-king,",49.06818721411874
204,13,the,22.34579343026751
204,14,hedge-king!',47.90096516927097
205,1,At,0.0
205,2,ten,32.43975009515848
205,3,years,71.07933991952294
205,4,"old,",77.18513540765352
205,5,I,30.768354244978664
205,6,could,51.99098825198223
205,7,not,47.086897029227785
205,8,figure,51.78016159959554
205,9,out,49.929721748882464
205,10,what,46.714260929733456
205,11,it,34.03929881707916
205,12,was,35.15068523247179
205,13,that,39.612462229669774
205,14,this,60.6497144174818
205,15,Elvis,83.85790352114374
205,16,Presley,81.70402418857171
205,17,guy,68.43855796734911
205,18,had,54.82541671412829
205,19,that,47.404456630687875
205,20,the,41.50291988499669
205,21,rest,50.54261070007936
205,22,of,58.970793616898305
205,23,us,72.70645486988823
205,24,boys,38.41125878583465
205,25,did,26.003519713860612
205,26,not,15.045262971373772
205,27,have.,6.834477298071458
206,1,He,0.0
206,2,seemed,13.961130583513492
206,3,to,14.877090232021311
206,4,be,32.10313197826905
206,5,no,21.16930579860667
206,6,different,71.82408765741779
206,7,from,30.581059527255082
206,8,the,23.4925822190535
206,9,rest,12.095002932217627
206,10,of,12.358482567616079
206,11,us.,9.69852150154574
207,1,He,0.0
207,2,was,14.856279643336308
207,3,simply,11.830780455379978
207,4,a,27.671329880285604
207,5,man,23.724268794960924
207,6,who,19.54311318044903
207,7,had,13.18551505547648
207,8,a,21.542711864428913
207,9,"head,",33.22955012880155
207,10,two,20.24521731486341
207,11,arms,23.15961321123947
207,12,and,16.411765851162315
207,13,two,7.793052598176331
207,14,legs.,1.999011081991884
208,1,It,0.0
208,2,must,51.52198468377331
208,3,have,63.36162809308286
208,4,been,71.93411708395162
208,5,something,86.33647947721269
208,6,pretty,71.60178262493855
208,7,superlative,58.141792975704796
208,8,that,94.02965247506238
208,9,he,73.46838222350067
208,10,had,55.314605520605845
208,11,hidden,75.33414538444032
208,12,"away,",101.56044805309995
208,13,because,95.21376141040705
208,14,he,54.271449674800856
208,15,had,51.189158913322395
208,16,every,35.509093572723366
208,17,young,53.74107330221179
208,18,girl,57.5767098054921
208,19,at,37.070123813282585
208,20,the,46.9196408808184
208,21,orphanage,47.56593996644274
208,22,wrapped,39.242450348951465
208,23,around,35.46366665307868
208,24,his,34.4662055898971
208,25,little,15.91372872271667
208,26,finger.,4.690186345840298
209,1,At,0.0
209,2,about,34.29778461374234
209,3,nine,111.02845517856028
209,4,o'clock,94.97664845671021
209,5,on,77.77188345812263
209,6,Saturday,89.70676122845154
209,7,"morning,",48.40959590500012
209,8,I,27.813848119437296
209,9,figured,27.840446784237088
209,10,a,26.845379157924672
209,11,good,44.08077598645742
209,12,solution,30.203987414753556
209,13,was,36.96996651337576
209,14,to,32.924096493624845
209,15,ask,27.89770823585921
209,16,Eugene,25.63658882037203
209,17,"Correthers,",24.241648094658988
209,18,who,28.440027879143948
209,19,was,33.297536698003285
209,20,one,34.754441353965326
209,21,of,58.20923455338378
209,22,the,67.53343154901481
209,23,older,47.553727983604006
209,24,and,37.563418555064665
209,25,smarter,96.85495975132861
209,26,"boys,",66.28639364577148
209,27,what,57.61831301067509
209,28,it,56.270821395426175
209,29,was,48.38165048705709
209,30,that,35.20478709407467
209,31,made,55.648880524362085
209,32,this,34.771905818635624
209,33,Elvis,20.89379399360542
209,34,guy,21.2213368903375
209,35,so,14.950080647534717
209,36,special.,2.4188082330187037
210,1,He,0.0
210,2,told,14.715718910716738
210,3,me,28.837162090336093
210,4,that,28.207063920907842
210,5,it,41.42310753074766
210,6,was,56.024204648195905
210,7,not,59.43584960282846
210,8,anything,53.87137638759462
210,9,about,48.561927474210044
210,10,Elvis's,40.17657443958028
210,11,"personality,",60.45424882551356
210,12,but,54.163293891759025
210,13,his,38.816718712089035
210,14,wavy,42.69930251270501
210,15,"hair,",42.791531691878866
210,16,and,23.45484521342142
210,17,the,28.84415584007584
210,18,way,14.157721130124404
210,19,he,27.54601330019032
210,20,moved,20.564212110201343
210,21,his,9.486123298567762
210,22,body.,11.971799485150603
211,1,About,0.0
211,2,a,65.15621889969403
211,3,half,117.23167677461282
211,4,an,125.43529324832741
211,5,hour,139.76912605866448
211,6,"later,",91.27481210178863
211,7,the,67.9568118175768
211,8,boys,101.22478022634785
211,9,in,55.28741416059551
211,10,the,79.36329998039726
211,11,orphanage,91.31816428453956
211,12,called,63.01216837561879
211,13,down,48.1143551155796
211,14,to,57.26129137728633
211,15,the,65.61054420010625
211,16,main,70.64204844728494
211,17,dining,81.72006870804468
211,18,room,66.2847948520534
211,19,by,58.73170056244858
211,20,the,48.32842417838083
211,21,matron,51.06095681099816
211,22,were,43.85434027466975
211,23,told,51.172701678483016
211,24,that,36.593668785006486
211,25,they,49.82918202405361
211,26,were,56.37186071910687
211,27,all,43.216398245258546
211,28,going,38.56687315182255
211,29,to,36.554724506848245
211,30,downtown,37.12723521004183
211,31,"Jacksonville,",40.71728284190258
211,32,Florida,27.603692844323916
211,33,to,45.028516260648054
211,34,get,51.419326519646795
211,35,a,47.400069235026294
211,36,new,45.639268332782436
211,37,pair,26.94203942710235
211,38,of,34.205832541614676
211,39,Buster,45.268520108344454
211,40,Brown,44.98264419347113
211,41,shoes,40.92988020885195
211,42,and,18.25322430295673
211,43,a,18.65106660787067
211,44,haircut.,13.88416439870539
212,1,That,0.0
212,2,is,26.230865454378332
212,3,when,40.979814164964175
212,4,I,82.50542696726174
212,5,got,62.351324953687126
212,6,this,60.52206382052323
212,7,big,57.91010740750822
212,8,"idea,",44.970169474886454
212,9,which,42.42743147830782
212,10,hit,16.565600161779813
212,11,me,29.52614862426796
212,12,like,22.13759378062601
212,13,a,32.17292544019641
212,14,ton,20.11233922998945
212,15,of,25.581830214800927
212,16,bricks.,3.689113197530567
213,1,If,0.0
213,2,the,37.94875615376666
213,3,Elvis,86.09638481730218
213,4,haircut,137.4290248576428
213,5,was,74.8954615836566
213,6,the,82.30873479502753
213,7,big,87.56492386311895
213,8,"secret,",72.09664498858324
213,9,then,65.61337699084211
213,10,Elvis's,47.65430829633846
213,11,haircut,50.285043881962146
213,12,I,24.700392145319835
213,13,was,27.195587032166728
213,14,going,27.266825560850975
213,15,to,20.24158966599816
213,16,get.,14.819844231293672
214,1,I,0.0
214,2,was,25.881721411069933
214,3,going,26.59480413324455
214,4,to,32.434454749338414
214,5,have,17.59512227641813
214,6,my,42.307170760878506
214,7,day,52.53181349501796
214,8,in,56.84237943297205
214,9,the,51.565575922408954
214,10,"sun,",34.51280747082742
214,11,and,54.830906894793955
214,12,all,44.55578974637471
214,13,the,50.87698301376924
214,14,way,71.27506486132869
214,15,to,49.98336889910538
214,16,town,34.30203690628275
214,17,that,20.2365063183548
214,18,was,36.15143804627811
214,19,all,24.247588687138343
214,20,I,13.2593048836364
214,21,talked,22.335863945411027
214,22,about.,6.603655047911217
215,1,The,0.0
215,2,fact,40.58702230072801
215,3,that,144.4897959784559
215,4,I,57.10057767464299
215,5,was,65.95184366325434
215,6,getting,68.59990938166185
215,7,an,58.62568886561722
215,8,Elvis,91.62326993432008
215,9,"haircut,",162.5687432879343
215,10,not,79.9216380447877
215,11,just,84.05950020862392
215,12,the,76.50786514881601
215,13,simple,88.36884317794772
215,14,fact,71.26845427818614
215,15,that,70.39157579527775
215,16,we,43.48487097771709
215,17,were,52.33021224999753
215,18,getting,41.07376845911318
215,19,out,46.514873832355896
215,20,of,42.595239422303585
215,21,the,49.8252282289016
215,22,"orphanage,",49.4224539756614
215,23,made,27.554229483801794
215,24,me,26.171653552887232
215,25,particularly,16.7833732821134
215,26,loquacious.,11.96633423021269
216,1,I,0.0
216,2,told,31.48348528052506
216,3,"everybody,",33.44066573353951
216,4,including,65.88225122754801
216,5,the,85.36659501249214
216,6,orphanage,111.0550932273871
216,7,matron,101.15461061686521
216,8,I,83.81328451418653
216,9,normally,99.19964220470617
216,10,"feared,",69.82346309692551
216,11,that,94.10035247904027
216,12,I,105.64533319711234
216,13,was,78.83682926931579
216,14,going,65.46525744873446
216,15,to,81.57243321110788
216,16,look,57.107689845186776
216,17,just,60.284983414543056
216,18,like,74.35658215233272
216,19,Elvis,66.86975273510969
216,20,Presley,91.30367457422172
216,21,and,82.76185722728181
216,22,that,85.796353945592
216,23,I,98.92673841449056
216,24,would,85.18554221160115
216,25,learn,65.54539745143123
216,26,to,62.50186747337145
216,27,move,71.52600526315057
216,28,around,52.75142710650035
216,29,just,52.1549002084945
216,30,like,55.10697802499701
216,31,he,68.07210055956534
216,32,did,78.8822983865162
216,33,and,52.58716447736297
216,34,that,44.071312490608875
216,35,I,46.93224623097531
216,36,would,42.17830096815905
216,37,be,38.55458676498949
216,38,rich,40.91612601190004
216,39,and,43.40094017642567
216,40,famous,46.79050538565227
216,41,one,64.00836974381244
216,42,"day,",57.32371248579145
216,43,just,21.288964013111702
216,44,like,15.20429081341022
216,45,him.,15.462013246329926
217,1,The,0.0
217,2,matron,34.99707983076259
217,3,understood,27.798057360365675
217,4,my,38.372811368241976
217,5,idea,34.512176810446704
217,6,was,60.31136993874301
217,7,something,72.10607428138209
217,8,that,65.57158658254365
217,9,I,53.515512982117016
217,10,was,32.95239985045999
217,11,really,26.480294042707797
217,12,excited,25.21166685633203
217,13,about,25.692776901397828
217,14,and,26.34057703547553
217,15,said,28.57122283430741
217,16,nothing.,11.7755445395055
218,1,When,0.0
218,2,I,40.851487590196385
218,3,got,17.436981133262062
218,4,my,33.76943911978381
218,5,new,30.317667688999894
218,6,Buster,36.86753175471271
218,7,Brown,41.52576363108237
218,8,"shoes,",38.856355811607365
218,9,I,29.29795512080149
218,10,was,12.31882529775748
218,11,smiling,16.429486072845048
218,12,from,11.677176343540658
218,13,ear,14.62402850481791
218,14,to,30.304517974116372
218,15,ear.,14.779659234019762
219,1,Those,0.0
219,2,"shoes,",135.0048509696427
219,3,they,107.51929365313138
219,4,shined,97.57065865209032
219,5,really,99.82691487116338
219,6,"brightly,",93.86358774721576
219,7,and,100.11148149286461
219,8,I,121.26246718355343
219,9,liked,91.31396764988453
219,10,looking,81.29263111077483
219,11,at,72.08148609377089
219,12,the,76.28792943532638
219,13,bones,90.97385785522596
219,14,in,83.35540168814772
219,15,my,97.54474035065735
219,16,"feet,",83.63384383566907
219,17,which,76.7089682460882
219,18,I,88.19049218150612
219,19,had,100.82199543917028
219,20,never,80.09058374001025
219,21,seen,69.43670051447197
219,22,"before,",65.13301706423142
219,23,through,50.71047448469207
219,24,a,44.9149989023422
219,25,special,50.53202545813947
219,26,x-ray,69.30752294804986
219,27,machine,50.69827226186878
219,28,they,37.19962077298516
219,29,had,54.23735015329188
219,30,in,41.6687964853211
219,31,the,58.82906656243407
219,32,shoe,56.060049498015964
219,33,store,39.52067581983056
219,34,that,42.12789511046345
219,35,made,45.71857484305962
219,36,the,34.00085756936408
219,37,bones,52.824956684601084
219,38,in,37.48666841640774
219,39,your,60.96209541709502
219,40,feet,70.15146561662021
219,41,look,12.915832693792012
219,42,green.,4.499098999456184
220,1,I,0.0
220,2,was,17.154955727209988
220,3,now,32.71194910047086
220,4,almost,43.961004086717516
220,5,ready,34.59297425982205
220,6,to,33.05037002549796
220,7,go,23.512360715665615
220,8,back,26.783561455924566
220,9,to,35.692440944644346
220,10,the,48.50004424681996
220,11,orphanage,97.35041010215878
220,12,and,70.78745749981931
220,13,practice,63.469141327443225
220,14,being,64.53686293862131
220,15,like,55.39838635302571
220,16,the,50.08614431240412
220,17,man,102.6141331282452
220,18,who,79.54194910876413
220,19,all,42.428538638120585
220,20,the,51.93638180403063
220,21,girls,91.72359614268788
220,22,"loved,",70.1514471902915
220,23,since,34.93004591645964
220,24,I,41.50150700452419
220,25,had,15.34843199036003
220,26,my,19.57163032246811
220,27,new,20.63166437902058
220,28,Buster,14.80480747170753
220,29,Brown,8.981238632843798
220,30,shoes.,7.140672056540369
221,1,It,0.0
221,2,was,38.21637766884367
221,3,the,17.830884005422806
221,4,new,25.55898564776682
221,5,"haircut,",37.28524639880734
221,6,"though,",33.78910258418756
221,7,that,33.08700104026186
221,8,I,24.78957353394643
221,9,needed,25.863941199688796
221,10,to,25.400147243948492
221,11,complete,18.759695218750085
221,12,my,33.8520800081981
221,13,new,12.550949561449663
221,14,look.,6.507903297849763
222,1,We,0.0
222,2,finally,31.405454688036794
222,3,arrived,57.44941214917984
222,4,at,39.14503926801361
222,5,the,43.44712611731487
222,6,"unassuming,",41.06428000428243
222,7,unembellished,73.06827868884572
222,8,"barbershop,",116.78361587776476
222,9,where,76.19024135483149
222,10,they,77.06592193558096
222,11,cut,45.72006439554766
222,12,our,39.487529539036274
222,13,hair,54.173586300989065
222,14,for,32.02580969632836
222,15,free,20.586503825568105
222,16,because,23.45007182419781
222,17,we,19.533901686210505
222,18,were,15.001597692863323
222,19,orphans.,6.004437224639273
223,1,Even,0.0
223,2,though,123.2297574647162
223,3,we,104.31493216431244
223,4,were,104.30644172480464
223,5,supposed,89.12385320661089
223,6,to,116.18494495804192
223,7,slowly,90.27199906481195
223,8,wait,77.11669663156917
223,9,to,91.17620541895981
223,10,be,98.8111585058741
223,11,"called,",112.45245260961273
223,12,I,109.12662751370867
223,13,ran,91.83387395516522
223,14,straight,61.76151733185916
223,15,up,46.44635082776829
223,16,to,40.5454802353774
223,17,one,39.82151049545521
223,18,of,36.86134691462238
223,19,the,56.78812496901328
223,20,barber,45.61255804049331
223,21,chairs,50.777584071361396
223,22,and,53.664457997953136
223,23,climbed,25.545952587506125
223,24,up,30.746188626485345
223,25,onto,24.08337336397886
223,26,the,29.042472743161653
223,27,board,22.450467983486238
223,28,the,24.80801498637339
223,29,barber,41.11013143891571
223,30,placed,40.87112466601214
223,31,across,30.340407589811193
223,32,the,32.00990330579633
223,33,arms,40.057842642542674
223,34,to,27.28305512425097
223,35,make,19.277046165495815
223,36,me,22.925789050871945
223,37,sit,17.93888076497524
223,38,up,11.57080113030562
223,39,higher.,7.539547916135512
224,1,I,0.0
224,2,looked,25.881721411069933
224,3,at,27.794758733122126
224,4,the,13.739112676069865
224,5,man,16.05862755378329
224,6,and,16.126257323477976
224,7,"said,",16.764487090612995
224,8,with,21.082132694389863
224,9,a,37.64625165558912
224,10,beaming,28.09276360620948
224,11,smile,28.553243499263317
224,12,on,22.16111757835994
224,13,my,41.35351363318879
224,14,"face,",30.237885367221267
224,15,'I,29.886875140168353
224,16,want,29.565433922525035
224,17,an,10.467010554583526
224,18,Elvis,18.38781205527039
224,19,haircut.,14.516824888942821
225,1,Can,0.0
225,2,you,28.418853504156708
225,3,make,21.51934569954341
225,4,my,27.90830271111766
225,5,hair,33.29051043279361
225,6,like,23.646000694431816
225,7,Elvis's?',20.141886042888164
226,1,I,0.0
226,2,asked.,8.624686413336232
227,1,The,0.0
227,2,"barber,",41.27106472040853
227,3,who,46.6057161434332
227,4,was,39.89098237132329
227,5,a,40.889236406199565
227,6,genial,35.06901054259005
227,7,young,49.13602362096844
227,8,"man,",39.857704072346635
227,9,grinned,71.54861006084069
227,10,back,45.92669449927064
227,11,at,39.432353226571045
227,12,me,23.390725125929638
227,13,and,33.74193969585013
227,14,said,17.99121102657351
227,15,that,33.81468417046244
227,16,he,35.46464917115246
227,17,would,10.261814653150912
227,18,try,11.143700748186415
227,19,his,11.06705283977928
227,20,best.,20.072888971818394
228,1,I,0.0
228,2,was,31.48348528052506
228,3,so,25.155345117914223
228,4,happy,61.77544035934241
228,5,when,44.53089336585316
228,6,he,47.77139769668153
228,7,started,41.8369120632836
228,8,to,35.81529279568722
228,9,cut,39.881055704698134
228,10,my,54.34716535931068
228,11,"hair,",67.07130178339557
228,12,but,66.8511271860039
228,13,just,75.73721054633447
228,14,as,73.84610737562535
228,15,he,92.45231204483028
228,16,started,79.40662275411489
228,17,to,44.25182683531785
228,18,"cut,",50.01111907374402
228,19,the,41.32228545340175
228,20,"matron,",70.97652490721883
228,21,who,98.7980677884297
228,22,had,157.76132084749875
228,23,been,116.64257686139314
228,24,watching,115.19283758310749
228,25,me,110.93883226747324
228,26,and,121.06834782878047
228,27,had,124.61706377306828
228,28,a,117.4544604348094
228,29,look,114.26237422919363
228,30,as,105.6625088249822
228,31,cold,137.40188380255782
228,32,as,119.45060252548092
228,33,"ice,",105.67746020122846
228,34,motioned,76.48706178340234
228,35,for,36.2110154485235
228,36,him,39.82062960837917
228,37,to,39.781479953376284
228,38,come,37.764497733312254
228,39,over,24.70635956171827
228,40,to,40.12457585324228
228,41,where,28.605002491599038
228,42,she,30.591974690198597
228,43,was,10.18155947313542
228,44,standing.,6.281332948839243
229,1,She,0.0
229,2,whispered,18.283631085541565
229,3,something,19.553960298221597
229,4,into,22.291183886628197
229,5,his,29.907169350944145
229,6,ear,19.24574313832167
229,7,that,11.237900707459648
229,8,caused,24.13125129168509
229,9,the,39.30843826477186
229,10,barber,39.6574737440319
229,11,to,31.627822537179263
229,12,shake,31.181380813993428
229,13,his,21.62649269684878
229,14,"head,",35.38965491086734
229,15,like,26.457341528344372
229,16,he,37.294106558018825
229,17,was,46.09932485829442
229,18,telling,20.7524959337404
229,19,"her,",33.87875264434836
229,20,'No'.,19.558173597054967
230,1,In,0.0
230,2,"response,",58.828280988680596
230,3,the,87.05810354575976
230,4,matron,128.81861162846695
230,5,walked,73.85760510376613
230,6,over,56.23145285756609
230,7,to,40.485994188166366
230,8,a,28.046164691979886
230,9,little,32.937112828572744
230,10,man,29.33599303964077
230,11,sitting,24.358179862754465
230,12,in,45.1484997904143
230,13,an,34.39462787246053
230,14,office,38.82296146733704
230,15,chair,35.62151125783623
230,16,that,33.895472004932714
230,17,squeaked,51.88662810454711
230,18,as,52.14000408167484
230,19,it,40.13768819481779
230,20,rolled,57.04644045985645
230,21,around,28.500766948953505
230,22,the,22.582489455022998
230,23,floor,21.141197123445075
230,24,and,16.325504830062066
230,25,spoke,14.921549303174892
230,26,to,12.876784114202286
230,27,him.,17.36550250860956
231,1,It,0.0
231,2,was,37.867123556638724
231,3,the,16.556344657449653
231,4,little,30.207799840166558
231,5,man,25.358037678845697
231,6,who,20.88705629916052
231,7,then,38.524891842781635
231,8,walked,50.62912299320697
231,9,over,61.14190812633306
231,10,and,39.774424225388735
231,11,said,41.04674908175372
231,12,something,29.462975269022433
231,13,to,26.35421601211305
231,14,the,30.351592083800174
231,15,man,21.508174829805053
231,16,who,17.90515908800659
231,17,was,11.874293581645379
231,18,cutting,13.17648923666378
231,19,my,12.25379654530432
231,20,hair.,10.112917419562033
232,1,The,0.0
232,2,next,38.33215914112693
232,3,thing,68.09971847954547
232,4,I,60.57301849635556
232,5,"knew,",59.78550065099161
232,6,the,45.720369406778964
232,7,man,71.40852967576498
232,8,who,46.72808093960884
232,9,was,49.73241164298371
232,10,cutting,48.89949484934091
232,11,my,58.43266228860786
232,12,hair,62.68866346290536
232,13,told,68.16777532515792
232,14,me,64.57853450690801
232,15,that,56.37260250177788
232,16,he,56.585944013472464
232,17,was,41.66069083549678
232,18,no,51.44788643160136
232,19,longer,66.75997720333866
232,20,allowed,52.587968173788276
232,21,to,32.65517640204466
232,22,give,10.852160501066923
232,23,me,12.611617527182002
232,24,an,14.545189815566975
232,25,Elvis,14.383181453728422
232,26,cut.,12.939946973803462
233,1,'Why,0.0
233,2,not?',21.11127076902097
233,3,I,14.989926071451915
233,4,cried,13.20235688651885
233,5,desperately.,6.277236826287017
234,1,The,0.0
234,2,kindly,40.58702230072801
234,3,barber,41.550355602311896
234,4,stopped,28.093979308572766
234,5,by,60.700865239527445
234,6,the,53.8261834745315
234,7,matron,69.4518106522028
234,8,did,60.50250698536301
234,9,not,71.56517113020553
234,10,"answer,",59.112220733619424
234,11,but,34.38506391724605
234,12,from,30.942166834242318
234,13,his,42.99660337481105
234,14,"expression,",49.47098150333777
234,15,I,42.07614517610462
234,16,could,34.40290814916897
234,17,tell,60.13366155547635
234,18,that,44.02395644425669
234,19,he,46.652291023087336
234,20,wished,44.509855072138414
234,21,he,41.51577556665086
234,22,could,26.259562640735034
234,23,cut,12.10893366129896
234,24,it,18.107803493795828
234,25,as,27.660284662684305
234,26,I,23.43529311047134
234,27,had,16.00900254166189
234,28,asked.,6.416263506243541
235,1,Within,0.0
235,2,a,48.14430595872085
235,3,few,104.52647632831851
235,4,"minutes,",46.712403517104136
235,5,it,32.22636898445854
235,6,wasn't,39.642368034854336
235,7,an,41.212985061324936
235,8,Elvis,65.7924623532029
235,9,"haircut,",135.01437020936797
235,10,but,57.84787797904195
235,11,a,37.87600289191578
235,12,short,58.551072558705215
235,13,buzz,49.77418048895732
235,14,cut,42.43483849160867
235,15,that,24.152847712097547
235,16,the,26.673717179463313
235,17,barber,39.21716276701824
235,18,had,21.756732840612237
235,19,given,9.77327882784929
235,20,me.,7.5128758311191035
236,1,When,0.0
236,2,he,88.96626206397228
236,3,finished,52.16477190516487
236,4,shaving,81.54707909876106
236,5,off,133.097655554275
236,6,all,81.58113579121552
236,7,my,129.2929218933509
236,8,hair,101.79242650775093
236,9,and,67.60017939167587
236,10,made,54.407135537683885
236,11,me,39.30636011241016
236,12,smell,49.23516637372
236,13,real,40.88903277874094
236,14,good,36.09300049129806
236,15,with,46.96877908664123
236,16,his,38.00662298431982
236,17,"powder,",36.314453263750956
236,18,the,48.54175485516841
236,19,barber,54.641598367717926
236,20,handed,40.80743277232534
236,21,me,38.52043675044911
236,22,a,31.447093321645863
236,23,nickel,29.50552977474084
236,24,and,29.962901694068528
236,25,told,29.390451496521298
236,26,me,31.79780624444001
236,27,to,28.41326206333089
236,28,go,17.781355603211914
236,29,outside,12.706714140846952
236,30,to,13.021033035595632
236,31,the,18.38490904589925
236,32,snack,22.98027379019492
236,33,machine,17.48808139240835
236,34,and,15.287487750622454
236,35,buy,13.088106894212851
236,36,myself,9.502515872968967
236,37,a,8.796172648369854
236,38,candy,6.230270110363374
236,39,bar.,9.308915552640958
237,1,I,0.0
237,2,handed,17.765950923693648
237,3,him,18.96885863766919
237,4,the,17.9038518586263
237,5,nickel,20.333751994978186
237,6,back,20.510633915616122
237,7,and,16.166953922116946
237,8,told,12.006994438397626
237,9,him,27.826114868001408
237,10,that,35.70597486138002
237,11,I,31.083791548280367
237,12,was,10.436418424414798
237,13,not,12.006670728083883
237,14,hungry.,3.6925242313498883
238,1,'I'm,0.0
238,2,so,45.2726634821223
238,3,"sorry,",51.28666838983437
238,4,"baby,'",26.781059452319813
238,5,he,32.91652134578494
238,6,"said,",26.551736581780787
238,7,as,25.611721461922812
238,8,I,51.55342874478285
238,9,climbed,36.73808258468924
238,10,out,20.933115281919413
238,11,of,24.098028689558642
238,12,his,4.8992827302594515
238,13,barber,16.44607189629088
238,14,chair.,11.33379372138749
239,1,'I,0.0
239,2,am,50.67322140868001
239,3,not,47.65397379008254
239,4,a,30.853966176682263
239,5,"baby,'",43.37462081145088
239,6,I,50.52160494333237
239,7,"said,",65.58550204279025
239,8,as,56.65110961574558
239,9,I,57.29525313531751
239,10,wiped,41.33979358822922
239,11,the,17.766209193265126
239,12,tears,33.31449317832389
239,13,from,33.163397250715846
239,14,my,4.506634318364702
239,15,eyes.,0.7479435587509254
240,1,I,0.0
240,2,then,25.801910454179936
240,3,sat,44.0653287627309
240,4,down,32.66755625069955
240,5,on,19.4912512961334
240,6,the,38.5198518911981
240,7,floor,25.59676180901149
240,8,and,35.99438073778778
240,9,brushed,19.028504198788898
240,10,away,31.15379066921141
240,11,the,35.774884826932066
240,12,hair,23.778528289412233
240,13,that,25.908571149042153
240,14,had,66.22354925034139
240,15,accumulated,49.60009575864651
240,16,on,49.771825057566765
240,17,my,30.00573096894398
240,18,shiny,36.63618524493785
240,19,new,35.28198979365662
240,20,Buster,8.781516891489833
240,21,Brown,8.003026940822927
240,22,shoes.,4.7586221136768385
241,1,My,0.0
241,2,head,13.417098551969774
241,3,was,35.50337061353976
241,4,no,51.21110609235129
241,5,longer,72.92995166689555
241,6,in,82.75013695359081
241,7,the,78.62770868482566
241,8,"clouds,",84.2579989726141
241,9,and,72.28911524471273
241,10,I,60.509691388620155
241,11,got,47.73735235508203
241,12,up,27.84788086330762
241,13,off,21.036565934039423
241,14,the,27.579579070855118
241,15,"floor,",34.46952958458165
241,16,brushed,24.455351522344483
241,17,off,23.084115057910704
241,18,my,25.234675641269035
241,19,short,26.456771567090495
241,20,"pants,",42.76077702332531
241,21,and,24.51543302723738
241,22,walked,18.792050992038593
241,23,sullenly,25.988774605275395
241,24,towards,22.47586983714205
241,25,the,9.216934021556327
241,26,door.,1.9808936345501151
242,1,The,0.0
242,2,matron,19.06626084000269
242,3,was,33.65918413800338
242,4,smiling,32.59330377308544
242,5,at,19.74427741755361
242,6,me,21.01864710464169
242,7,sort,18.293329617180344
242,8,of,39.946707074655855
242,9,funny,45.785485233510805
242,10,like.,17.921719425101546
243,1,The,0.0
243,2,barber,42.095227597122424
243,3,upset,39.60312606547636
243,4,by,35.5528710040764
243,5,the,29.914491340321977
243,6,matron,69.93993765929174
243,7,said,39.54016682863115
243,8,to,40.8058277012405
243,9,"her,",48.26431910712425
243,10,'You,33.38833674434414
243,11,are,17.392553317268046
243,12,just,18.648021638074013
243,13,a,25.366222881394958
243,14,damn,22.682303810775093
243,15,"bitch,",19.029834076134524
243,16,lady.',7.919316777149195
244,1,She,0.0
244,2,yelled,18.498720843877834
244,3,back,21.500553499248937
244,4,at,13.518468222076027
244,5,him,13.045430284843174
244,6,at,17.71500054742759
244,7,the,22.029561986326534
244,8,top,20.002433093518462
244,9,of,34.24445631935412
244,10,her,38.38734790083652
244,11,"lungs,",27.353636583812296
244,12,before,28.880276410331973
244,13,walking,19.760346681030473
244,14,toward,25.896622052434182
244,15,the,19.185066390725225
244,16,"office,",22.515280172160754
244,17,as,16.47480281207318
244,18,fast,24.14547948357169
244,19,as,46.65971189342002
244,20,she,6.593003881380903
244,21,could.,3.217743258308767
245,1,To,0.0
245,2,show,42.669514816605925
245,3,his,141.57272806825026
245,4,"anger,",68.88241909085875
245,5,the,43.75006977319139
245,6,man,85.34427613595908
245,7,hit,60.54780343198196
245,8,the,35.98230703974926
245,9,wall,38.01971989313965
245,10,with,27.954538827945253
245,11,his,42.2917977906615
245,12,hand,22.729666123745115
245,13,and,18.76361029630782
245,14,then,14.173382628110527
245,15,walked,13.133034055115575
245,16,outside,19.17123240725946
245,17,where,15.593883624998657
245,18,he,15.211030068463316
245,19,stood,15.849958165777705
245,20,against,22.078845028413685
245,21,the,28.167816620067697
245,22,brick,14.541283534653108
245,23,"wall,",11.872753100794853
245,24,smoking,15.314610905403761
245,25,a,16.611713400698306
245,26,cigarette.,2.5026622348926404
246,1,I,0.0
246,2,understood,17.550646531009104
246,3,right,58.35158085288027
246,4,there,74.27960409366774
246,5,my,64.39224031975367
246,6,haircut,40.41406106858179
246,7,was,55.17066128730452
246,8,something,53.96920046337069
246,9,that,47.070677689390216
246,10,had,66.13626925890708
246,11,been,66.3826149722285
246,12,out,67.78060940039242
246,13,of,90.02510808049597
246,14,the,94.2637446824838
246,15,power,108.47135813548279
246,16,of,108.38378835328177
246,17,the,80.70129808882504
246,18,barber,104.69849509553801
246,19,and,78.00478399775623
246,20,then,92.98265477331326
246,21,I,70.11631493983639
246,22,slowly,49.187262412139994
246,23,walked,30.08115471290396
246,24,outside,26.951781033677097
246,25,to,12.743941000253677
246,26,join,18.987347478034533
246,27,the,9.788834677262482
246,28,man.,14.526696394819938
247,1,He,0.0
247,2,looked,15.27689967634329
247,3,"down,",17.59494685411425
247,4,smiled,13.017215757047202
247,5,at,15.857334759647188
247,6,"me,",17.54772437378829
247,7,then,25.84810731596747
247,8,he,19.111241784448627
247,9,patted,18.908634526911978
247,10,me,17.64001286547887
247,11,on,17.226651800957097
247,12,the,27.23552003858478
247,13,top,23.919028505636533
247,14,of,24.96535639945403
247,15,my,33.42357115786833
247,16,bald,8.348298120252691
247,17,as,20.70731078139439
247,18,a,29.219500198743425
247,19,coot,46.14032298282879
247,20,head.,21.68912059391746
248,1,It,0.0
248,2,was,40.15259962809338
248,3,a,17.193343630743772
248,4,fact,42.248298347765754
248,5,of,48.87322948691849
248,6,my,94.7644627974164
248,7,life,53.36626746959418
248,8,that,71.13040294442531
248,9,I,69.84401381982507
248,10,was,37.55798267792101
248,11,not,34.809118873747394
248,12,gonna,34.108090114602106
248,13,have,43.53989987955269
248,14,hair,32.39206661533689
248,15,that,40.945250671884374
248,16,was,64.37456958070426
248,17,anything,48.254385219914994
248,18,like,53.7666068892037
248,19,Elvis's,43.13017820439932
248,20,anytime,30.612108886401373
248,21,soon.,14.485272969828362
249,1,I,0.0
249,2,then,21.938357350799524
249,3,looked,56.801085710569296
249,4,up,42.075804564464576
249,5,at,34.76555265858745
249,6,the,32.17113563824672
249,7,barber,39.077359795332825
249,8,with,26.14430263059811
249,9,my,50.64968257321304
249,10,wet,25.06998694661197
249,11,red,49.24593124078979
249,12,eyes,54.44814858440044
249,13,and,52.59701762140487
249,14,"asked,",36.25668592516132
249,15,'Do,54.976113953704896
249,16,you,29.980189583613736
249,17,know,17.23512196800992
249,18,if,15.021022437285986
249,19,Elvis,36.08109669062076
249,20,Presley,21.95030050863158
249,21,has,16.742590636389
249,22,green,14.528300583150076
249,23,bones?',13.68785691051298
250,1,This,0.0
250,2,is,38.160088435146875
250,3,a,41.859654017137785
250,4,story,42.602736704998314
250,5,of,44.23737607907043
250,6,how,34.171190936164635
250,7,Mr.,37.379968423509794
250,8,Sticky,40.313102737980735
250,9,got,46.706652116289646
250,10,in,31.56772835931478
250,11,Abby's,33.035801020429155
250,12,fish,23.331745951899133
250,13,tank.,11.390227333847875
251,1,'He's,0.0
251,2,very,44.368494276227025
251,3,"small,'",52.22938372330222
251,4,Abby's,73.25041588334608
251,5,mom,68.96197723325199
251,6,said,91.53237942510486
251,7,as,49.276479788136285
251,8,she,52.38264090313908
251,9,peered,43.22841066372878
251,10,at,15.980766923149739
251,11,the,13.964854765703228
251,12,tiny,7.096822476113976
251,13,water,12.686749776672144
251,14,snail.,7.745343976640963
252,1,Abby,0.0
252,2,said,7.635250960865596
252,3,that,32.47069252577112
252,4,he,125.02415565075839
252,5,would,84.08263720662714
252,6,grow,34.712494290969765
252,7,and,64.80928483344921
252,8,then,82.41394595561479
252,9,pulled,47.164218451255216
252,10,her,46.65436461790879
252,11,pajama,34.18157163698806
252,12,bottoms,38.91242847615106
252,13,up,37.21078956280834
252,14,again,22.914374630858518
252,15,before,19.235765822805845
252,16,she,14.262050455043815
252,17,got,25.252392821008634
252,18,into,16.40415065286259
252,19,"bed,",40.679313673127986
252,20,for,25.373182578569832
252,21,they,50.31093690194545
252,22,were,32.221858505650744
252,23,always,11.476705978502668
252,24,falling,11.60092463210376
252,25,down.,12.275333821823677
253,1,"Usually,",0.0
253,2,Abby's,112.22761177893784
253,3,mom,82.63562471327091
253,4,got,62.827122524535724
253,5,up,104.53482230239959
253,6,at,103.61531224404736
253,7,the,90.00858596520155
253,8,crack,78.20419762345767
253,9,of,71.85096553605126
253,10,"dawn,",78.12305190921434
253,11,but,66.82156646400828
253,12,it,61.48508312478229
253,13,was,68.33851458445065
253,14,Abby,56.18620215833227
253,15,who,79.33353915658738
253,16,jumped,70.38274796880461
253,17,out,61.08824042418337
253,18,of,60.0275579984116
253,19,bed,48.9141570797554
253,20,first,49.62202958752213
253,21,the,40.612417742655616
253,22,next,58.42027412029223
253,23,morning,47.794026238726396
253,24,and,35.20346076387121
253,25,switched,27.92644194165693
253,26,on,40.45664677840241
253,27,the,51.49259062371531
253,28,light,52.1677523806277
253,29,in,45.763594139636695
253,30,her,61.85713513894755
253,31,fish,29.603005593710595
253,32,"tank,",55.596080818651295
253,33,which,14.338059084455283
253,34,contained,18.02050395680196
253,35,three,21.86019970377661
253,36,fish.,18.592573770713432
254,1,At,0.0
254,2,"first,",25.07305623499059
254,3,she,38.36213365338051
254,4,could,25.854186644701496
254,5,see,27.98953785633945
254,6,neither,24.026073065775474
254,7,hide,35.60644222395896
254,8,nor,48.57288552079241
254,9,hair,67.58385148778994
254,10,of,39.92117186189044
254,11,the,30.314445164079352
254,12,"snail,",41.37710066679366
254,13,but,24.04757549766924
254,14,then,21.36804303804011
254,15,she,11.440382025325741
254,16,spotted,9.355163901524657
254,17,him.,4.058528591148393
255,1,It,0.0
255,2,had,43.499150869200875
255,3,taken,64.6435207312763
255,4,Abby,91.25276177616487
255,5,a,56.107187997063726
255,6,while,102.46552429549585
255,7,to,101.77140713212778
255,8,find,55.211585247007925
255,9,Sticky,45.313577810797256
255,10,because,52.760138006268726
255,11,he,64.6423460897709
255,12,was,37.00913530413579
255,13,clinging,46.07433825137466
255,14,to,48.87204211869693
255,15,the,60.987887687491664
255,16,glass,39.119114603222556
255,17,near,28.89767126233711
255,18,the,31.522144271712268
255,19,"bottom,",33.96511057498514
255,20,right,25.665473650549743
255,21,next,27.04208484154588
255,22,to,23.938332508497087
255,23,the,16.395284366769165
255,24,gravel.,9.150440261428178
256,1,At,0.0
256,2,school,38.45123442513951
256,3,that,61.641837356846146
256,4,"day,",156.38252148898894
256,5,"Abby,",43.17344427758676
256,6,encouraged,26.951265522399208
256,7,by,43.89280522643112
256,8,her,44.28537609296094
256,9,"teacher,",39.499259981201504
256,10,wrote,42.21755352521896
256,11,excitedly,68.77418559315656
256,12,about,40.58624919571672
256,13,the,45.27115669912242
256,14,small,40.89186799873174
256,15,and,42.94900623028019
256,16,mysterious,63.80274652326786
256,17,Mr.,33.66732403387306
256,18,"Sticky,",34.477090264381054
256,19,who,53.76921527482693
256,20,you,52.129370544856805
256,21,could,52.57253848154323
256,22,mistake,32.4030763104591
256,23,for,36.91392536465283
256,24,a,23.97159995006119
256,25,piece,19.096452382269128
256,26,of,23.714638306981524
256,27,gravel.,8.649216217540118
257,1,He,0.0
257,2,seemed,15.27689967634329
257,3,an,26.977578008067965
257,4,ideal,56.957719941738496
257,5,pet,67.82010031465752
257,6,for,53.5605782840532
257,7,"her,",54.819740663212706
257,8,some,68.54811921411162
257,9,of,52.74981655346851
257,10,the,97.91188134648263
257,11,girls,83.25201104991118
257,12,in,73.03735878796034
257,13,her,88.3072793223403
257,14,class,69.19374354730314
257,15,"teased,",43.85479680261647
257,16,because,34.050190736332276
257,17,Abby,20.384913297216613
257,18,was,14.649442999198557
257,19,also,8.64951462826539
257,20,very,7.1834509677073095
257,21,small.,2.494449665530582
258,1,That,0.0
258,2,"evening,",41.15948237652874
258,3,Abby,66.55132840488105
258,4,turned,59.21849380108443
258,5,on,36.16020468992319
258,6,the,68.4525560222638
258,7,light,48.92516016429447
258,8,and,75.17963092543432
258,9,found,48.85416778981011
258,10,Mr.,44.091498158834135
258,11,Sticky,56.64801637878283
258,12,clinging,60.45966791285092
258,13,to,95.12774703930043
258,14,the,73.01030785178445
258,15,pond,60.790062235579605
258,16,weed,58.22991075912496
258,17,and,48.89055532013605
258,18,bobbing,37.65333461058008
258,19,about,28.528574802273678
258,20,in,14.554100079505284
258,21,the,12.97496084241937
258,22,air,11.794802560856105
258,23,bubbles.,14.150652277710808
259,1,'That,0.0
259,2,looks,15.890660353852825
259,3,fun!',28.677071007884543
259,4,Abby,9.640567412302811
259,5,exclaimed.,8.501300411052062
260,1,She,0.0
260,2,tried,16.290698879065754
260,3,to,29.083903535737154
260,4,imagine,17.17696795867657
260,5,what,38.892017532150994
260,6,it,49.270288756670524
260,7,must,56.502931427554
260,8,be,76.04342032473352
260,9,like,80.33296860689097
260,10,to,64.19209550981206
260,11,have,62.292080026152604
260,12,to,51.13130717424684
260,13,hang,44.31497671493154
260,14,on,46.82268541416943
260,15,to,37.4414248329561
260,16,things,43.64252777473266
260,17,all,28.9423367476057
260,18,day,45.08587948837828
260,19,and,31.793358300136408
260,20,decided,27.938292642690776
260,21,the,24.894286987491004
260,22,answer,38.15932699808356
260,23,was,35.04470058528674
260,24,that,23.709379547447295
260,25,it,32.38266479139205
260,26,was,19.492629648401508
260,27,probably,8.750706996351136
260,28,very,9.1559512523305
260,29,tiring.,9.472461369972137
261,1,Abby,0.0
261,2,told,16.436436977406895
261,3,her,22.670281116341467
261,4,mom,27.043718751971483
261,5,that,32.915351261819794
261,6,she,71.63959954607147
261,7,thought,51.313740178906684
261,8,Sticky,40.966452574844666
261,9,had,32.002492331520045
261,10,grown,33.44490781461003
261,11,a,35.117775105354966
261,12,bit,56.47267092964987
261,13,the,30.66596989873015
261,14,next,35.08646755557455
261,15,day,34.4556742215226
261,16,at,22.581651926385586
261,17,breakfast.,10.891625033126195
262,1,'Just,0.0
262,2,as,54.18670313829856
262,3,well,55.7250700640707
262,4,if,60.2602807724777
262,5,he's,59.458052563054856
262,6,going,69.86040187464313
262,7,to,61.013266221374906
262,8,be,43.99283154005149
262,9,gobbled,50.07713083065939
262,10,up,47.1384815915189
262,11,like,46.55726906064177
262,12,"that,'",56.677327940912996
262,13,her,37.758045849848024
262,14,mom,56.656473292422625
262,15,responded,58.2650583429083
262,16,who,15.595635979069744
262,17,was,32.00711370286005
262,18,busy,14.468723037137941
262,19,preparing,8.594845529922857
262,20,breakfast.,9.463325922170654
263,1,Abby,0.0
263,2,whined,14.800205043987791
263,3,that,19.556264177812558
263,4,she,70.18689373904108
263,5,didn't,51.27280314852181
263,6,want,32.2642841076851
263,7,him,34.85608484194959
263,8,to,37.27571426038327
263,9,get,24.41184115855041
263,10,too,23.95991490862856
263,11,big,25.93838763073742
263,12,or,25.49821703993698
263,13,he,32.391580635361215
263,14,wouldn't,21.72018736168847
263,15,be,13.932082563297945
263,16,cute,14.424195053342329
263,17,anymore.,9.882101932464181
264,1,'Small,0.0
264,2,"things,",37.37447168600557
264,3,not,61.7799628151295
264,4,big,92.8632444670968
264,5,"things,",80.46892123636333
264,6,are,86.73082193702905
264,7,"cute,",83.44714617721579
264,8,right?',75.6957487968818
264,9,she,20.242117660797994
264,10,"asked,",6.630932487190741
264,11,half,17.318763397742345
264,12,to,12.770973715673884
264,13,herself.,14.400034891300884
265,1,The,0.0
265,2,next,30.906680235032923
265,3,day,93.44025589176997
265,4,in,86.7467557856662
265,5,art,102.36121716171287
265,6,"class,",163.01341991017867
265,7,Abby,83.49218636968494
265,8,needed,54.961483690565636
265,9,two,73.64180720686494
265,10,pieces,72.34683417018616
265,11,of,95.28028993219259
265,12,paper,97.28829487017268
265,13,that,70.61508823195736
265,14,were,77.70469190022234
265,15,very,96.16161528451303
265,16,"expensive,",75.89242295393332
265,17,to,79.73097274657901
265,18,draw,70.140390748135
265,19,an,49.81795172893492
265,20,"elephant,",64.3985463001237
265,21,but,74.93304757508507
265,22,the,75.64644300471463
265,23,teacher,67.81925365481624
265,24,didn't,58.508748079782336
265,25,mind,41.024517776636685
265,26,Abby,35.953942752685585
265,27,using,38.606292628794044
265,28,the,35.58222488468759
265,29,expensive,34.35393534228615
265,30,paper,39.930062988728004
265,31,because,31.688642734429905
265,32,she,31.71768024758038
265,33,was,26.19562653437124
265,34,pleased,37.01312005347772
265,35,with,23.896662512575197
265,36,the,41.383667941211314
265,37,drawing,48.283391569271686
265,38,and,51.176318137727044
265,39,wanted,23.736842226212733
265,40,it,20.493760186158767
265,41,on,15.490310999390031
265,42,the,19.606879235607746
265,43,wall.,11.2352208131633
266,1,The,0.0
266,2,"teacher,",38.01782163463075
266,3,who,51.224450570197035
266,4,was,66.72707059649173
266,5,always,46.85606028140454
266,6,very,49.750697182388755
266,7,"encouraging,",65.46470074089362
266,8,remarked,89.22105711294795
266,9,that,59.117647818150054
266,10,the,80.93008858706833
266,11,drawing,60.38382261791584
266,12,Abby,62.695057992842756
266,13,had,69.55616998272032
266,14,made,67.18439748861164
266,15,was,63.713962543551744
266,16,very,56.823017540146594
266,17,creative,46.82774415485756
266,18,and,30.586222295949163
266,19,beamed,65.79452614501325
266,20,at,56.814273512220105
266,21,"Abby,",64.95910855164425
266,22,giving,39.970551122896296
266,23,her,32.02282290722119
266,24,the,25.588385367128925
266,25,seal,13.35137941547316
266,26,of,8.88081429695295
266,27,approval.,14.128964683421014
267,1,Back,0.0
267,2,at,40.55941702147271
267,3,"home,",30.410552938991138
267,4,"Mom,",52.534564873466465
267,5,convinced,47.85812545182394
267,6,by,114.04798966421937
267,7,Abby,167.22535001424464
267,8,to,124.79693217243846
267,9,clean,75.86915615202436
267,10,out,72.85460400376074
267,11,the,68.46705914722841
267,12,"tank,",53.45599890173389
267,13,was,55.23493283776713
267,14,cleaning,68.70024603797569
267,15,with,66.2540922512474
267,16,a,62.35990632902157
267,17,special,40.05685168388286
267,18,"vacuum,",24.541462870168356
267,19,or,37.521660850342165
267,20,'hoover'.,26.7615453044628
268,1,'Where's,0.0
268,2,Mr.,42.88187624216891
268,3,Sticky?',38.39769966557893
268,4,Abby,48.37541074150546
268,5,asked,34.66462773561633
268,6,first,50.17431814067064
268,7,thing,55.887285476225706
268,8,when,35.08751278013517
268,9,she,22.971603362781313
268,10,came,16.700837644394213
268,11,home,11.273884035560394
268,12,from,10.168272432120604
268,13,school.,4.009809951110291
269,1,'On,0.0
269,2,the,20.97871342104195
269,3,"side,'",25.34915580682454
269,4,Mom,8.486949012406718
269,5,replied.,4.906521385981255
270,1,And,0.0
270,2,then,19.132610370844354
270,3,she,22.784950892769544
270,4,"added,",24.89361366466396
270,5,'Don't,22.233091500828433
270,6,worry.,13.55149897856315
271,1,I,0.0
271,2,went,18.814893749224023
271,3,extra,26.165299132528695
271,4,slowly,23.698178768851058
271,5,since,16.144718285186894
271,6,it's,35.62574452479589
271,7,better,27.832477624144055
271,8,to,29.645178289882402
271,9,be,11.67901966434152
271,10,safe,7.281055916088346
271,11,than,11.014057386908677
271,12,sorry.',28.736038425288523
272,1,Abby,0.0
272,2,looked,11.004846501327503
272,3,on,32.630418317072234
272,4,all,24.325916132430915
272,5,sides,52.04192607351477
272,6,of,42.32502737555229
272,7,the,45.53712120435404
272,8,"tank,",38.98307099492789
272,9,but,28.03850157501407
272,10,there,45.36125019773787
272,11,was,55.79216660155638
272,12,no,47.100234025828215
272,13,sign,65.19434934519946
272,14,of,73.65725529050472
272,15,the,49.59751730875345
272,16,water,49.162454215722676
272,17,snail,41.90941539134711
272,18,that,33.68870618540037
272,19,she,52.90008976981942
272,20,had,53.57165584782901
272,21,discovered,39.01581877579675
272,22,a,33.009607514508055
272,23,couple,21.194749464200857
272,24,of,53.015444488988294
272,25,days,44.39735769951928
272,26,ago.,6.813610867845768
273,1,She,0.0
273,2,was,5.120874236279783
273,3,very,6.032369559136504
273,4,sad.,2.442260970174937
274,1,Her,0.0
274,2,mom,18.478666290926025
274,3,said,17.147689116245733
274,4,to,23.59889903191809
274,5,wait,29.983281304979382
274,6,a,27.699388505808567
274,7,few,38.56891372597504
274,8,hours,32.53270164446163
274,9,until,26.496329447100273
274,10,the,26.675066652082222
274,11,water,34.49684245033482
274,12,clears,22.598894998326873
274,13,to,32.1144376555334
274,14,take,23.944407122823872
274,15,another,15.593313830352974
274,16,careful,16.14061120781007
274,17,look.,6.501632039836412
275,1,That,0.0
275,2,"evening,",29.044961160136985
275,3,Abby,40.204959402183256
275,4,went,50.68912223664818
275,5,up,30.420534812047215
275,6,to,26.881010781504404
275,7,her,34.62038915428284
275,8,bedroom,32.10307015050606
275,9,to,15.194910623673607
275,10,check,6.074992943906583
275,11,the,5.447466479426806
275,12,tank,14.021182555760562
275,13,again.,16.030094921065146
276,1,The,0.0
276,2,water,32.55069403943827
276,3,had,31.00319827455834
276,4,settled,33.63727844978901
276,5,and,30.946565935473075
276,6,looked,26.996297932653416
276,7,"clear,",38.57800533083893
276,8,but,24.389009085787166
276,9,Abby,18.394807550365318
276,10,could,26.04841890608474
276,11,not,25.948990205303833
276,12,see,16.885860511608332
276,13,Mr.,10.466619480815224
276,14,Sticky.,8.619414126795476
277,1,Abby,0.0
277,2,kneeled,7.46423141284762
277,3,down,43.384142630915896
277,4,to,18.356002760885843
277,5,have,22.210947272677313
277,6,another,39.1583318070988
277,7,look,43.627285683312955
277,8,in,27.35332793944749
277,9,the,43.72652414440972
277,10,tank,38.05790597503265
277,11,that,22.71866069594243
277,12,her,51.84165881192576
277,13,mom,64.1509187356119
277,14,had,62.66121206512693
277,15,cleared,57.53881208476002
277,16,so,41.31184387071992
277,17,"thoroughly,",42.5132592052426
277,18,but,35.7248174525912
277,19,Mr.,28.22511053341517
277,20,Sticky,44.43033748540404
277,21,was,44.73356540173014
277,22,still,16.55477914774897
277,23,nowhere,15.358192072977218
277,24,to,24.418402173068294
277,25,be,24.46496648116386
277,26,found.,20.303779013085734
278,1,Abby,0.0
278,2,was,14.730393846349559
278,3,a,19.977453129428593
278,4,bundle,31.57444105715627
278,5,of,37.762564640254865
278,6,nerves,30.68143085957091
278,7,as,29.84313560949201
278,8,she,19.172013358979196
278,9,descended,17.664390944035297
278,10,the,7.824554059739208
278,11,stairs.,7.245330914578712
279,1,In,0.0
279,2,the,70.13265385061197
279,3,"study,",60.15213876954577
279,4,surrounded,172.40044762861905
279,5,by,100.32879051532761
279,6,books,91.22304007840806
279,7,and,104.6040224456793
279,8,"papers,",81.34074497718022
279,9,her,65.83514337365884
279,10,mom,75.88582256076285
279,11,was,52.14939798904328
279,12,working,55.70814163976362
279,13,and,67.95770801917045
279,14,she,110.65570557051637
279,15,looked,75.09448902231553
279,16,impatient,46.792064591113906
279,17,when,71.74566227875447
279,18,she,62.0130389275518
279,19,saw,59.755734517217384
279,20,Abby,57.075839453666745
279,21,in,41.71397411342613
279,22,the,57.457207305825854
279,23,doorway,39.61393098300597
279,24,and,43.17089773047543
279,25,even,32.66522229564252
279,26,more,51.0056241663033
279,27,worried,71.545418277819
279,28,when,26.61082071628567
279,29,she,19.089055423235276
279,30,heard,22.17258312424718
279,31,the,16.25045188204096
279,32,bad,8.68482000478728
279,33,news.,7.667685362204622
280,1,'He'll,0.0
280,2,turn,38.08258342163965
280,3,"up,'",45.27374972454514
280,4,Mom,41.62778709323588
280,5,"said,",48.69343005259132
280,6,and,17.437912387069737
280,7,that,21.817418978730146
280,8,was,25.02796573759606
280,9,that.,22.553661585364893
281,1,"Then,",0.0
281,2,to,60.688929643557564
281,3,add,67.50003974148858
281,4,fuel,98.47511816470025
281,5,to,214.8305075607757
281,6,the,245.7906303726683
281,7,"flames,",226.77180303570418
281,8,she,150.51960162023335
281,9,raised,51.536236026137054
281,10,her,50.13348025828399
281,11,tone,36.1450328104207
281,12,of,46.61879305926987
281,13,voice,55.429265709001136
281,14,and,30.81483823180182
281,15,said,35.721674211672706
281,16,"dismissively,",24.020937878799025
281,17,'For,26.591684281966575
281,18,the,43.06946079365486
281,19,time,57.1824221543968
281,20,"being,",56.65815692733216
281,21,go,46.157358898979886
281,22,to,40.81908086704756
281,23,"bed,",76.29857511841912
281,24,Abby.,44.09670748108202
281,25,I've,40.72677153320948
281,26,got,47.61102652435968
281,27,masses,32.01327838873348
281,28,of,45.98108936287878
281,29,work,49.89097554099344
281,30,to,47.032301104464636
281,31,catch,31.452155829493048
281,32,up,14.964665390359691
281,33,on.',15.512032686154244
282,1,Abby,0.0
282,2,had,14.730393846349559
282,3,a,25.58728229727858
282,4,quick,31.241061631556562
282,5,temper,20.040445042977463
282,6,and,27.79656334707763
282,7,she,24.638619674756907
282,8,was,14.115257221641796
282,9,angry,13.16554802019613
282,10,as,17.36676665780539
282,11,hell.,11.588132354776198
283,1,'You've,0.0
283,2,hoovered,50.7993163365702
283,3,him,28.50394776808121
283,4,"up,",38.77454048291288
283,5,haven't,48.05673308083211
283,6,you?',71.76930473376858
283,7,she,19.204851167391325
283,8,said,9.58172250566528
283,9,accusingly.,2.3666511033655158
284,1,Abby's,0.0
284,2,mom,12.522301712615926
284,3,denied,18.606062783517952
284,4,Abby's,91.849855271014
284,5,version,97.67608952051405
284,6,of,90.4496110518028
284,7,the,88.4586951699257
284,8,story,123.67880519801489
284,9,was,114.84846072689837
284,10,true,123.02270239186294
284,11,and,109.03854057967649
284,12,said,86.3530126853881
284,13,that,84.64982399338278
284,14,she,58.04519462028143
284,15,was,43.44342307286782
284,16,"careful,",44.50163283957464
284,17,but,40.77464273209449
284,18,because,35.621546740006885
284,19,Mr.,28.71194216717782
284,20,Sticky,40.97702359596911
284,21,was,38.274847642553404
284,22,so,35.975342204592685
284,23,small,42.87267384823112
284,24,he,34.63124876766989
284,25,was,17.94818496592427
284,26,hard,13.96709349745987
284,27,to,23.24161247672266
284,28,see.,19.313020944849562
285,1,'What's,0.0
285,2,wrong,27.031701980190395
285,3,with,23.225302151344714
285,4,being,10.344236309368236
285,5,small?',12.79183545979222
286,1,'Nothing,0.0
286,2,at,29.12545729590802
286,3,"all,",60.47690392812907
286,4,but,40.16774304446715
286,5,it,51.777498620229586
286,6,makes,53.68960207648759
286,7,things,18.214432791075346
286,8,hard,21.34927049213795
286,9,to,26.331108337151797
286,10,find.',25.768908152423943
287,1,'Or,0.0
287,2,"notice,'",43.609605006891
287,3,Abby,25.037499853820613
287,4,"said,",29.02229247089206
287,5,suddenly,26.45802598704806
287,6,feeling,48.98105108617187
287,7,like,40.335877411534256
287,8,the,57.707250947110474
287,9,"small,",55.38575895684273
287,10,overlooked,62.4084969743308
287,11,Mr.,45.359643879778815
287,12,Sticky,41.27432035198937
287,13,herself,47.36850185170717
287,14,and,30.01776877097859
287,15,storming,27.065838709071
287,16,from,16.475316982423838
287,17,the,12.42780331910417
287,18,room.,6.328710503435797
288,1,The,0.0
288,2,door,32.55069403943827
288,3,to,37.10554499459116
288,4,the,31.544407382870794
288,5,bedroom,39.57120608547622
288,6,opened,34.63511344893646
288,7,a,24.92693564723393
288,8,few,29.470979126615273
288,9,minutes,35.07542932208121
288,10,later,24.10357500509282
288,11,and,8.777397182793475
288,12,Mom's,10.50109514987947
288,13,face,23.4607409923277
288,14,appeared.,5.574968969259617
289,1,She,0.0
289,2,was,15.677569721850185
289,3,there,11.739241657562342
289,4,to,31.858690198884002
289,5,try,47.5822480815749
289,6,to,29.26724374888029
289,7,make,27.259628953543693
289,8,up,26.147287088534195
289,9,for,33.87070869598727
289,10,having,24.109392920197532
289,11,been,19.874559488806295
289,12,insensitive,8.518770365731044
289,13,earlier.,10.860838338178375
290,1,She,0.0
290,2,had,15.677569721850185
290,3,put,24.19221871145933
290,4,her,46.16557513364871
290,5,work,53.32152927865993
290,6,on,37.57812537198139
290,7,the,44.287389579845915
290,8,back,51.92851065255076
290,9,burner,50.20289288612884
290,10,and,23.204737067893817
290,11,occupied,14.513389835117861
290,12,herself,12.828052017865367
290,13,with,20.393499657360696
290,14,Sticky.,7.673928977633556
291,1,"Abby,",0.0
291,2,who,10.16659618171614
291,3,was,37.4221769216325
291,4,breathing,29.13633279081798
291,5,fire,59.508334786722315
291,6,all,52.4721833263455
291,7,on,103.39678008097141
291,8,account,77.80106822604344
291,9,of,105.06726579896286
291,10,the,108.95222455100026
291,11,little,124.31704141449931
291,12,"snail,",82.33713128046813
291,13,tried,95.78829357618105
291,14,to,69.91325351911448
291,15,ignore,47.1617392353517
291,16,"her,",43.262803625261334
291,17,but,69.53123301429316
291,18,it,42.602875580988886
291,19,was,47.06726073808287
291,20,hard,37.55198280517169
291,21,when,37.248756216336666
291,22,Mom,43.82422428518801
291,23,walked,30.579177134145727
291,24,over,30.84842528263243
291,25,to,19.438539441310454
291,26,the,35.53141310494029
291,27,bed,36.22342956472157
291,28,and,17.764469956902012
291,29,sat,10.186961711547456
291,30,next,12.301949979643977
291,31,to,16.803585005710264
291,32,her.,6.256762655653366
292,1,"Mom,",0.0
292,2,who,16.089630522289028
292,3,Abby,23.692708344692413
292,4,still,31.002176697612214
292,5,strained,62.60686090392271
292,6,to,51.52523309208281
292,7,remain,76.35071961322578
292,8,upset,102.36764484130622
292,9,"with,",68.35455961987157
292,10,had,86.59586130348687
292,11,gone,50.91242236074531
292,12,out,53.95028374763699
292,13,to,46.378313287208414
292,14,find,55.25946624890404
292,15,her,35.744403739780374
292,16,glasses,42.043845372420044
292,17,in,43.84851913489034
292,18,order,53.18193657188857
292,19,to,51.44008463212545
292,20,search,18.73883817325152
292,21,for,12.924590590506957
292,22,Sticky,11.049971193710043
292,23,more,14.701681297105123
292,24,effectively.,22.718377059265855
293,1,'This,0.0
293,2,is,36.751267097171855
293,3,my,46.94221671018077
293,4,new,36.497351911438
293,5,and,41.929511650091754
293,6,extra,80.9885685357718
293,7,powerful,43.51698375026884
293,8,pair,68.43075532945778
293,9,I,69.2449167270934
293,10,have,110.5312942667868
293,11,for,68.1723483008487
293,12,important,62.081030484250405
293,13,occasions,61.25888487803981
293,14,like,68.39011780685938
293,15,snail,51.12549459060431
293,16,"hunting,'",39.63093243544617
293,17,she,17.9979391679196
293,18,said.,1.9965544105114175
294,1,She,0.0
294,2,smiled,17.40579999073003
294,3,at,11.013372025296073
294,4,"Abby,",8.181161042956738
294,5,trying,27.1224470780743
294,6,to,35.636807996743244
294,7,butter,24.86354095031674
294,8,her,24.560754056626482
294,9,"up,",35.515860079636745
294,10,but,24.854325990896523
294,11,Abby,30.56473246178458
294,12,didn't,14.035977949116939
294,13,smile,18.176632095430644
294,14,back.,9.601200590674011
295,1,Abby,0.0
295,2,believed,12.555718629609173
295,3,her,52.54745944469755
295,4,mom's,45.96804162228649
295,5,idea,55.891730195854606
295,6,would,47.216522502966214
295,7,not,37.81994183620102
295,8,"succeed,",32.794965813972944
295,9,but,29.833964333665108
295,10,then,19.057197440293546
295,11,she,23.15877384453748
295,12,had,19.1035896313768
295,13,an,13.012362256155035
295,14,idea,29.13892931501276
295,15,of,28.266830299839782
295,16,her,16.624152808087263
295,17,own.,16.22768131092028
296,1,'I've,0.0
296,2,got,51.0132957749125
296,3,a,32.24280657028005
296,4,magnifying,37.455566321401605
296,5,"glass,'",85.32990320186117
296,6,Abby,64.52578218241754
296,7,suddenly,49.187922309571356
296,8,remembered,24.766332765911244
296,9,and,36.11912770865617
296,10,rushed,25.51804489825712
296,11,off,28.63339514841022
296,12,to,14.60080621954323
296,13,find,19.049005718526928
296,14,it.,5.8985661619180085
297,1,On,0.0
297,2,the,58.10981727332578
297,3,floor,44.991104493019364
297,4,beside,70.57590232892358
297,5,each,20.644583979101828
297,6,other,38.97701832350476
297,7,they,31.577738996469215
297,8,"sat,",33.14210720530337
297,9,shuffling,35.327554555380544
297,10,around,27.215566697423004
297,11,the,24.252635141815862
297,12,"tank,",24.784924907387104
297,13,looking,22.432890066698178
297,14,all,30.236320421838652
297,15,over,35.30163163191383
297,16,the,28.342104504884837
297,17,place,36.16730183348285
297,18,and,32.920113493668936
297,19,peering,26.379513004721954
297,20,into,41.53208648725001
297,21,the,26.35719252122599
297,22,corners,23.247441048033657
297,23,among,25.05963629975678
297,24,the,22.95093737657171
297,25,big,20.95973719393659
297,26,pebbles,26.1845580641781
297,27,and,24.32174119983664
297,28,the,15.001663833628724
297,29,pond,12.745262490757847
297,30,weed.,8.3647463263388
298,1,Abby,0.0
298,2,tried,12.555718629609173
298,3,to,29.814872453601502
298,4,"imagine,",16.939498613931473
298,5,if,39.706335262016246
298,6,she,33.857822293932095
298,7,were,29.737063288776223
298,8,"Sticky,",44.13288500984234
298,9,a,53.7279563359153
298,10,little,46.680521631261165
298,11,water,32.11129258729924
298,12,"snail,",30.309098889896802
298,13,where,19.343359786897427
298,14,would,19.795059428178934
298,15,she,47.091564325981835
298,16,hide,13.478383591453408
298,17,out?,12.269746646973772
299,1,At,0.0
299,2,one,25.494320171042403
299,3,point,36.751124007606336
299,4,she,37.00677690604451
299,5,thought,46.10135810168642
299,6,she,25.119978433608143
299,7,saw,32.71152176657913
299,8,"him,",41.642122965072524
299,9,but,34.484775502615335
299,10,it,16.292979669985833
299,11,wasn't,19.168293073271393
299,12,the,9.30409040717841
299,13,water,15.995009236424314
299,14,snail.,10.75683582261946
300,1,It,0.0
300,2,was,40.15259962809338
300,3,a,17.193343630743772
300,4,large,42.248298347765754
300,5,speck,44.9142309998061
300,6,of,47.98490418273396
300,7,dust,39.689689233221884
300,8,that,30.424960097636564
300,9,was,36.725621044275194
300,10,deceptively,22.224050243885586
300,11,bobbing,18.937571102369766
300,12,around,20.95026284705767
300,13,in,16.889125325450387
300,14,the,13.473894623913118
300,15,water,16.975409322357894
300,16,like,23.350434309606467
300,17,a,22.36836610549494
300,18,live,8.92648550720427
300,19,animal.,3.0351807117873753
301,1,They,0.0
301,2,were,21.86301243938713
301,3,ready,13.241048167448758
301,4,to,19.55344813388733
301,5,call,10.340058141350344
301,6,it,11.505998184522923
301,7,"quits,",42.495775018999254
301,8,when,43.488701375317106
301,9,suddenly,30.70800841350031
301,10,Mom,29.86526405823491
301,11,"cried,",21.612290735003658
301,12,'Ah,14.760030993135638
301,13,ha!',23.178175161698423
302,1,Tucked,0.0
302,2,in,33.096990738528554
302,3,a,46.083278253531816
302,4,curve,40.68531141759201
302,5,of,44.232600464821274
302,6,the,52.60440014867581
302,7,"archway,",54.705295840091964
302,8,perfectly,24.54994946156434
302,9,hidden,26.09391016605145
302,10,against,38.01669686809411
302,11,a,17.02256322460182
302,12,pitch,14.957098839972813
302,13,dark,13.56071724361084
302,14,"stone,",16.05813280269242
302,15,sat,10.94475662302929
302,16,Mr.,17.26046670730227
302,17,"Sticky,",28.544252412884404
302,18,safe,23.493442306977695
302,19,and,25.151677577135658
302,20,sound.,22.110193055755364
303,1,"'You,",0.0
303,2,I,37.67122568627754
303,3,can,28.60027869048249
303,4,always,17.335558578490666
303,5,count,24.57129143364485
303,6,"on,'",37.97996795220621
303,7,Abby,43.6698626972608
303,8,said,34.91341689244989
303,9,to,15.889515680324346
303,10,her,21.57412825772949
303,11,"mom,",17.297215309829237
303,12,with,18.243853962585916
303,13,relief.,11.416832876274182
304,1,Then,0.0
304,2,she,30.320486312664887
304,3,noticed,28.687871518358726
304,4,another,22.892149398878843
304,5,water,22.333921231402304
304,6,snail,30.960067089513757
304,7,was,25.723371137010417
304,8,right,41.91351760752681
304,9,next,43.58149960208701
304,10,to,58.21891549979651
304,11,Sticky,51.1620038416514
304,12,and,64.00382438208605
304,13,asked,67.61612656896844
304,14,where,37.326414874844616
304,15,this,63.28527071980483
304,16,new,67.52474006178815
304,17,addition,63.442341442941924
304,18,to,70.16606380230786
304,19,the,84.3350154908994
304,20,family,57.05199844468221
304,21,could,35.63578947248917
304,22,have,25.05226241998851
304,23,come,26.748539234057564
304,24,from.,11.946827617398048
305,1,'I'm,0.0
305,2,beginning,47.658830580142904
305,3,to,84.43622803335624
305,4,suspect,70.7150380132981
305,5,the,77.1162334822904
305,6,pond,87.98447725972528
305,7,weed,96.64642526221479
305,8,is,90.35849223561857
305,9,"guilty,",80.43036840146736
305,10,don't,82.73311049917274
305,11,you,52.97837563830614
305,12,think?',32.5246534368427
305,13,replied,14.74607954417572
305,14,Mom.,12.019699194862646
306,1,They,0.0
306,2,both,22.809248601683443
306,3,laughed,24.024237924899445
306,4,and,20.74156791962843
306,5,climbed,26.519980157281623
306,6,into,28.629023182817093
306,7,Abby's,22.17041775518366
306,8,bed,28.01876673781021
306,9,together,15.035802357578243
306,10,"and,",16.62286363419808
306,11,though,19.5441168282038
306,12,it,42.73381955972016
306,13,was,60.96703831671889
306,14,"cozy,",46.041393254775386
306,15,it,36.842958164128994
306,16,was,20.333912895496983
306,17,a,8.91695661092189
306,18,bit,14.51197760226753
306,19,of,23.052829832284537
306,20,a,14.133089306618192
306,21,squeeze.,8.287778469402504
307,1,'Budge,0.0
307,2,"up,'",34.29031643911127
307,3,Mom,21.235212130157063
307,4,"said,",34.961092805034845
307,5,giving,18.962469482189636
307,6,Abby,38.50086398539586
307,7,a,33.40113288775435
307,8,push,15.308840186772374
307,9,with,36.15786263018374
307,10,her,10.679084160462217
307,11,bottom.,3.4895701714695835
308,1,'I,0.0
308,2,can't,36.85038964196193
308,3,because,31.3148408129155
308,4,I'm,47.52078698560136
308,5,already,27.87385321028863
308,6,on,8.697237423589694
308,7,the,16.16010491727573
308,8,edge.',11.17694148910807
309,1,'Good,0.0
309,2,"heavens,",23.237200599062007
309,3,you've,14.965516143858329
309,4,grown,21.292251079224627
309,5,then.,10.00444803627545
310,1,When,0.0
310,2,did,12.3375386870022
310,3,that,19.187355888267003
310,4,happen?,11.745873222588285
311,1,You,0.0
311,2,could've,15.981414910782526
311,3,put,32.24608387167489
311,4,an,27.036799889927273
311,5,elephant,44.77290288059838
311,6,in,29.381455105552497
311,7,here,43.53508423634155
311,8,last,46.640321202569936
311,9,time,42.88396465974508
311,10,we,14.557518245440097
311,11,did,20.631891592287428
311,12,this.,9.03648281631395
312,1,Before,0.0
312,2,I,37.760505319993435
312,3,know,29.347570825705528
312,4,"it,",61.4445512425272
312,5,you'll,61.1103522336048
312,6,be,17.16456753659707
312,7,all,9.607191755022397
312,8,grown,13.151241105938324
312,9,up.',13.384214827779832
313,1,On,0.0
313,2,her,26.330197130071863
313,3,mom's,22.188693921534224
313,4,chest,29.86427687781896
313,5,Abby,21.06746867965537
313,6,then,16.70443625237653
313,7,put,13.362470326715012
313,8,her,11.696131572639237
313,9,head,17.88677224544574
313,10,and,8.33544656349492
313,11,smiled.,15.236768814634335
314,1,The,0.0
314,2,text,19.06626084000269
314,3,message,30.275621542499607
314,4,said,25.906430502484696
314,5,that,11.120444253143974
314,6,Lucy,46.19797331140958
314,7,Josephs,31.331910134009295
314,8,was,28.163579419004893
314,9,a,5.957789529814908
314,10,failure.,11.494846206003869
315,1,It,0.0
315,2,said,32.64421132567143
315,3,she,34.468874330681864
315,4,was,39.87681512847581
315,5,"ugly,",41.283841655506436
315,6,had,68.43378205213031
315,7,no,42.681867986452104
315,8,style,48.35213596390107
315,9,and,29.61326269543986
315,10,the,20.87626030323092
315,11,world,24.284698017901036
315,12,hated,12.39440999060638
315,13,her.,7.186965831181486
316,1,At,0.0
316,2,least,21.57419027897296
316,3,that,18.013854283883937
316,4,was,17.865747210518485
316,5,what,21.192561658119473
316,6,it,26.719848918945207
316,7,said,9.019726843243278
316,8,to,11.554785594108116
316,9,Lucy.,5.012325116822899
317,1,It,0.0
317,2,said,32.64421132567143
317,3,that,34.468874330681864
317,4,and,56.510673054599934
317,5,a,73.22388171204035
317,6,whole,61.71189827329343
317,7,lot,66.14702986940625
317,8,more,27.464898588507022
317,9,that,41.42410184844362
317,10,she,33.14049538389948
317,11,was,13.866695791335811
317,12,struggling,10.543271702224777
317,13,to,9.788491574057385
317,14,understand.,16.601913818839133
318,1,The,0.0
318,2,actual,38.33215914112693
318,3,text,56.272858196709265
318,4,of,60.6237172620034
318,5,the,94.21580443256447
318,6,note,90.37589172040636
318,7,said,47.02607940634244
318,8,that,33.86270832104311
318,9,Lucy,61.238623687932986
318,10,better,100.4820115788078
318,11,not,101.16947232565688
318,12,show,78.88249427475553
318,13,up,55.99021790968469
318,14,at,55.892382096092696
318,15,the,66.74906967128551
318,16,party,48.009789577863685
318,17,"tonight,",43.79989800565624
318,18,because,45.48287360895238
318,19,it,32.12314996340972
318,20,was,30.70458517407729
318,21,going,26.621628611264924
318,22,to,32.91228363146141
318,23,be,18.592884922598724
318,24,bad,12.07881471720902
318,25,enough,20.477346190764155
318,26,already!,7.436083041016686
319,1,"Lucy,",0.0
319,2,who,20.997050899207547
319,3,had,38.73288972452693
319,4,started,78.14899222442662
319,5,receiving,88.20190237047763
319,6,these,87.53240108392754
319,7,messages,156.28247677322494
319,8,a,122.67268639651466
319,9,few,110.31190597407486
319,10,weeks,82.20561614735334
319,11,"ago,",57.17456409509622
319,12,tapped,50.06423832322011
319,13,the,85.67048302510456
319,14,mobile,48.68936674748637
319,15,screen,32.19838095781375
319,16,to,26.33707450130155
319,17,make,23.80663391994346
319,18,the,24.346789185752158
319,19,message,12.754910206897756
319,20,disappear,15.247707555492342
319,21,from,10.95186402575716
319,22,view.,20.695782010616064
320,1,She,0.0
320,2,only,17.15194671875049
320,3,wished,36.035633528319636
320,4,it,20.327630444503374
320,5,was,31.227273094506288
320,6,as,40.41827034396165
320,7,easy,57.59035846690264
320,8,to,34.830253907703245
320,9,tap,26.979044848097175
320,10,her,30.736577354544046
320,11,heart,41.36359714799153
320,12,and,20.940806574480458
320,13,erase,36.31214323578023
320,14,the,30.343536953879546
320,15,trace,56.3375317136226
320,16,the,33.75718235696237
320,17,message,64.7835794089168
320,18,had,57.913201329714354
320,19,left,10.620299369151041
320,20,there.,14.778383897375587
321,1,'Was,0.0
321,2,that,45.683770810744754
321,3,another,56.428227323498724
321,4,one,53.52403747418968
321,5,of,53.54715056660444
321,6,those,96.15748099356894
321,7,messages?',66.68737149722776
321,8,her,49.25919957331686
321,9,mom,91.33717989029752
321,10,"asked,",56.20059805211407
321,11,who,21.29454375844545
321,12,was,23.702040977867025
321,13,driving,20.689809967922113
321,14,the,16.299210612847315
321,15,car.,18.771953230881056
322,1,Lucy,0.0
322,2,confirmed,19.714023175518406
322,3,her,35.06711254205513
322,4,mother's,32.84124600135482
322,5,suspicion,41.50109908317418
322,6,was,65.30229133230844
322,7,founded,91.14778872555775
322,8,as,128.96222092555573
322,9,she,103.54883974561032
322,10,answered,71.82501902946353
322,11,"dejectedly,",44.4577274746272
322,12,'I'm,69.5724255249059
322,13,sorry,27.661385327464764
322,14,to,13.916184933132186
322,15,say,30.789761890246744
322,16,it,17.920338583115843
322,17,was.',14.00485668073247
323,1,'Haven't,0.0
323,2,you,49.785444213203775
323,3,reported,24.239030497215026
323,4,it,27.17859373815353
323,5,yet?',26.889392527976852
323,6,asked,45.85076630869784
323,7,"Jill,",38.36342644696704
323,8,Lucy's,35.83069435801994
323,9,older,47.001827724285484
323,10,sister,54.773064894236015
323,11,who,40.299107348797136
323,12,was,47.50064543092604
323,13,sitting,15.794220410574276
323,14,in,20.862246227057415
323,15,the,27.714456807415964
323,16,passenger,8.464511313328892
323,17,seat.,2.1188738872011394
324,1,"'Yes,'",0.0
324,2,Lucy,34.234574798174826
324,3,"replied,",47.34764929925536
324,4,lying,13.652987032188138
324,5,through,16.382796878472668
324,6,her,19.871048215763867
324,7,teeth.,14.38882421458034
325,1,That,0.0
325,2,Lucy,96.24724802611739
325,3,should,123.3177410371752
325,4,not,155.0190609191443
325,5,let,121.72880708446577
325,6,the,131.1899792754155
325,7,messages,159.59031712738033
325,8,get,131.9458285794149
325,9,to,110.41402308078176
325,10,her,112.81270535630566
325,11,and,127.93481789515
325,12,that,140.13626533466325
325,13,the,121.5748712610886
325,14,sender,91.72821959528669
325,15,was,90.16541823439323
325,16,only,64.65504580465857
325,17,jealous,73.02814774114545
325,18,were,56.51833668751371
325,19,Lucy's,68.29671845772906
325,20,mom's,66.83680569621643
325,21,"arguments,",58.13004649615738
325,22,in,32.3126868834461
325,23,an,58.286479577493026
325,24,effort,50.212983583894484
325,25,to,33.516548637586936
325,26,comfort,5.855195454754511
325,27,her,4.026317870446129
325,28,daughter.,16.17618150748224
326,1,Lucy's,0.0
326,2,mom,15.94524764723668
326,3,suddenly,9.278993032682578
326,4,felt,51.87060589982309
326,5,"guilty,",36.35747566976887
326,6,for,40.84723617906705
326,7,she,62.7431196625136
326,8,had,55.916037019849
326,9,been,36.141894299025104
326,10,the,41.06372793997316
326,11,one,92.27861145926799
326,12,to,85.88912044156282
326,13,buy,44.71582459049943
326,14,the,43.98239133323086
326,15,phone,40.47357437504298
326,16,for,44.97841569903003
326,17,Lucy,43.70535148924898
326,18,just,39.953141329898365
326,19,a,28.176144337115485
326,20,couple,53.79458951451836
326,21,of,18.60593634939728
326,22,months,27.51283022585767
326,23,ago.,7.819825180599759
327,1,She,0.0
327,2,then,16.290698879065754
327,3,admitted,43.28209500519994
327,4,her,52.896138446918016
327,5,regret,82.2289517853183
327,6,about,62.118120262735474
327,7,the,65.76257073658704
327,8,phone,77.40179399173095
327,9,was,63.96817349644942
327,10,still,68.85276343443988
327,11,bugging,55.78501100539326
327,12,her,38.73964047352992
327,13,out,33.35141705670077
327,14,loud,26.04611911108174
327,15,as,29.799121164548257
327,16,she,28.438904875429476
327,17,"sighed,",25.645915181554344
327,18,'I,17.86232402484005
327,19,never,36.34511211647015
327,20,should,28.875322143729775
327,21,have,28.159488295706172
327,22,given,15.735131576106014
327,23,you,17.121539735967104
327,24,that,18.707397164934033
327,25,phone,14.168119077583038
327,26,Lucy.',12.48464961401241
328,1,"'No,",0.0
328,2,it's,44.48332365255511
328,3,fine.,56.293366783859355
328,4,I,41.2183362155152
328,5,love,32.994437483819056
328,6,"it,'",44.39356109155558
328,7,said,37.53769904407825
328,8,Lucy,36.906741305360995
328,9,knowing,25.71405836245752
328,10,that,41.67516943143581
328,11,affording,56.29707670761244
328,12,the,65.55348781629745
328,13,phone,66.66159972501332
328,14,had,65.29788788851575
328,15,been,42.44359010826964
328,16,no,31.60105539387512
328,17,small,34.611674272041206
328,18,thing,30.11709034806584
328,19,for,15.50680193762247
328,20,her,4.200673810679278
328,21,mother.,8.399854240241114
329,1,It,0.0
329,2,had,15.071491853319992
329,3,been,21.667590960968838
329,4,nothing,9.960808105051782
329,5,but,17.598966776595518
329,6,trouble,16.802096149214517
329,7,though.,13.334883444228906
330,1,Lucy,0.0
330,2,did,15.168455671876444
330,3,not,107.85222454797764
330,4,know,114.80782208641273
330,5,who,103.70423277798825
330,6,it,104.10879238312707
330,7,was,108.94658523987847
330,8,that,88.34985285363946
330,9,was,94.4900668857219
330,10,sending,92.34607268596484
330,11,her,106.2054786271807
330,12,the,90.8959885824642
330,13,"messages,",119.42071288666554
330,14,and,65.51881542595291
330,15,she,69.80579205153201
330,16,did,49.53257373608259
330,17,not,54.35640994274251
330,18,know,45.71158122230686
330,19,how,38.64047381518989
330,20,they,49.53064701444497
330,21,had,51.617664393867095
330,22,got,43.17504235112749
330,23,her,29.580351751405452
330,24,"number,",23.400487000928518
330,25,but,34.052638371921525
330,26,whoever,30.09581099379362
330,27,it,45.215057054800376
330,28,"was,",36.63915036020017
330,29,he,33.540592501451776
330,30,or,25.669359781277553
330,31,she,63.53896482184099
330,32,had,38.69098148124034
330,33,slowly,20.80752948179481
330,34,taken,35.071793834569206
330,35,over,22.83255437647343
330,36,Lucy's,14.571985533519834
330,37,life.,8.963314607353045
331,1,She,0.0
331,2,was,17.082471231246746
331,3,getting,10.113726307083798
331,4,several,26.469753827975694
331,5,texts,43.737040367562024
331,6,a,30.09254893436121
331,7,day,43.04985806062469
331,8,"now,",46.22074562020164
331,9,all,39.13294510403964
331,10,of,56.44127289549727
331,11,which,36.71773041576011
331,12,were,28.724938401653404
331,13,abusive,14.02111124207949
331,14,and,14.464825621392283
331,15,hurtful.,15.619462362810879
332,1,Lucy,0.0
332,2,wondered,23.373020113962593
332,3,what,44.34429287759761
332,4,the,48.36995338802829
332,5,person,92.100692655228
332,6,who,63.2513686397535
332,7,was,69.59108667442042
332,8,messaging,83.43113184069804
332,9,her,90.66026812929573
332,10,might,82.69535807153389
332,11,be,90.3115767443244
332,12,thinking,161.01749348575134
332,13,or,94.66620291760304
332,14,trying,96.77127778743515
332,15,to,50.904345711495495
332,16,achieve,48.441346138123855
332,17,with,56.09402706770211
332,18,all,33.699296941533994
332,19,of,43.21364184706642
332,20,their,15.568733586190456
332,21,hateful,18.239040659951158
332,22,messages.,5.675207974193799
333,1,As,0.0
333,2,the,56.95888735997256
333,3,car,82.64018156558818
333,4,pulled,86.02279137720618
333,5,up,33.84658090593242
333,6,outside,20.404832424579784
333,7,the,20.26514381598274
333,8,"school,",37.424441847153034
333,9,which,28.558955645037752
333,10,looked,59.068982446379025
333,11,like,80.29934410683813
333,12,a,86.41335606611368
333,13,large,88.7503536682179
333,14,shadow,68.07029921328021
333,15,in,62.321504881854025
333,16,the,62.13302462322455
333,17,darkness,46.645918119968286
333,18,of,51.31953556428413
333,19,a,56.1959466523345
333,20,November,47.98860284162341
333,21,"evening,",39.455373545094574
333,22,Lucy,56.12815554141547
333,23,felt,35.804891435447864
333,24,a,31.030472446902287
333,25,shiver,35.51355291222121
333,26,run,23.829504506071586
333,27,down,23.53327976334512
333,28,her,6.436300027385445
333,29,spine.,10.193291969225294
334,1,Hastened,0.0
334,2,by,47.21230308060995
334,3,"Jill,",81.1643550989064
334,4,who,59.66714906997386
334,5,did,110.24086406858706
334,6,not,112.22336071177381
334,7,want,102.60052345315182
334,8,to,78.69824358545873
334,9,be,66.46579558519684
334,10,late,89.80485265125839
334,11,to,67.10639647713931
334,12,her,54.58508188044585
334,13,own,53.93816524811791
334,14,"concert,",52.05781073511376
334,15,Lucy,35.39212823636507
334,16,hesitantly,39.89777108549646
334,17,stepped,22.556499823785575
334,18,out,31.601527658234392
334,19,of,25.07728739516278
334,20,the,38.734908757852395
334,21,car,31.441108180285475
334,22,and,16.522999811936035
334,23,walked,8.075940458257664
334,24,toward,8.64167335339665
334,25,the,9.800487112699162
334,26,school.,2.330857338774935
335,1,It,0.0
335,2,was,58.36357010743722
335,3,Jill,21.63241259766545
335,4,who,34.18584110629573
335,5,in,42.57410468931737
335,6,her,88.71605069660741
335,7,final,67.53323376896631
335,8,year,97.61624850111164
335,9,of,73.32096110293818
335,10,high,106.70641077452228
335,11,school,80.61161661764541
335,12,had,69.25160960393437
335,13,become,64.40887018217884
335,14,involved,72.49481638414707
335,15,in,53.853993327149986
335,16,helping,58.1946204566137
335,17,organize,38.32258856458039
335,18,this,57.87429305236194
335,19,year's,42.410108654786654
335,20,school,43.304041195328594
335,21,talent,34.7135118263236
335,22,"show,",50.08553669769862
335,23,and,35.414724305935664
335,24,she,32.0274604933005
335,25,took,29.13799945856412
335,26,her,15.177472442789373
335,27,position,17.265742021174354
335,28,very,15.340853139518675
335,29,seriously.,17.007003406277477
336,1,Lucy,0.0
336,2,hurried,13.332945377110791
336,3,behind,40.9565366571352
336,4,"Jill,",21.057168810677847
336,5,pulling,20.584445429713423
336,6,on,17.423037725834686
336,7,the,22.382345010544537
336,8,"worn,",21.343562060113886
336,9,oversized,45.49727626380214
336,10,coat,66.2635673774227
336,11,that,49.862160514274144
336,12,had,89.64285591504394
336,13,originally,87.18333305695083
336,14,belonged,88.45208243700003
336,15,to,82.87709420249243
336,16,"Jill,",97.99929015292244
336,17,in,125.49281645754414
336,18,order,102.24215890398273
336,19,to,112.03346241319231
336,20,keep,80.48514066219222
336,21,her,64.55945180641841
336,22,dry,49.44476394134337
336,23,as,37.8984866138197
336,24,the,56.557199843605325
336,25,raindrops,39.236028355534515
336,26,fell,25.672424313260986
336,27,all,12.351127589144221
336,28,around,28.798438322823966
336,29,them.,16.111672996165773
337,1,As,0.0
337,2,the,61.612737892320155
337,3,sisters,93.91654464506944
337,4,entered,69.72650031026497
337,5,the,93.2296707030251
337,6,hall,117.60341933824458
337,7,where,105.59916755017592
337,8,the,72.53377036857619
337,9,show,71.28048154090894
337,10,was,89.10006250255174
337,11,to,92.03764648115279
337,12,take,84.4422334095504
337,13,"place,",81.97126545000766
337,14,Jill,78.26136121695146
337,15,filled,54.727780765874435
337,16,with,63.719056304207164
337,17,excitement,46.45902326190796
337,18,while,44.94753954623147
337,19,Lucy,37.22143197823072
337,20,regretted,36.85911449382286
337,21,that,39.12100206982011
337,22,she,44.986260236194674
337,23,had,40.75141492725161
337,24,promised,27.38184369485645
337,25,her,29.868938768540232
337,26,mother,31.051416932142672
337,27,she,15.675935878605301
337,28,would,20.90272367680352
337,29,participate,9.877312765847773
337,30,in,14.2744626767455
337,31,the,15.545644614342486
337,32,show.,6.105277180916954
338,1,'To,0.0
338,2,waste,52.50138322873959
338,3,your,112.88097937301049
338,4,talent,47.173267834378315
338,5,would,57.564447388741
338,6,be,82.34271418128044
338,7,a,83.2681325316204
338,8,real,124.70063977415097
338,9,"shame,",111.11647589927186
338,10,for,94.86509810160346
338,11,you,90.29546437769567
338,12,have,75.19072466632824
338,13,such,63.169827193430514
338,14,a,58.460229258727665
338,15,beautiful,69.97495238110284
338,16,"voice,'",54.23127218429568
338,17,her,51.36896655982114
338,18,mother,82.99655034208534
338,19,had,64.59929287736065
338,20,argued,58.499350367297744
338,21,two,50.34235460661374
338,22,months,70.37003791346007
338,23,"back,",74.91875102278198
338,24,when,20.99971662492146
338,25,the,21.56821158427475
338,26,concert,29.35901991097202
338,27,was,8.105951877920935
338,28,first,14.108359288240267
338,29,announced.,10.290263440715792
339,1,Lucy,0.0
339,2,had,14.382603650468754
339,3,been,39.971281071011134
339,4,considering,23.659257031168995
339,5,"it,",21.526058096415262
339,6,for,37.55151548531363
339,7,she,63.84095338818932
339,8,did,42.28736320726008
339,9,love,19.128536779027105
339,10,to,18.232291856501906
339,11,sing.,19.64647713181517
340,1,That,0.0
340,2,very,30.627468465148965
340,3,"night,",29.68168220946731
340,4,the,33.7978809226529
340,5,first,21.74896433724626
340,6,text,23.658937960355985
340,7,message,37.89367939775845
340,8,had,6.184282673059046
340,9,come,9.616640669966824
340,10,through.,13.879472608867445
341,1,'How,0.0
341,2,does,66.72798623212492
341,3,it,85.20188929155265
341,4,feel,76.31279881457175
341,5,to,98.83022605039261
341,6,be,99.42929648581341
341,7,tall,94.34956634703013
341,8,and,69.09840487880601
341,9,lanky,91.7740511659238
341,10,like,106.84649201951125
341,11,a,101.83224702676641
341,12,giraffe?',103.78136493310842
341,13,it,38.515690652722405
341,14,had,69.97266557078997
341,15,"asked,",44.146387346263744
341,16,taking,25.256776097148283
341,17,Lucy,26.650091784321997
341,18,by,27.203328954807848
341,19,surprise.,13.30365472613992
342,1,One,0.0
342,2,of,44.38999073172367
342,3,the,61.19738740773562
342,4,popular,66.90356538418257
342,5,"girls,",49.55204793357906
342,6,Lucy,41.25016912929834
342,7,had,28.283135373028806
342,8,always,66.12128836613836
342,9,known,57.7925437650054
342,10,she,81.89334213169788
342,11,"wasn't,",67.66361235473288
342,12,but,60.79364631102792
342,13,before,52.02194577407247
342,14,the,67.35632127841218
342,15,messages,90.88782220126629
342,16,"began,",99.04128623372134
342,17,Lucy,82.47461279271099
342,18,had,71.09933144083321
342,19,always,49.35108558260876
342,20,been,30.207405682803067
342,21,quite,30.118945481925035
342,22,proud,28.859783140386728
342,23,of,22.008170371722578
342,24,being,9.530865655714543
342,25,a,14.290053586602358
342,26,little,9.124100050610947
342,27,different.,3.136548206455856
343,1,But,0.0
343,2,text,167.50140487058937
343,3,by,173.96904497682925
343,4,"text,",235.92764685934054
343,5,Lucy's,78.9091266481549
343,6,self-confidence,86.97870809895426
343,7,had,175.24051959396402
343,8,deflated,120.19010857614278
343,9,"and,",97.31302657730603
343,10,in,80.2246584049265
343,11,the,91.25859095613322
343,12,"end,",104.90931521258395
343,13,it,77.9890824976804
343,14,had,70.2220838401604
343,15,taken,51.06293306363922
343,16,some,50.14950291446247
343,17,doing,52.30825488099657
343,18,to,56.220445688439064
343,19,get,45.99459918323273
343,20,her,40.26941275980567
343,21,to,30.81556586889979
343,22,agree,41.942504272931664
343,23,to,23.126305042369765
343,24,perform,13.983754660391602
343,25,in,7.4961735104212845
343,26,the,20.193686354727557
343,27,show.,8.292857158230676
344,1,"Now,",0.0
344,2,"however,",33.14921567822015
344,3,Lucy,89.63467194861998
344,4,had,82.17611871497326
344,5,no,85.4693993618719
344,6,choice,76.6651025231418
344,7,but,47.369545098467306
344,8,to,45.54106751826073
344,9,make,32.555665283952784
344,10,her,37.892063104805636
344,11,way,37.99501845495285
344,12,towards,21.199433203436865
344,13,the,28.096544623290868
344,14,stage,24.08871340379032
344,15,where,20.924192340978678
344,16,Jill,23.840379850496728
344,17,was,23.028811424539256
344,18,beckoning,25.152753264123312
344,19,encouragingly,16.659147542289645
344,20,to,24.64531653541476
344,21,her.,12.140210332803665
345,1,She,0.0
345,2,was,7.992884755751186
345,3,the,5.573307792026017
345,4,first,23.40116077521002
345,5,performer.,5.6858717268856065
346,1,"Lucy,",0.0
346,2,announced,11.917967060234878
346,3,by,23.22179508112832
346,4,her,33.532637927637325
346,5,sister,37.99829403652118
346,6,to,27.022542872136047
346,7,the,41.5328371055297
346,8,"audience,",32.90473184907697
346,9,was,44.636886144592914
346,10,all,59.261410953720016
346,11,nerves,56.73237055836501
346,12,as,45.528945407105994
346,13,she,56.743746909749945
346,14,walked,33.55744543612404
346,15,out,25.59654588479333
346,16,onto,19.43073780306828
346,17,the,24.741031215762092
346,18,middle,18.155545737939438
346,19,of,30.59347340697701
346,20,the,39.54481421906518
346,21,"stage,",22.161659409701482
346,22,where,20.11482103638164
346,23,there,19.72902933361342
346,24,was,28.04315921991365
346,25,nothing,24.53384704036984
346,26,but,33.08925876400889
346,27,a,32.018089057883905
346,28,microphone,12.709188660817926
346,29,and,15.329050910048275
346,30,her.,9.815240010889209
347,1,She,0.0
347,2,heard,17.52520548143227
347,3,the,33.9123154268146
347,4,audience,41.524312441474386
347,5,applaud,28.201293559006093
347,6,and,19.62611626432603
347,7,could,24.087330706273047
347,8,feel,32.72468372783665
347,9,a,24.359681572266137
347,10,sense,23.98239433096621
347,11,of,23.15897639710453
347,12,anticipation,33.04787257943346
347,13,emanate,32.132140979920685
347,14,from,31.075065696770288
347,15,the,24.719545380194138
347,16,other,29.712086678348044
347,17,side,21.392157090980717
347,18,of,18.455983208883005
347,19,the,14.001755826147534
347,20,heavy,4.63180876151712
347,21,curtain.,5.9288124477401904
348,1,As,0.0
348,2,the,43.1861094239616
348,3,curtains,68.6028722987709
348,4,began,54.19425214477554
348,5,to,25.42544369911161
348,6,"part,",31.644357164211527
348,7,she,20.120191678356036
348,8,cast,15.85589595279007
348,9,a,39.44177095353663
348,10,worried,57.86460122804655
348,11,look,37.79687345927549
348,12,at,29.289222121262483
348,13,Jill,20.665641900336603
348,14,in,16.179182898991364
348,15,the,34.09846893216055
348,16,"wings,",31.670969910090857
348,17,who,30.560162882751154
348,18,assured,24.180286608887045
348,19,her,49.008969604953414
348,20,with,45.76542603971465
348,21,a,49.07960476475385
348,22,positive,19.495491139414035
348,23,thumbs,9.292424721687736
348,24,up.,17.270208431889408
349,1,Lucy,0.0
349,2,thought,13.490575043863194
349,3,to,56.658416470650145
349,4,herself,71.74766794042883
349,5,that,34.3361477517744
349,6,she,79.86721241509565
349,7,could,64.03492572466807
349,8,not,48.99608340175318
349,9,go,51.914683849360664
349,10,through,63.22977914164274
349,11,with,73.53562047469067
349,12,this,67.19643068473587
349,13,and,76.90945306573056
349,14,that,74.54980620842095
349,15,"she,",80.6798073947472
349,16,unlike,51.86632559560841
349,17,her,66.62321839981593
349,18,older,53.01367706594514
349,19,"sister,",51.07099313806107
349,20,was,77.26557085504662
349,21,not,31.725844489744063
349,22,confident,27.8543264613434
349,23,enough,36.57279549252187
349,24,to,30.74841648974462
349,25,put,15.983155079614075
349,26,herself,22.810765926682368
349,27,before,33.529437282134644
349,28,the,25.270843356941146
349,29,judging,17.27701448294564
349,30,audience.,21.96757828386702
350,1,The,0.0
350,2,crowd,35.93288834097178
350,3,looked,41.67727931459659
350,4,up,17.984153052062585
350,5,at,20.50270985797328
350,6,her,17.075734928786424
350,7,and,12.420117274701207
350,8,Lucy,14.997753732818948
350,9,was,11.213827693879102
350,10,ready,16.870240469502754
350,11,to,19.833085829555067
350,12,run,14.029939982210447
350,13,when,11.963207859717352
350,14,the,15.169340769840193
350,15,first,25.13206754559175
350,16,notes,27.10282058994049
350,17,of,40.19183984539809
350,18,the,48.02493303723312
350,19,music,37.32736030109761
350,20,sounded,20.332670686307633
350,21,out,20.79792409757207
350,22,and,22.33934391962642
350,23,a,26.098138655118092
350,24,sudden,34.33837441048331
350,25,calm,18.715363755364407
350,26,settled,20.994390569785207
350,27,over,10.855245397878821
350,28,her.,3.5902316908134106
351,1,She,0.0
351,2,closed,16.24038776231295
351,3,her,68.5609718215759
351,4,eyes,31.35082611881673
351,5,and,19.035474225671738
351,6,shut,19.74533545482172
351,7,everything,25.378415516185466
351,8,"out,",39.63559604599396
351,9,including,34.42366228454883
351,10,the,68.74806899572714
351,11,"audience,",101.37274068450344
351,12,the,49.07303308328078
351,13,nerves,59.44443618063809
351,14,that,36.34708615483458
351,15,threatened,54.56066490156358
351,16,to,47.35179240431031
351,17,take,34.94429237881567
351,18,"over,",30.284040458722473
351,19,the,36.68744691517643
351,20,text,50.044437648907724
351,21,"messages,",45.707446238057706
351,22,and,32.37280039860988
351,23,the,43.33501606616874
351,24,way,22.656308721775734
351,25,they,32.98216024565686
351,26,made,20.089617311442275
351,27,her,24.30710710370123
351,28,feel.,11.991417129677023
352,1,It,0.0
352,2,was,39.61592019883935
352,3,just,16.809142643883497
352,4,her,21.081335124846486
352,5,and,15.207277444642694
352,6,the,54.8345243778722
352,7,"music,",55.63171340963344
352,8,and,59.928133258606124
352,9,it,79.20657614626694
352,10,was,40.708035915207134
352,11,a,27.743020934289092
352,12,love,35.12596784289412
352,13,story,32.71605067171563
352,14,that,31.96156179348024
352,15,had,37.444156132430116
352,16,been,32.7077230352847
352,17,going,18.88127680593369
352,18,on,16.042696321163508
352,19,her,24.38871544690865
352,20,whole,23.5696958215452
352,21,life.,8.34121658804447
353,1,She,0.0
353,2,began,18.557522400138435
353,3,to,34.26245800139391
353,4,"sing,",27.074108430344243
353,5,and,24.44337409159478
353,6,all,27.8141784981096
353,7,the,50.413330857724574
353,8,pain,66.69729799187026
353,9,and,39.359206468414996
353,10,confusion,72.8740348616292
353,11,that,50.992646763927986
353,12,the,89.77870604285638
353,13,messages,71.35509286032408
353,14,had,56.71721574814062
353,15,been,33.43177745516461
353,16,causing,38.55878949427971
353,17,inside,40.48308245739376
353,18,her,42.009410979192005
353,19,just,9.915108136076565
353,20,flowed,5.369435885594925
353,21,out.,13.823010926453522
354,1,The,0.0
354,2,words,38.03382014874461
354,3,were,40.39605276520994
354,4,not,26.47909970918888
354,5,"important,",34.80502972824915
354,6,for,43.64266144824804
354,7,it,42.608691346310465
354,8,was,37.922119738775
354,9,the,17.30407126384444
354,10,feeling,65.80365455416442
354,11,behind,40.09394245126818
354,12,them,32.872081845719585
354,13,that,14.69579081875789
354,14,she,22.435147107889065
354,15,latched,18.379519491207713
354,16,onto.,15.620996883387662
355,1,Lucy,0.0
355,2,was,16.54489886806943
355,3,in,23.99496578979199
355,4,the,42.14209355741315
355,5,heart,33.59060296028412
355,6,of,41.362259208959145
355,7,the,48.13703375832044
355,8,song,55.50286710329474
355,9,with,57.92495097213021
355,10,the,41.40999454154997
355,11,rest,51.337421759973864
355,12,of,34.96084908412074
355,13,the,45.43215072273775
355,14,world,24.35669086383558
355,15,slipping,15.797626810477265
355,16,away.,5.674293119683467
356,1,When,0.0
356,2,the,38.75424584218047
356,3,song,49.594140343412434
356,4,finished,73.28464817008705
356,5,and,47.418964657158035
356,6,the,42.66060473943003
356,7,last,45.10933112864126
356,8,note,51.63842347374816
356,9,died,47.03803142665548
356,10,"away,",27.78330522602045
356,11,she,21.253388363838557
356,12,opened,11.2496251490427
356,13,her,14.679407256986577
356,14,eyes.,10.388462774973242
357,1,To,0.0
357,2,see,28.743226542296032
357,3,the,29.19508344021392
357,4,whole,59.50168249778694
357,5,audience,55.14431354519233
357,6,on,41.1629528144405
357,7,their,60.98120366775721
357,8,feet,48.134469754970056
357,9,and,44.55012412190733
357,10,the,35.383303505579654
357,11,hall,50.96637942370508
357,12,filled,34.85166669364025
357,13,with,30.157480382255187
357,14,cheers,28.146502509176628
357,15,and,23.358666785886882
357,16,applause,24.460678813941946
357,17,was,19.278908917648998
357,18,not,31.45540302888543
357,19,what,47.3370840005849
357,20,Lucy,35.47454609418431
357,21,had,7.830533096975128
357,22,expected.,1.62070394179433
358,1,Lucy,0.0
358,2,allowed,20.429945675224072
358,3,herself,59.42471544601161
358,4,to,24.049208429943516
358,5,enjoy,22.919669718704608
358,6,the,32.596367644010556
358,7,sense,44.738901394574846
358,8,of,45.5286620656887
358,9,achievement,41.06556342481449
358,10,and,29.641379537090142
358,11,belonging,38.312816854323664
358,12,that,50.84951484768235
358,13,she,25.81556209304012
358,14,had,24.052952019300513
358,15,not,27.01748821603586
358,16,felt,28.616358960849002
358,17,in,20.663452749297143
358,18,a,36.25049214197315
358,19,very,22.04206393460185
358,20,long,11.620244460727228
358,21,time.,3.88362830067448
359,1,Then,0.0
359,2,she,31.225049014865327
359,3,saw,38.57978939286765
359,4,her,22.408613296672023
359,5,"mother,",25.584716316127707
359,6,who,70.64962338014652
359,7,was,95.38734113516144
359,8,cheering,99.7147756474601
359,9,the,44.98285095961313
359,10,loudest,63.652196651325205
359,11,of,47.06952334183762
359,12,all,60.25013276418089
359,13,in,48.02214092039419
359,14,the,55.21487239440953
359,15,"crowd,",45.73081322523526
359,16,and,27.89896962111413
359,17,"Jill,",23.996740253039015
359,18,who,65.3715525939227
359,19,was,48.92059153116563
359,20,beaming,49.439749260460594
359,21,at,34.99133696189991
359,22,her,20.65027629850129
359,23,with,25.636817366504424
359,24,pride,21.38218954555743
359,25,from,28.050577865556694
359,26,the,22.425545603353083
359,27,wings.,12.291346367639248
360,1,She,0.0
360,2,knew,17.15194671875049
360,3,she,30.59023955269934
360,4,owed,31.59595883850162
360,5,them,50.90635077123058
360,6,big,59.230297744335076
360,7,time,57.73457116512196
360,8,for,54.62539785998062
360,9,reminding,48.920100606688735
360,10,her,57.2857896609668
360,11,what,33.82680814655405
360,12,she,29.23916188420163
360,13,was,31.473829099614054
360,14,capable,28.440025793854307
360,15,of,30.992371004658573
360,16,and,26.807727662604048
360,17,who,16.38609117793404
360,18,she,16.922007035121375
360,19,really,8.037734552341021
360,20,was.,1.0391478997519208
361,1,The,0.0
361,2,next,42.14223251939504
361,3,time,44.74242721090019
361,4,her,45.68609120067019
361,5,phone,69.81601022875037
361,6,bleeped,60.320013958758025
361,7,she,22.249272058578235
361,8,would,21.6498182953265
361,9,tap,36.78324013381978
361,10,the,34.45469001855629
361,11,message,27.660745788479698
361,12,straight,12.279192143091207
361,13,into,14.443529394009676
361,14,oblivion,20.94412658937898
361,15,where,22.330579718672425
361,16,it,14.29569282248174
361,17,belonged.,10.175856216042447
362,1,The,0.0
362,2,Roswell,34.44936874635161
362,3,UFO,58.527547997798266
362,4,Incident,79.76361900931374
362,5,was,138.64011842985144
362,6,the,207.52225202950976
362,7,alleged,228.52000874551644
362,8,recovery,138.92368961596947
362,9,of,62.63375004741981
362,10,extra-terrestrial,80.46828455658984
362,11,"debris,",120.00605927853013
362,12,including,86.67801225632451
362,13,alien,122.1988581990011
362,14,"corpses,",104.47664745091873
362,15,from,87.06275378465645
362,16,an,92.05694130074441
362,17,object,87.98910109928505
362,18,that,79.3764403578321
362,19,crashed,78.61513081964614
362,20,near,83.10036784126133
362,21,"Roswell,",67.44893165713168
362,22,New,50.82614777988794
362,23,"Mexico,",61.38862279618516
362,24,on,38.304595460175314
362,25,or,60.42352775807041
362,26,about,104.1564617711202
362,27,July,56.29894055346779
362,28,"eighth,",71.28747208747181
362,29,nineteen,42.489626667446814
362,30,forty-seven.,38.3451564064907
363,1,Since,0.0
363,2,the,60.95955603951045
363,3,late,99.84325941437079
363,4,nineteen,116.70048703157433
363,5,"seventies,",92.82271434766386
363,6,the,66.30774387301923
363,7,incident,125.65978976973527
363,8,has,118.80225054744672
363,9,been,91.1361896996356
363,10,the,81.47577956326226
363,11,subject,107.02395661737032
363,12,of,91.6670717657117
363,13,intense,82.0870590470678
363,14,controversy,75.11805305324086
363,15,and,85.14524740743026
363,16,the,65.77138476145242
363,17,subject,75.30787262676392
363,18,of,115.74144951264368
363,19,conspiracy,86.866735354457
363,20,theories,55.773931797033356
363,21,as,71.50918664976606
363,22,to,70.17887560688823
363,23,the,51.81547924734829
363,24,true,72.87492564576935
363,25,nature,51.60933830528003
363,26,of,30.648375399052426
363,27,the,12.334938024474889
363,28,object,8.49109973172481
363,29,that,21.6977468060863
363,30,crashed.,12.938650761389933
364,1,The,0.0
364,2,United,35.93288834097178
364,3,States,88.46342606868564
364,4,military,108.13772262771595
364,5,maintains,93.40434247461681
364,6,the,123.34360172442014
364,7,debris,119.62247020594164
364,8,recovered,90.92659495897705
364,9,was,97.31223029763254
364,10,from,91.98324793872825
364,11,an,199.50651576695577
364,12,experimental,102.77728610382138
364,13,high-altitude,90.40673620689932
364,14,surveillance,126.44863342935471
364,15,balloon,67.19091051459547
364,16,that,73.0284361990466
364,17,belonged,83.38820178936365
364,18,to,68.5858172952328
364,19,a,63.46091554773728
364,20,classified,26.52887206341557
364,21,program,19.154733778345804
364,22,named,29.875262162153664
364,23,'Mogul'.,12.833215439556078
365,1,"However,",0.0
365,2,many,45.885166622488725
365,3,UFO,112.20867992873086
365,4,proponents,177.2430745737209
365,5,maintain,128.84340602327654
365,6,"that,",100.4478458493527
365,7,in,87.1572553276005
365,8,"fact,",94.41716653570887
365,9,a,61.52813713261231
365,10,crashed,57.142531466459765
365,11,alien,101.42743357523493
365,12,craft,60.66696161163225
365,13,and,55.15352699976436
365,14,bodies,77.88384020823335
365,15,were,57.26714188310338
365,16,"recovered,",40.20011224315134
365,17,and,32.57116479040517
365,18,that,30.07899951768913
365,19,the,21.463272970506225
365,20,military,44.21159265503139
365,21,then,27.36876198500339
365,22,engaged,29.540074086380613
365,23,in,21.13108260608229
365,24,a,13.958323622422013
365,25,cover-up.,12.485983905131539
366,1,The,0.0
366,2,incident,42.095227597122424
366,3,has,77.40331328646867
366,4,turned,77.5068100380008
366,5,into,66.8311159726801
366,6,a,67.84839765209989
366,7,widely,60.839898680216024
366,8,known,96.43200021682411
366,9,pop,69.02178798370784
366,10,culture,56.26275799958939
366,11,"phenomenon,",67.26747964151237
366,12,making,29.210810049756773
366,13,the,28.029303566633878
366,14,name,40.1468793561387
366,15,Roswell,34.95229464556899
366,16,synonymous,36.09860312711956
366,17,with,23.24493231023323
366,18,UFOs.,10.534282432412612
367,1,It,0.0
367,2,ranks,32.623100111312716
367,3,as,54.084336312782604
367,4,one,77.73063823482741
367,5,of,79.53941210668992
367,6,the,42.18041043211212
367,7,most,48.154332719248806
367,8,publicized,30.738402606417655
367,9,and,17.79683045165173
367,10,controversial,37.64166840393495
367,11,alleged,12.73436910159051
367,12,UFO,12.145116451653504
367,13,incidents.,5.121929476142585
368,1,On,0.0
368,2,July,45.62843367300314
368,3,"ninth,",90.49434305136161
368,4,nineteen,36.7380010434149
368,5,"forty-seven,",78.94998697427748
368,6,a,213.72002383932175
368,7,press,237.49782369621624
368,8,release,223.4652205626572
368,9,that,184.9721847223296
368,10,Roswell,197.57310452016912
368,11,Army,107.28992451925929
368,12,Air,186.84216102825874
368,13,Field,274.2544298228015
368,14,issued,262.4035494110499
368,15,stated,158.9952289502403
368,16,that,111.36450592468451
368,17,personnel,105.91510724704754
368,18,from,90.30511458220955
368,19,the,119.225112718273
368,20,field's,93.34855560224318
368,21,Bomb,81.10464908588492
368,22,Group,88.38244498483483
368,23,had,76.84550725040867
368,24,recovered,47.26318109517566
368,25,a,45.426160749739765
368,26,crashed,61.040370257194255
368,27,'flying,91.9020998167278
368,28,disc',66.74359307724927
368,29,from,99.60370953100471
368,30,a,78.61922856427692
368,31,ranch,117.39393443000644
368,32,near,55.50905258832001
368,33,"Roswell,",60.79347852045417
368,34,sparking,41.67650624989374
368,35,intense,25.335078191123223
368,36,media,11.827347961140562
368,37,interest.,6.7073744706635
369,1,Later,0.0
369,2,the,22.23548558531977
369,3,same,74.68783312064537
369,4,"day,",128.18875337483666
369,5,the,84.72129951012907
369,6,Commanding,121.11997130214634
369,7,General,89.84185059100788
369,8,of,76.19617505725589
369,9,the,81.0533482089764
369,10,Eighth,81.99618711197888
369,11,Air,75.88882271211583
369,12,Force,86.21293092445117
369,13,stated,84.93291771266635
369,14,"that,",111.58172138858544
369,15,in,64.5798613960551
369,16,"fact,",57.09963800443434
369,17,a,54.565469731365546
369,18,weather,59.00593677750284
369,19,balloon,143.03904419530897
369,20,had,95.9690713768133
369,21,been,86.5478304617062
369,22,recovered,75.77640562894224
369,23,by,85.28607914171192
369,24,the,68.60095699248174
369,25,Roswell,99.98047136530626
369,26,Army,100.43902679399477
369,27,Air,86.32927956327023
369,28,Field,115.60444124828588
369,29,"personnel,",102.81191783101792
369,30,rather,72.92418552663044
369,31,than,47.341798140441675
369,32,a,47.17195470115608
369,33,'flying,41.6392664461053
369,34,saucer'.,21.622915321333963
370,1,A,0.0
370,2,subsequent,26.59931283041957
370,3,press,36.464416545867174
370,4,conference,72.4533450896573
370,5,was,30.32138217029323
370,6,"called,",56.56175637345512
370,7,featuring,52.07843678641439
370,8,debris,34.07346953403113
370,9,from,48.837553835780135
370,10,the,66.61960878494395
370,11,crashed,63.16113086919181
370,12,object,36.27077061633638
370,13,that,36.26744563275159
370,14,confirmed,26.619024191991585
370,15,the,18.45832769519017
370,16,weather,12.204287496516105
370,17,balloon,15.790460193988341
370,18,description.,9.416617158515535
371,1,The,0.0
371,2,case,41.69775230133796
371,3,was,34.09304821098801
371,4,quickly,46.07637349406498
371,5,forgotten,53.784740127222484
371,6,and,44.425398175918005
371,7,almost,49.74767699505695
371,8,completely,65.82214251714952
371,9,"ignored,",32.67190388612203
371,10,even,42.42470172667767
371,11,by,44.4118421594117
371,12,UFO,32.46953860817515
371,13,"researchers,",74.96709915105566
371,14,for,27.930503091604283
371,15,more,43.15285223048088
371,16,than,48.13539040765964
371,17,thirty,35.32557958857852
371,18,years.,2.3365517058008463
372,1,"Then,",0.0
372,2,in,51.569292295511445
372,3,nineteen,172.08152024913664
372,4,"seventy-eight,",209.70470636551397
372,5,nuclear,172.88592575891943
372,6,physicist,162.59667361439972
372,7,and,169.97834303587416
372,8,author,200.8469328973593
372,9,Stanton,154.99749223093428
372,10,Friedman,143.93843318641916
372,11,interviewed,131.4459104417828
372,12,Jesse,103.33880885694919
372,13,"Marcel,",101.5501146475055
372,14,the,101.65835210080866
372,15,only,93.00542080473858
372,16,person,109.62433846899526
372,17,known,104.62069186411418
372,18,to,99.53214150909008
372,19,have,73.56400337350183
372,20,accompanied,60.18507164136817
372,21,the,49.86619299148893
372,22,Roswell,43.226555959826214
372,23,debris,54.875011415651095
372,24,from,87.37710784448277
372,25,where,84.01656667464084
372,26,it,65.49456365790462
372,27,was,25.25288902051589
372,28,recovered,14.612826234809623
372,29,to,30.361624582905485
372,30,Fort,20.838841671075954
372,31,Worth.,10.793917652953194
373,1,Over,0.0
373,2,the,27.579578167946202
373,3,next,56.83075478163494
373,4,few,61.48342757678943
373,5,"years,",70.87492306053392
373,6,the,48.699474726821194
373,7,accounts,59.13702923100639
373,8,he,81.30659352228514
373,9,and,82.39523336178983
373,10,others,89.14914338440725
373,11,gave,64.95653397136083
373,12,elevated,60.6265318440761
373,13,Roswell,94.88686766554969
373,14,from,100.381177505672
373,15,a,66.10424108032171
373,16,forgotten,65.92120471752698
373,17,incident,47.49974097416516
373,18,to,36.082909495250014
373,19,perhaps,55.63504244555945
373,20,the,50.53617904338721
373,21,most,93.12876559030558
373,22,famous,47.357194613162825
373,23,UFO,37.21031189174448
373,24,case,31.398493049339024
373,25,of,11.002339199682984
373,26,all,19.043920835132237
373,27,time.,3.0797526873547527
374,1,By,0.0
374,2,the,80.36042632503182
374,3,early,69.3246380810223
374,4,nineteen,173.948621693074
374,5,"nineties,",137.00645798102803
374,6,UFO,94.33820517311413
374,7,researchers,163.9975109157824
374,8,had,94.05656337436481
374,9,interviewed,114.53962270962882
374,10,several,97.27486938849837
374,11,hundred,121.1967992629528
374,12,people,142.01186289353586
374,13,who,107.62502342740231
374,14,"had,",98.67794641994325
374,15,or,116.6852258070847
374,16,who,127.86386714046716
374,17,claimed,96.52221294241227
374,18,to,90.02720480698396
374,19,have,93.85698507527516
374,20,"had,",70.06353810781818
374,21,a,75.65923950283906
374,22,connection,65.2104554774571
374,23,with,54.71975905433265
374,24,the,71.42595167953112
374,25,events,41.92707847179409
374,26,at,55.95637853880743
374,27,Roswell,63.111890107964484
374,28,in,35.74609115830823
374,29,nineteen,33.029093522375625
374,30,forty-seven.,25.06065217843398
375,1,"Additionally,",0.0
375,2,hundreds,69.80959613578645
375,3,of,94.15724055632737
375,4,documents,82.50828050340485
375,5,were,67.3471182717862
375,6,obtained,86.23183009795449
375,7,by,66.01451345329814
375,8,Freedom,32.52618032031489
375,9,of,63.83687789918845
375,10,Information,95.81883631911307
375,11,Act,56.82260865139417
375,12,"requests,",41.37664813744358
375,13,as,55.67409913587786
375,14,were,61.69667118736002
375,15,some,53.27871505764089
375,16,that,15.783880604000547
375,17,insiders,30.428451506682816
375,18,apparently,19.451521299111317
375,19,leaked.,9.256669575767816
376,1,Their,0.0
376,2,conclusions,17.350871483766863
376,3,were,129.0327988218515
376,4,that,135.7159194310104
376,5,at,146.52796031003925
376,6,least,246.74074577563746
376,7,one,131.15155938310866
376,8,alien,148.187524097805
376,9,craft,140.43845433066778
376,10,had,182.64325757809974
376,11,crashed,193.6935866112744
376,12,in,138.76985870200932
376,13,the,135.39355446230255
376,14,Roswell,128.9235282687646
376,15,"vicinity,",125.41042214925554
376,16,that,101.58938619789942
376,17,"aliens,",136.00904580122773
376,18,some,138.99862004919328
376,19,possibly,127.47762282773199
376,20,still,93.2063846820549
376,21,"alive,",104.56862394458281
376,22,were,128.82525187861677
376,23,"recovered,",132.31340585222975
376,24,and,89.30384818521209
376,25,that,79.55054815531595
376,26,a,103.51061071105028
376,27,massive,110.98641806114915
376,28,cover-up,69.67782560843513
376,29,of,53.93607269220921
376,30,any,80.4526215806278
376,31,knowledge,48.07192690962042
376,32,of,59.856081755838716
376,33,the,52.8167174284421
376,34,incident,42.6155843975209
376,35,was,31.440617169817262
376,36,put,18.79055085455584
376,37,in,17.622146232815673
376,38,place.,12.048846810831998
377,1,Numerous,0.0
377,2,"books,",125.69739205651992
377,3,"articles,",143.6505041319109
377,4,television,154.9519271474147
377,5,specials,149.2516612465738
377,6,and,112.78175363862988
377,7,even,126.10045059708199
377,8,a,149.57339263119587
377,9,made-for-TV,163.45302063646548
377,10,movie,180.08849691933423
377,11,brought,169.63496041136966
377,12,the,265.22964365842864
377,13,nineteen,264.3663285872805
377,14,forty-seven,249.11114000078217
377,15,incident,240.78284298449805
377,16,fame,233.818205350003
377,17,and,192.56768017362174
377,18,"notoriety,",205.12875331108287
377,19,so,210.9643929477933
377,20,that,252.16820832413086
377,21,by,168.5888840206812
377,22,the,202.64310241871405
377,23,mid,186.37616560859607
377,24,nineteen,201.3034402061565
377,25,"nineties,",201.1208572326251
377,26,strong,122.64028512306608
377,27,majorities,153.7497012586585
377,28,in,165.42014142872583
377,29,"polls,",164.46649427602986
377,30,such,238.9291104399429
377,31,as,238.48182131524058
377,32,a,317.54748872199394
377,33,nineteen,328.5362157194127
377,34,ninety-seven,295.43533013278574
377,35,CNN,335.09754586845855
377,36,Time,233.32635569244482
377,37,"poll,",236.67104436144348
377,38,believed,106.95069200810276
377,39,that,149.23932454406645
377,40,aliens,114.5108702630966
377,41,had,108.33592248585893
377,42,visited,79.13556556311943
377,43,earth,115.49391961277975
377,44,and,116.64326449102695
377,45,specifically,120.62585841739629
377,46,that,89.92013059058665
377,47,aliens,128.1856166047654
377,48,had,92.70146465474969
377,49,landed,62.52768218750403
377,50,at,69.26965691512122
377,51,Roswell,57.45543017684775
377,52,and,30.270956273931578
377,53,the,24.017445883936873
377,54,government,44.230900523806646
377,55,was,39.512400458063816
377,56,covering,20.2578171427649
377,57,up,20.85522091715762
377,58,the,14.445886985932281
377,59,fact.,11.464288180716999
378,1,During,0.0
378,2,the,46.060288988625686
378,3,nineteen,74.93085974078778
378,4,eighties,93.25434470997908
378,5,and,98.34063736275398
378,6,nineteen,102.34494897880245
378,7,"nineties,",87.16240964764685
378,8,a,64.78628404570547
378,9,new,81.56148023801371
378,10,narrative,72.1514503559684
378,11,emerged,70.85095409645714
378,12,which,55.03006456731526
378,13,was,49.037051475006535
378,14,at,53.632801366387135
378,15,strong,125.61503661631039
378,16,odds,74.35256201487314
378,17,with,54.68769229788892
378,18,what,81.62638477062282
378,19,was,60.00453684147265
378,20,reported,47.209403979813274
378,21,in,58.33176571590183
378,22,nineteen,26.800944156280526
378,23,forty-seven.,29.362561959503648
379,1,This,0.0
379,2,narrative,57.38776531194337
379,3,evolved,215.8017610073971
379,4,over,67.30552323577913
379,5,the,105.02311819645169
379,6,years,101.86999446690838
379,7,from,76.90978189655901
379,8,the,50.77065611573452
379,9,time,66.04857513324947
379,10,the,89.76082603854208
379,11,first,143.18259179362173
379,12,book,88.33049362654509
379,13,on,73.23717545500409
379,14,Roswell,86.31008934137708
379,15,was,77.71239784086822
379,16,published,61.61379734844513
379,17,in,88.14054919361749
379,18,nineteen,66.57962006689594
379,19,"eighty,",56.83215304358211
379,20,as,36.24379717984253
379,21,many,48.056997461162155
379,22,new,42.10263678170424
379,23,witnesses,58.4240669181852
379,24,and,33.86462295015058
379,25,accounts,34.75564910213101
379,26,"emerged,",48.959746853534305
379,27,drawn,34.14288148469431
379,28,out,32.18672897735851
379,29,in,28.663176776746397
379,30,part,28.35231629187283
379,31,by,51.35013236351311
379,32,the,35.53011606553206
379,33,publicity,25.711507588335103
379,34,on,29.629068274578973
379,35,the,19.08323764249201
379,36,incident.,10.083946753960156
380,1,Of,0.0
380,2,the,40.81198936666863
380,3,hundreds,74.78100093813197
380,4,of,139.55274780630796
380,5,witnesses,159.36381872791642
380,6,that,157.1139712703451
380,7,the,117.10669560636961
380,8,various,166.86028450504998
380,9,researchers,183.64567772071052
380,10,"interviewed,",118.33592268531993
380,11,a,66.94328099378102
380,12,seemingly,72.99045086390282
380,13,impressive,93.6257350531419
380,14,"figure,",105.69540577392839
380,15,a,78.20552739331414
380,16,comparable,80.82202724399964
380,17,few,77.51752954464642
380,18,were,81.4712125639686
380,19,true,73.00716637368814
380,20,'witnesses',67.29501217210634
380,21,who,48.063937982271455
380,22,claimed,36.51921699024894
380,23,to,44.465500714234146
380,24,have,35.70948916561667
380,25,actually,20.153141804875325
380,26,seen,22.558936976494806
380,27,debris,11.377886965624372
380,28,or,21.997525473300676
380,29,aliens.,12.059183007285561
381,1,Most,0.0
381,2,of,60.38247031833211
381,3,these,96.05919806808038
381,4,so-called,59.29335234556018
381,5,witnesses,120.77388511037029
381,6,were,120.71185578371829
381,7,repeating,97.89883388267492
381,8,the,87.22163152950615
381,9,claims,105.0371290210782
381,10,of,105.35433717599126
381,11,"others,",102.78218434170061
381,12,and,96.84277011548558
381,13,their,99.67620011085423
381,14,testimony,95.00686279877041
381,15,would,71.07097111474496
381,16,be,46.51443755536632
381,17,inadmissible,41.38091223229341
381,18,hearsay,41.48667968151379
381,19,in,19.943277736698292
381,20,an,17.1686068017521
381,21,American,17.81783724566908
381,22,court.,10.853851548865387
382,1,As,0.0
382,2,for,33.94449922820116
382,3,the,35.63178386756359
382,4,several,75.12842240320933
382,5,accounts,130.2511954653464
382,6,from,84.1258440640381
382,7,those,58.608730688311546
382,8,who,68.8854576803342
382,9,claimed,98.51271013252584
382,10,to,70.37594635593263
382,11,have,76.39798044568288
382,12,seen,57.38945383760954
382,13,"aliens,",37.946978885052644
382,14,critics,55.78972831752378
382,15,identified,41.5092014438303
382,16,a,36.22637898119254
382,17,variety,32.42957225862067
382,18,of,19.78829538276725
382,19,problems,19.203093703554448
382,20,with,18.1967991330978
382,21,them.,7.849660558720837
383,1,These,0.0
383,2,problems,67.27361426266864
383,3,ranged,131.21085315371602
383,4,from,187.94504311654453
383,5,the,182.84245269984328
383,6,reliability,175.3037810043268
383,7,of,157.02774880023097
383,8,second-hand,166.3400603758305
383,9,"accounts,",157.00195484225455
383,10,to,128.74009363714615
383,11,serious,131.45512767997312
383,12,credibility,110.21743848369569
383,13,problems,93.9467879662063
383,14,with,70.36959813232399
383,15,witnesses,87.9017723507692
383,16,making,63.08592889686012
383,17,demonstrably,55.873174041748435
383,18,false,48.03139384498459
383,19,or,60.56019289016746
383,20,internally-inconsistent,48.97506308022545
383,21,"claims,",48.92131188049876
383,22,to,29.9040320434271
383,23,dubious,25.367472410595887
383,24,death-bed,28.893599379597447
383,25,'confessions',27.87603497144856
383,26,or,23.44696971937962
383,27,accounts,30.596892825160502
383,28,from,24.04875743231392
383,29,elderly,19.202018959784144
383,30,or,12.441145281703648
383,31,easily,27.987718023934768
383,32,confused,25.77425803891397
383,33,witnesses.,12.538703661919072
384,1,A,0.0
384,2,basic,18.045528672658644
384,3,problem,105.5001347803296
384,4,with,131.93225708447
384,5,all,129.4762705336439
384,6,the,162.11676015475066
384,7,witness,166.83332725642313
384,8,"accounts,",133.1808332435383
384,9,according,159.19243457667864
384,10,to,136.62510141523038
384,11,the,119.36330980733044
384,12,"critics,",147.25535164480033
384,13,is,154.9270552744209
384,14,that,153.7237778837373
384,15,they,136.85196854549773
384,16,all,106.49051785720648
384,17,came,106.52197528986713
384,18,a,100.79179876832745
384,19,minimum,123.34782381250749
384,20,of,85.2460368080725
384,21,thirty-one,80.09949437612975
384,22,years,84.64737870105715
384,23,after,59.36011177555235
384,24,the,82.9299811679007
384,25,events,77.60342997724685
384,26,in,87.27364196383647
384,27,"question,",88.6166891389283
384,28,and,57.0956126859974
384,29,in,50.07472352500177
384,30,many,67.23633938785558
384,31,cases,61.515151636303486
384,32,were,35.05602040274966
384,33,recounted,28.774856478929948
384,34,more,31.826738627820685
384,35,than,35.26028845509364
384,36,forty,33.4478373643976
384,37,years,25.207409933528236
384,38,after,21.533252973483023
384,39,the,23.554082309405892
384,40,fact.,3.4803451981327846
385,1,Not,0.0
385,2,only,54.10745903622581
385,3,are,44.158486949189054
385,4,memories,89.91659416508153
385,5,this,62.1276931610478
385,6,old,74.29306827143849
385,7,of,84.36090307193135
385,8,dubious,100.42379510752544
385,9,"reliability,",147.5983452445486
385,10,they,113.42474242368824
385,11,were,71.7414614305245
385,12,also,76.08622543067206
385,13,subject,73.58123379934383
385,14,to,77.94066705969674
385,15,contamination,90.55356355735971
385,16,from,58.86377700394012
385,17,other,75.7283591152425
385,18,accounts,75.3503529434663
385,19,the,60.56962441874078
385,20,witnesses,65.35474621280424
385,21,may,47.08984163018453
385,22,have,34.570878310425705
385,23,been,29.670669864737384
385,24,exposed,32.15352429233089
385,25,to.,7.884848335387126
386,1,Though,0.0
386,2,there,107.56522540366262
386,3,had,125.984644359297
386,4,always,141.08273986491366
386,5,been,108.44799721606813
386,6,skeptics,146.26942979788683
386,7,who,135.18452399672148
386,8,had,134.7026265452121
386,9,many,145.10327804407103
386,10,objections,146.3150905037603
386,11,to,117.83497299574795
386,12,the,123.74805745203783
386,13,plausibility,146.3737503463166
386,14,of,119.80161507429962
386,15,these,138.4620174961842
386,16,"accounts,",119.93325317500978
386,17,it,112.98807425957263
386,18,was,89.44001596498067
386,19,not,94.02958316605408
386,20,until,90.52178021757568
386,21,the,132.60170810909037
386,22,mid,124.36977740063796
386,23,nineteen,152.99507831994677
386,24,nineties,115.7665313764542
386,25,that,80.85732646811093
386,26,a,65.63476273250726
386,27,strong,81.37969244776642
386,28,counter-argument,80.24870553511809
386,29,to,47.79147339812494
386,30,the,51.65079856063341
386,31,presence,70.90417819085677
386,32,of,107.72228136450764
386,33,aliens,85.43931927981478
386,34,was,18.03927333043038
386,35,widely,13.092621342225712
386,36,publicized.,4.253128389281711
387,1,The,0.0
387,2,General,41.27106472040853
387,3,Accounting,35.337802915554136
387,4,Office,47.50545370038104
387,5,launched,36.193779830955236
387,6,an,49.821592558658025
387,7,inquiry,76.63263632624252
387,8,and,64.53509100136947
387,9,directed,68.41960363041053
387,10,the,51.35732041065267
387,11,Office,41.24861427714755
387,12,of,63.71620283255754
387,13,the,48.10030445547158
387,14,Secretary,61.84335639415946
387,15,of,39.41764350744709
387,16,the,53.105258687442834
387,17,Air,38.327780054377165
387,18,Force,32.52624489980029
387,19,to,17.136852489414867
387,20,conduct,29.670769050356814
387,21,an,15.27017766322275
387,22,internal,7.2551532617175605
387,23,investigation.,2.871333653197126
388,1,The,0.0
388,2,result,22.466317947585416
388,3,was,15.348326479003726
388,4,summarized,13.46747528010388
388,5,in,14.797293345461936
388,6,two,9.287396986414823
388,7,reports.,10.162209436363954
389,1,The,0.0
389,2,"first,",31.478510166400902
389,3,released,68.30606051232826
389,4,in,87.71641942466303
389,5,nineteen,104.29402560930825
389,6,"ninety-five,",102.9403119842186
389,7,concluded,195.5089085505859
389,8,that,264.6289082589648
389,9,the,297.68405114698953
389,10,reported,315.7879101434454
389,11,recovered,242.2127996144029
389,12,material,170.59239333216775
389,13,in,226.06495623246718
389,14,nineteen,180.13951677659125
389,15,forty-seven,200.94736225232194
389,16,was,150.24967175401645
389,17,likely,125.00338840170141
389,18,debris,75.586923506878
389,19,from,87.98716087700934
389,20,a,90.36997629113861
389,21,secret,88.48484203630167
389,22,government,70.97159203633329
389,23,program,60.0012315606503
389,24,called,131.35855907754836
389,25,Project,79.34613817563296
389,26,"Mogul,",57.279927180857676
389,27,which,101.62367429301061
389,28,involved,175.863688711376
389,29,high,148.173094194454
389,30,altitude,151.81266500455263
389,31,balloons,114.88216115729155
389,32,meant,82.67231734081949
389,33,to,70.09316078656374
389,34,detect,66.835333911686
389,35,sound,57.88953937885443
389,36,waves,58.12218630857149
389,37,generated,40.84471626239432
389,38,by,33.379534674960205
389,39,Soviet,62.70589969853628
389,40,atomic,35.4380810426785
389,41,bomb,26.726775830583648
389,42,tests,20.015961322734125
389,43,and,28.59307093520603
389,44,ballistic,19.93226798497632
389,45,missiles.,4.760304246777058
390,1,The,0.0
390,2,second,29.086363575575096
390,3,"report,",31.985552169397046
390,4,released,118.86779038396811
390,5,two,322.89159643909363
390,6,years,331.2350788355183
390,7,"later,",341.57092073619145
390,8,in,320.579309992196
390,9,nineteen,385.2883746875773
390,10,"ninety-seven,",383.97650272161604
390,11,concluded,410.86779393805847
390,12,that,377.94416790297504
390,13,reports,343.1812639491935
390,14,of,187.15135943517316
390,15,recovered,150.94536152674402
390,16,alien,175.7442182542274
390,17,bodies,147.451581656656
390,18,were,135.4355804868327
390,19,likely,138.30388073858572
390,20,a,119.43994970510816
390,21,combination,113.33519030495988
390,22,of,91.69965433037211
390,23,innocently,86.67192639224976
390,24,transformed,100.4508870830614
390,25,memories,113.16691398771233
390,26,of,82.60075110322487
390,27,military,87.75824517539624
390,28,accidents,89.89663691131446
390,29,involving,83.55547426537595
390,30,injured,85.49909418733951
390,31,or,77.70531176869171
390,32,killed,104.17387611090946
390,33,"personnel,",79.84827566338312
390,34,innocently,59.05664804413962
390,35,transformed,78.25592379196395
390,36,memories,67.98923728683458
390,37,of,56.823216470329065
390,38,the,59.15657014702248
390,39,recovery,62.56866317020511
390,40,of,61.16972419182481
390,41,anthropomorphic,62.356664649533286
390,42,dummies,52.96661743169171
390,43,in,38.68976451587946
390,44,military,56.776714973522274
390,45,programs,45.806016476687915
390,46,US,30.08277107572472
390,47,conducted,60.220902576716874
390,48,in,46.61941141214213
390,49,the,54.26557443572883
390,50,nineteen,51.77048982200788
390,51,"fifties,",78.83771487247857
390,52,and,78.37873492611423
390,53,hoaxes,69.58686826246222
390,54,that,37.18230209854545
390,55,various,47.283510946668606
390,56,witnesses,65.46495078620099
390,57,and,45.17356252921658
390,58,UFO,87.0290523546141
390,59,proponents,80.42863329470329
390,60,perpetrated.,44.974977662380965
391,1,The,0.0
391,2,psychological,41.27106472040853
391,3,effects,64.8148071963684
391,4,of,73.14345368139907
391,5,time,104.26237564206997
391,6,compression,93.55677482566013
391,7,and,57.663517134857265
391,8,confusion,76.89879977240551
391,9,about,51.03721993750872
391,10,when,49.59982849760707
391,11,events,62.44669655686189
391,12,occurred,49.76149240439642
391,13,explained,33.1322115815467
391,14,the,34.36052964619589
391,15,discrepancy,40.15866756297678
391,16,with,25.03244362837874
391,17,the,7.594026800070648
391,18,years,8.151160373216856
391,19,in,18.66991032150378
391,20,question.,16.404880129368756
392,1,In,0.0
392,2,January,60.58826613421575
392,3,nineteen,106.10728513267058
392,4,"ninety-seven,",65.16315874362164
392,5,Karl,164.59842302741998
392,6,"Pflock,",145.9204381312071
392,7,one,172.76504190535036
392,8,of,208.1105193747166
392,9,the,236.91033371259132
392,10,more,254.0245666997994
392,11,prominent,278.8054484885452
392,12,pro-UFO,317.97104312298995
392,13,"researchers,",297.8428372250864
392,14,"said,",250.78580506917223
392,15,'Based,311.8923013657533
392,16,on,315.49270708271894
392,17,my,296.41009310037634
392,18,research,277.87185287910467
392,19,and,239.61543764914012
392,20,that,261.80723112799956
392,21,of,248.15196532568746
392,22,"others,",244.27632261587334
392,23,I'm,218.92366274852878
392,24,as,181.06891721322927
392,25,certain,221.6775629786416
392,26,as,270.76700537809563
392,27,it's,263.8876163404564
392,28,possible,233.57873533108045
392,29,to,211.76230284483563
392,30,be,209.73290730668052
392,31,without,202.73515045716087
392,32,absolute,185.61360416569883
392,33,"proof,",194.95438652324412
392,34,that,131.4198476749231
392,35,no,123.90739202580389
392,36,flying,138.71757472927283
392,37,saucer,149.4194000965396
392,38,or,114.54779141259252
392,39,saucers,122.39271629062955
392,40,crashed,92.60832679449108
392,41,in,89.12496892256053
392,42,the,104.23844159047131
392,43,general,100.71631857106233
392,44,vicinity,109.8506895653187
392,45,of,74.3160411334993
392,46,Roswell,70.69074139002468
392,47,or,69.2119861877857
392,48,on,48.36755631533839
392,49,the,49.341649260019054
392,50,Plains,51.95208060612862
392,51,of,27.37258236998845
392,52,San,60.0513389961999
392,53,Agustin,51.71470739699813
392,54,in,35.15913230951012
392,55,nineteen,28.142225014459793
392,56,forty-seven.',57.459450262914075
393,1,He,0.0
393,2,then,14.858051752570798
393,3,"added,",50.41106481431681
393,4,'The,43.5462261323777
393,5,debris,75.17222191283516
393,6,found,65.25686245904834
393,7,was,74.6991332407203
393,8,the,64.18629659879028
393,9,remains,73.41372665300442
393,10,of,99.70891344682279
393,11,something,74.93919487996185
393,12,very,56.14126291967917
393,13,"earthly,",56.98599062186998
393,14,all,86.94687806588051
393,15,but,66.14322595713446
393,16,certainly,69.23644348585069
393,17,something,67.78789785315334
393,18,from,42.95069634678588
393,19,the,68.1998665998783
393,20,Top,43.365768971900124
393,21,Secret,37.99289234630385
393,22,Project,39.78562720751269
393,23,Mogul.',17.879686974063446
394,1,Although,0.0
394,2,most,73.70015189121352
394,3,now,110.76430358544707
394,4,agree,126.0359515995636
394,5,with,141.02893681241775
394,6,this,148.37245360262477
394,7,"conclusion,",153.5356376348086
394,8,each,91.59185171370383
394,9,"year,",129.68928979284647
394,10,during,113.45800094466006
394,11,July,68.68289255854701
394,12,Fourth,67.01175842296614
394,13,"weekend,",57.42492549582614
394,14,the,60.98159363841803
394,15,City,66.1166829072244
394,16,of,74.31236012432939
394,17,Roswell,114.90830733573692
394,18,hosts,86.43765334507094
394,19,the,95.7137099459727
394,20,Roswell,128.18702849633766
394,21,UFO,133.10346284945103
394,22,Festival,112.49251701077604
394,23,celebrating,114.90120941825533
394,24,all,60.75922288169387
394,25,things,75.1272856516317
394,26,"UFO,",62.67670306381255
394,27,featuring,34.09362327260237
394,28,prominent,16.896377708881126
394,29,UFOlogists,20.30879311219919
394,30,and,20.444855255655323
394,31,discussions.,7.602532375983166
395,1,Tulip,0.0
395,2,mania,26.224591527274857
395,3,was,39.696864865363835
395,4,a,99.99183866610419
395,5,period,89.87413921582015
395,6,in,177.09075022778234
395,7,the,138.64480874070577
395,8,Dutch,149.27533156277735
395,9,Golden,163.7162526383445
395,10,Age,191.67707455146942
395,11,during,143.7731328354643
395,12,which,186.93135467064923
395,13,contract,162.8667738294323
395,14,prices,210.91153373608532
395,15,for,78.30373593630623
395,16,bulbs,98.7727860807789
395,17,of,57.55277320640043
395,18,the,59.544059882872794
395,19,recently,106.19522123791793
395,20,introduced,106.95115352354635
395,21,tulip,81.97002547659277
395,22,reached,93.1894027711434
395,23,extraordinarily,57.598151516761185
395,24,high,59.089214093091094
395,25,levels,27.812350193543942
395,26,and,24.21887686613294
395,27,then,31.22799457247557
395,28,suddenly,10.383442837555792
395,29,collapsed.,4.0493091186111805
396,1,At,0.0
396,2,the,35.58308113256166
396,3,peak,47.07096636226969
396,4,of,101.20064486905636
396,5,tulip,99.39943479417879
396,6,mania,68.9431647390047
396,7,in,75.26509383417095
396,8,February,93.18307957101047
396,9,sixteen,161.6717065465356
396,10,"thirty-seven,",146.5271192288852
396,11,tulip,73.85070266606509
396,12,contracts,82.65863633592167
396,13,sold,137.59425263191898
396,14,for,91.10452055633175
396,15,more,140.25177963189842
396,16,than,154.5465698867412
396,17,ten,115.11506767332227
396,18,times,105.67861227001092
396,19,the,66.16796966005772
396,20,annual,64.30286948686268
396,21,income,33.52821958316027
396,22,of,28.895388579607868
396,23,a,14.671145086826598
396,24,skilled,14.792763483671946
396,25,craftsman.,7.223429566323021
397,1,It,0.0
397,2,is,19.590389663327358
397,3,generally,33.62846803655928
397,4,considered,24.46998410724953
397,5,the,17.92312647025645
397,6,first,19.554600826106906
397,7,recorded,6.280392920221434
397,8,economic,4.488222350213451
397,9,bubble.,7.785276549071546
398,1,The,0.0
398,2,"tulip,",40.33502781723899
398,3,introduced,68.60575335213817
398,4,to,107.96448106384882
398,5,Europe,106.23299137976983
398,6,in,125.74912650169126
398,7,the,133.15002048784442
398,8,mid,132.84379609092005
398,9,sixteenth,119.0213278955259
398,10,century,154.1570436290796
398,11,from,77.02269401029527
398,12,the,68.68780627486481
398,13,Ottoman,61.515719211298084
398,14,"Empire,",58.55699005176477
398,15,became,51.933600995050995
398,16,very,41.02952581468956
398,17,popular,49.50536902591899
398,18,in,49.28345477026925
398,19,the,39.39648686817072
398,20,United,43.29656317469076
398,21,"Provinces,",60.386139460699106
398,22,which,38.5974655439961
398,23,we,18.881479801893516
398,24,now,44.22739642835267
398,25,know,37.21648140522467
398,26,as,20.905223194385616
398,27,the,14.220310178344471
398,28,Netherlands.,16.369814382119035
399,1,Tulip,0.0
399,2,cultivation,15.636137037465524
399,3,in,236.44523208676517
399,4,the,299.4905111642674
399,5,United,283.50557955224
399,6,Provinces,670.5448470065667
399,7,is,449.09814760504185
399,8,generally,518.6071565912339
399,9,thought,324.9429941477303
399,10,to,267.0369680605097
399,11,have,271.47810632268653
399,12,started,281.4734201668942
399,13,in,217.74056820985456
399,14,earnest,235.21138555381268
399,15,around,181.23763614932668
399,16,fifteen,144.67525897345865
399,17,"ninety-three,",159.88322146799538
399,18,after,115.20380302494385
399,19,the,85.09250316612437
399,20,Flemish,108.44374528899085
399,21,botanist,123.36715990793533
399,22,Charles,108.92663929397068
399,23,de,123.85679253714125
399,24,l'Ecluse,90.91190007335673
399,25,had,73.66193786213975
399,26,taken,80.12958949121726
399,27,up,78.08120711140255
399,28,a,69.79631198085549
399,29,post,75.64982521552649
399,30,at,67.89867114764782
399,31,the,74.34166893473713
399,32,University,67.78644726548464
399,33,of,64.67193585533667
399,34,Leiden,74.80206141760867
399,35,and,50.836408985015765
399,36,established,82.90851214363687
399,37,a,58.38248524308032
399,38,botanical,61.063102794998315
399,39,"garden,",50.010883457512335
399,40,which,34.14691633741945
399,41,is,69.94201208177971
399,42,famous,157.1527930001157
399,43,as,160.03558948677838
399,44,one,68.43146384960922
399,45,of,72.98253166476987
399,46,the,28.253575148170555
399,47,oldest,21.160340449162735
399,48,in,6.18959683317649
399,49,the,30.20049684412273
399,50,world.,8.954205543835789
400,1,"There,",0.0
400,2,he,35.33829065835199
400,3,planted,35.832488996981695
400,4,his,61.40903476133221
400,5,collection,35.40242918023416
400,6,of,78.69982823360377
400,7,tulip,150.49789018642312
400,8,bulbs,135.83515293906177
400,9,that,115.30797446441531
400,10,the,90.99243473324155
400,11,Emperor's,127.32688949329653
400,12,ambassador,125.20007326467295
400,13,sent,86.2859516623198
400,14,to,72.3359404451152
400,15,him,54.67351095246407
400,16,from,48.99917762761618
400,17,"Turkey,",44.2758809308068
400,18,which,36.618405468887794
400,19,were,57.58087560150804
400,20,able,52.86785338473736
400,21,to,74.16141877687771
400,22,tolerate,55.62089840962092
400,23,the,35.035401800447595
400,24,harsher,41.93446166549781
400,25,conditions,29.398988709935672
400,26,of,24.31505090273543
400,27,the,12.397014287610805
400,28,northern,9.969423769427237
400,29,climate.,4.903269926995127
401,1,It,0.0
401,2,was,32.64421132567143
401,3,shortly,16.797624621789915
401,4,thereafter,71.660992124047
401,5,that,37.661263075278356
401,6,the,39.11325154267199
401,7,tulips,64.65299714732149
401,8,began,24.680562588671016
401,9,to,15.056542003419766
401,10,grow,18.771505608662906
401,11,in,7.736366784579178
401,12,popularity.,16.345376979289263
402,1,The,0.0
402,2,flower,41.69775230133796
402,3,rapidly,34.94002974581837
402,4,became,38.79205760383386
402,5,a,59.555069868215725
402,6,coveted,62.08475666036399
402,7,luxury,79.10396235366434
402,8,item,114.81749232690544
402,9,and,62.93263938428488
402,10,a,51.6391076207333
402,11,status,62.83573696353479
402,12,"symbol,",45.07221383293205
402,13,and,19.478101674631077
402,14,a,18.663463584082937
402,15,profusion,21.543127288522072
402,16,of,18.511268784076112
402,17,varieties,14.888381000539612
402,18,followed.,14.513998194185769
403,1,They,0.0
403,2,were,42.54270719261056
403,3,classified,30.96186705993769
403,4,in,140.9915918116788
403,5,groups:,215.58207724849098
403,6,one-colored,297.60850088829204
403,7,tulips,260.98490132836986
403,8,of,254.76589585255175
403,9,"red,",253.1148699715054
403,10,"yellow,",279.1597575148243
403,11,or,391.6898599473363
403,12,white,431.4126900653968
403,13,were,435.5624752704694
403,14,known,398.69636056680844
403,15,as,308.39695985019983
403,16,"Couleren,",285.8058315131435
403,17,but,285.51122746799
403,18,it,278.518099703501
403,19,was,288.50804820494966
403,20,the,235.16498790228025
403,21,multicolored,257.64313696637515
403,22,Rosen,249.21259256652613
403,23,(red,208.55033069375938
403,24,or,158.68389447580648
403,25,pink,177.6626480922974
403,26,on,164.86190926265266
403,27,white,155.44705006477545
403,28,"background),",147.76789219111856
403,29,Violetten,111.80788966735102
403,30,(purple,98.28659757613914
403,31,or,124.02764926058452
403,32,lilac,120.86017065512166
403,33,on,73.08717657247915
403,34,white,94.0928001833951
403,35,"background),",92.06724523281206
403,36,"and,",87.61423535221144
403,37,to,117.49028048688099
403,38,a,127.8947109175317
403,39,lesser,106.74796089081075
403,40,"extent,",87.6751669351008
403,41,the,70.21714685244015
403,42,Bizarden,85.43992237392943
403,43,"(red,",77.05910745625691
403,44,brown,65.55869846603642
403,45,or,41.552040269117335
403,46,purple,46.8414338395048
403,47,on,47.28386850128698
403,48,yellow,36.65963093836323
403,49,background),27.162988280982912
403,50,that,39.19992714407552
403,51,were,27.32694975103165
403,52,the,14.822334285463224
403,53,most,20.836327940404196
403,54,popular.,6.97633180839118
404,1,These,0.0
404,2,spectacular,82.4652132959064
404,3,and,225.75623791512265
404,4,highly,224.607971669066
404,5,sought-after,119.19125948129451
404,6,tulip,143.22605438923452
404,7,bulbs,162.2859143789374
404,8,would,220.29587680534573
404,9,grow,121.77836474522515
404,10,flowers,91.03255673784399
404,11,with,63.48303563382378
404,12,vivid,65.34819470570228
404,13,"colors,",59.83161659494191
404,14,"lines,",48.34730499273616
404,15,and,60.14260800698291
404,16,flames,70.27571159933942
404,17,on,66.1689699541508
404,18,the,58.12630417517243
404,19,"petals,",55.919208551913556
404,20,as,47.16609804964649
404,21,a,48.06405679003646
404,22,"result,",50.21619215403525
404,23,it,27.263920909582964
404,24,is,39.55888101329563
404,25,now,24.990058697554083
404,26,"understood,",33.461876052900784
404,27,of,36.18112573446571
404,28,being,48.14098555417414
404,29,infected,35.40814799571077
404,30,with,40.917627431190986
404,31,tulip-specific,38.70787849184135
404,32,virus,45.796363407588004
404,33,known,27.991745447143757
404,34,as,55.392052027765025
404,35,the,65.74115983977197
404,36,'Tulip,67.65884501714879
404,37,breaking,15.799015472467078
404,38,virus'.,6.438437064112717
405,1,The,0.0
405,2,Dutch,30.158228248812463
405,3,Golden,39.94209836688213
405,4,Age,82.83651695981315
405,5,growers,90.11153993948756
405,6,named,45.05878998509293
405,7,their,52.714980521631674
405,8,new,58.206162470287076
405,9,varieties,36.465624595002495
405,10,with,32.46715299382937
405,11,exalted,33.638398841516974
405,12,titles.,18.13310063017148
406,1,Many,0.0
406,2,early,54.23479774264705
406,3,forms,71.4739231550505
406,4,were,50.55893859321637
406,5,prefixed,40.96731687365658
406,6,with,21.87642450641467
406,7,"'admiral',",16.499466125199678
406,8,often,35.423780374884316
406,9,combined,24.622458228579188
406,10,with,22.018262903521954
406,11,the,13.06302767329199
406,12,growers',20.548992173640464
406,13,names.,16.114141306958427
407,1,'General',0.0
407,2,was,24.57142824584361
407,3,another,26.011150050664455
407,4,prefix,32.876555071472865
407,5,that,29.595694839636877
407,6,found,40.196845862654826
407,7,its,37.09327901994897
407,8,way,49.53436691319181
407,9,into,53.70190949894864
407,10,the,37.595600615126884
407,11,names,35.34634451990056
407,12,of,21.505155840977352
407,13,around,19.074573030241783
407,14,thirty,19.41480886131115
407,15,varieties.,7.81035744816687
408,1,Later,0.0
408,2,came,34.54627065115375
408,3,varieties,50.21179058055388
408,4,with,69.85580030683664
408,5,even,49.1148673471552
408,6,more,83.73864920319161
408,7,superb,118.33642040311153
408,8,"names,",127.27801253986928
408,9,such,75.72195516925498
408,10,as,42.9794634763369
408,11,even,37.396343063681094
408,12,'Admiral,44.697441579927016
408,13,of,45.406882934932746
408,14,Admirals',68.1786265060206
408,15,and,43.5631271576987
408,16,'General,22.011861480842384
408,17,of,16.75487332693868
408,18,Generals'.,10.397500624866714
409,1,Most,0.0
409,2,of,36.980237919224564
409,3,these,52.35249853581826
409,4,varieties,41.401092203593365
409,5,have,39.54144465972707
409,6,now,31.65642484285727
409,7,died,59.94841035710815
409,8,"out,",80.05063638378977
409,9,though,44.10339488672492
409,10,similar,59.832402039708406
409,11,'broken',70.14345109341579
409,12,tulips,45.02907748840794
409,13,continue,25.311898323757045
409,14,in,20.809403805155718
409,15,the,17.832543265150623
409,16,trade.,13.744885875013546
410,1,Tulips,0.0
410,2,grow,51.46739051108342
410,3,from,73.62969403880804
410,4,"bulbs,",74.70363763832904
410,5,and,21.775045377262614
410,6,can,49.21393692128882
410,7,be,28.436246367612437
410,8,propagated,20.056485864823436
410,9,through,15.160621711644824
410,10,both,8.16239931583821
410,11,seeds,13.469424821689483
410,12,and,13.444291105109741
410,13,buds.,3.347242717509507
411,1,Seeds,0.0
411,2,from,40.62751939949197
411,3,a,73.20985549496659
411,4,tulip,86.7744656303732
411,5,will,74.10160136209413
411,6,form,39.45309063663811
411,7,a,31.411358852440912
411,8,flowering,32.55323353526091
411,9,bulb,22.172702716683023
411,10,after,16.00558728733961
411,11,seven-twelve,12.646476110243938
411,12,years.,9.324024206139677
412,1,When,0.0
412,2,a,53.50755052934737
412,3,bulb,90.17302992854644
412,4,grows,88.04576964071832
412,5,into,70.68631828646521
412,6,the,77.5369479337727
412,7,"flower,",55.90275927127179
412,8,the,39.790255744348606
412,9,original,45.81466715028174
412,10,bulb,46.14401839823294
412,11,will,46.23925774674919
412,12,"disappear,",26.39383088287375
412,13,but,25.427021123985327
412,14,a,23.742874695048855
412,15,clone,62.455368760533815
412,16,bulb,42.880306083562196
412,17,forms,19.472833416078522
412,18,in,34.569277286307624
412,19,its,25.04379594518822
412,20,"place,",29.830675815776758
412,21,as,7.737492069751002
412,22,do,20.613167509215224
412,23,several,25.8895923206992
412,24,buds.,4.17254982570272
413,1,Properly,0.0
413,2,"cultivated,",15.062951882808749
413,3,these,20.852855829209943
413,4,buds,28.63250342373995
413,5,will,12.359395962100354
413,6,become,12.524771813438942
413,7,bulbs,12.04735756267657
413,8,of,18.68882246894832
413,9,their,12.2531491864831
413,10,own.,24.70016945163613
414,1,The,0.0
414,2,'tulip,40.083113133699975
414,3,breaking',173.1038291534238
414,4,"virus,",128.0378695555817
414,5,which,158.6324962137219
414,6,many,119.61005237061873
414,7,botanists,107.83232409148101
414,8,have,95.33937500185314
414,9,"studied,",82.0921306434591
414,10,spreads,62.871570752720615
414,11,only,64.28985096451045
414,12,through,72.25245507888951
414,13,"buds,",52.992146643874946
414,14,not,53.62177512868369
414,15,"seeds,",41.410012685719636
414,16,and,41.417716433586726
414,17,so,37.91971858149715
414,18,cultivating,33.6397767772646
414,19,the,33.12777131196889
414,20,most,45.12431642846539
414,21,appealing,29.627758718058438
414,22,varieties,12.081778871787002
414,23,takes,26.73103741959251
414,24,years.,17.41492050816167
415,1,Propagation,0.0
415,2,is,23.481036225594092
415,3,greatly,35.243993258814506
415,4,slowed,29.75257552194477
415,5,down,11.141497982301635
415,6,by,15.457700049698486
415,7,the,5.508110770672363
415,8,virus.,7.050876518203445
416,1,Tulips,0.0
416,2,bloom,45.64788835046874
416,3,in,76.55640123262926
416,4,April,66.6642577168824
416,5,and,131.22382477317473
416,6,May,161.38818385952513
416,7,for,105.18320033580538
416,8,about,76.44719087347016
416,9,a,53.14228981984397
416,10,"week,",59.91461697009217
416,11,and,35.80876411928216
416,12,the,29.05446827508536
416,13,secondary,40.73119318566533
416,14,buds,15.737590312637929
416,15,appear,9.458487412782786
416,16,shortly,7.9342531452219305
416,17,thereafter.,9.393710964756757
417,1,Bulbs,0.0
417,2,can,33.736562572279574
417,3,be,64.12352499501716
417,4,uprooted,93.6994874052073
417,5,and,77.66541484638358
417,6,moved,90.38119016191415
417,7,about,53.78457571180826
417,8,from,46.74739717104049
417,9,June,47.268745378866015
417,10,to,66.6735877756917
417,11,"September,",90.22438424906372
417,12,and,45.26387052513163
417,13,thus,44.235998412045696
417,14,actual,25.520131628253534
417,15,purchases,25.04378646464459
417,16,occurred,23.823783105480757
417,17,during,23.49262962983333
417,18,these,10.7864165819375
417,19,months.,4.015457604734264
418,1,As,0.0
418,2,the,29.207406341113547
418,3,flowers,66.48144566246006
418,4,grew,72.73803416300593
418,5,in,30.10643188988681
418,6,"popularity,",37.344557023714486
418,7,professional,60.18745299914333
418,8,growers,60.450878997452556
418,9,paid,56.16499747140281
418,10,higher,27.711319716220853
418,11,and,29.080826508139243
418,12,higher,28.608938403914394
418,13,prices,36.544798313175384
418,14,for,24.06007533646985
418,15,bulbs,15.166989385416393
418,16,with,22.664511582106226
418,17,the,9.169753312860312
418,18,virus.,7.917079388335204
419,1,By,0.0
419,2,sixteen,56.59120771448477
419,3,"thirty-four,",86.74232000913513
419,4,in,78.2398031916658
419,5,part,99.6168243045224
419,6,as,85.55751364114555
419,7,a,56.38290335965564
419,8,result,83.79572990104768
419,9,of,47.618604010088745
419,10,demand,45.07668202819279
419,11,from,70.03774298895887
419,12,the,51.379553919297415
419,13,"French,",42.801287966692676
419,14,speculators,30.697739114438978
419,15,began,36.28004944581357
419,16,to,28.26982323598311
419,17,enter,28.832406154664312
419,18,the,19.943187773648518
419,19,market.,11.374408467033563
420,1,In,0.0
420,2,sixteen,65.80943377317269
420,3,"thirty-six,",93.28078669858394
420,4,the,123.17400481689009
420,5,Dutch,171.75701512832146
420,6,created,119.90096687196329
420,7,a,75.15480316599047
420,8,type,85.73922019108815
420,9,of,69.48304029384236
420,10,formal,79.82651048499451
420,11,futures,46.97013465389533
420,12,"markets,",46.85470566005502
420,13,which,58.866500779173165
420,14,merchants,63.21096217584653
420,15,used,54.52599119985132
420,16,to,38.139276621085486
420,17,sell,35.460972311064
420,18,and,33.327754748439396
420,19,buy,46.41341890185048
420,20,contracts,34.12748079302376
420,21,to,24.20178151653983
420,22,buy,23.95546354616977
420,23,bulbs,23.447750058411163
420,24,at,18.138710667965032
420,25,the,28.210344022395223
420,26,end,14.603872474040402
420,27,of,35.566115445794765
420,28,the,15.94693343999104
420,29,season.,7.989530474653096
421,1,Traders,0.0
421,2,met,37.055761692593855
421,3,at,34.43739325040673
421,4,taverns,36.39364637296773
421,5,and,44.30889747218884
421,6,buyers,53.397748549869306
421,7,were,47.516720971769665
421,8,required,31.11517927422283
421,9,to,35.182626667307616
421,10,pay,12.116319509984843
421,11,a,8.685038651168334
421,12,fee,19.380619331069504
421,13,per,24.85884640707686
421,14,trade.,7.917883512029916
422,1,People,0.0
422,2,were,38.810397489756575
422,3,purchasing,26.88644818499408
422,4,bulbs,76.50426985149971
422,5,at,31.49446276114698
422,6,higher,36.83459234754958
422,7,and,66.29003963497411
422,8,higher,108.9283712452562
422,9,"prices,",72.39726232113287
422,10,intending,39.5265115781353
422,11,to,39.37222413622844
422,12,re-sell,31.32436314832847
422,13,them,22.01546647636784
422,14,for,16.480377717035836
422,15,a,9.736820515241801
422,16,profit.,7.1684299525954085
423,1,"However,",0.0
423,2,such,50.986807694957214
423,3,a,112.21880626721367
423,4,scheme,106.00801055521714
423,5,could,88.71178002342118
423,6,not,74.87265186863796
423,7,last,57.595483549898354
423,8,unless,50.038544029189886
423,9,someone,46.38326724746651
423,10,was,43.15479327504864
423,11,ultimately,32.59798806454699
423,12,willing,30.085195042201644
423,13,to,41.91498625337386
423,14,pay,38.91646495196247
423,15,such,34.172791105743926
423,16,high,61.03383801214919
423,17,prices,50.466304416397556
423,18,and,22.272883062265066
423,19,take,16.045661824730406
423,20,possession,9.335902607801035
423,21,of,27.34699421746971
423,22,the,6.310592185583785
423,23,bulbs.,5.171635919361942
424,1,In,0.0
424,2,February,54.529672316510386
424,3,sixteen,81.60032079988457
424,4,"thirty-seven,",46.99210681340426
424,5,tulip,75.3132167296655
424,6,traders,55.07526233888827
424,7,could,77.13279386372463
424,8,no,92.49562983105103
424,9,longer,116.755039928428
424,10,find,85.97241249928894
424,11,new,46.74704202686646
424,12,buyers,76.24082699889073
424,13,willing,58.2254315784724
424,14,to,42.59601450511536
424,15,pay,29.831191177913443
424,16,increasingly,20.426315637412312
424,17,inflated,27.46225375331073
424,18,prices,11.714201289940814
424,19,for,21.233417872781814
424,20,their,7.499691978183239
424,21,bulbs.,4.779901958704239
425,1,As,0.0
425,2,this,28.503834947462245
425,3,realization,54.25662990827817
425,4,set,44.05971043349251
425,5,"in,",76.08449322141257
425,6,the,46.68013922783697
425,7,demand,61.17333185039413
425,8,for,44.834670105690456
425,9,tulips,46.632392888356485
425,10,"collapsed,",37.234171077145426
425,11,and,23.740871269148954
425,12,prices,26.924936913356937
425,13,plummeted.,15.162652576839223
426,1,The,0.0
426,2,speculative,9.567650777682529
426,3,bubble,13.125689772486623
426,4,burst.,14.750715832323463
427,1,Some,0.0
427,2,were,85.56399945087489
427,3,left,70.3890153175717
427,4,holding,188.62335094671468
427,5,contracts,128.47410423742582
427,6,to,143.6540882503549
427,7,purchase,122.57795766448882
427,8,tulips,112.5291874848094
427,9,at,126.36551301031416
427,10,prices,114.0304130373012
427,11,now,86.4996913568468
427,12,ten,90.65618250944183
427,13,times,96.26068554657725
427,14,greater,78.4885031754949
427,15,than,112.74886230061767
427,16,those,105.89512441086114
427,17,on,116.52568472515061
427,18,the,95.06979838800112
427,19,open,112.0642236170866
427,20,"market,",94.92735298350208
427,21,while,80.0123422108007
427,22,others,88.28756959460347
427,23,found,79.51613838247927
427,24,themselves,73.38599023697785
427,25,in,56.24700204550674
427,26,possession,55.39730886022022
427,27,of,48.61589704890766
427,28,bulbs,36.1182929156178
427,29,now,40.61193725000139
427,30,worth,47.96625579218235
427,31,a,33.71249990990483
427,32,fraction,36.8339119035659
427,33,of,42.01341331644722
427,34,the,32.83064944080673
427,35,price,27.73676393672781
427,36,they,8.206363257001643
427,37,had,10.228174336740459
427,38,paid.,3.4055670254409485
428,1,The,0.0
428,2,event,40.58702230072801
428,3,was,72.82331829577699
428,4,popularized,119.65992871523015
428,5,in,77.63594355536644
428,6,eighteen,97.76459179264805
428,7,forty-one,132.60492973110198
428,8,by,206.92223345373475
428,9,the,121.75782812490297
428,10,book,127.40348265478889
428,11,'Extraordinary,93.23753168603074
428,12,Popular,105.4057405545597
428,13,Delusions,89.31201839302399
428,14,and,88.62547826930498
428,15,the,97.63502900658587
428,16,Madness,123.37901914360822
428,17,of,79.61691849605836
428,18,"Crowds',",69.96140436178979
428,19,that,37.90978157441512
428,20,a,26.452529023816602
428,21,British,36.00946904984532
428,22,journalist,58.07185777857529
428,23,Charles,46.777701681723485
428,24,Mackay,34.45398701864487
428,25,wrote.,12.477714436457813
429,1,That,0.0
429,2,crowds,41.15948237652874
429,3,of,99.50385646840726
429,4,people,112.54301145028575
429,5,often,96.35675006785235
429,6,behave,73.56946158689227
429,7,irrationally,49.35331888481937
429,8,was,47.48583082388289
429,9,the,51.191577978293765
429,10,main,79.40240006408827
429,11,thesis,67.3814534041524
429,12,of,55.00789406881422
429,13,the,62.40180925696935
429,14,"book,",64.25054179291165
429,15,and,37.088440148331046
429,16,tulip,43.884091832914315
429,17,mania,47.7411694885201
429,18,was,39.49604627039182
429,19,one,15.673271026240785
429,20,of,36.521511023833135
429,21,the,24.636808837179228
429,22,primary,15.982781393560499
429,23,examples.,4.480567431983065
430,1,According,0.0
430,2,to,54.12101952428104
430,3,"Mackay,",51.479795275724854
430,4,at,25.44663191870225
430,5,one,55.5015725898817
430,6,point,69.9603798611386
430,7,twelve,36.52171583367248
430,8,acres,67.22195514589838
430,9,of,71.26977097736115
430,10,land,84.03115351216076
430,11,were,46.03201529879781
430,12,offered,37.50705973288777
430,13,for,41.56620939302505
430,14,a,18.417118429705123
430,15,Semper,19.463638417394723
430,16,Augustus,15.51876093398178
430,17,bulb.,12.400544372599283
431,1,He,0.0
431,2,claims,15.276757962638978
431,3,that,50.75238020735793
431,4,many,91.93640725988722
431,5,such,101.82574883428622
431,6,investors,89.98084825930509
431,7,ruined,77.06403554387497
431,8,by,54.82707589525466
431,9,the,70.11486637296383
431,10,fall,59.13978215729875
431,11,in,43.02235803475173
431,12,prices,50.90683197868769
431,13,were,69.08135580866936
431,14,"desperate,",31.063580007415062
431,15,and,29.634123116097953
431,16,Dutch,26.244173428906432
431,17,commerce,35.51983066459505
431,18,suffered,18.984676516255067
431,19,a,19.848409580487182
431,20,severe,14.316222969269452
431,21,shock.,4.137672496867743
432,1,In,0.0
432,2,Mackay's,62.45962449272725
432,3,"account,",76.75451423953356
432,4,the,164.67863298406
432,5,panicked,175.54896566277225
432,6,tulip,173.38186593783706
432,7,speculators,131.9253041698609
432,8,sought,68.03633324167407
432,9,help,64.46005548674597
432,10,from,73.48864625132123
432,11,the,81.18406155897286
432,12,government,85.35893438927476
432,13,of,66.23977159987535
432,14,the,70.49811517787761
432,15,"Netherlands,",79.92430171208426
432,16,which,66.08951517333074
432,17,responded,68.45578981204797
432,18,by,65.23095662635754
432,19,declaring,69.02190218018801
432,20,that,84.32433775454008
432,21,anyone,48.76213677764571
432,22,who,61.208001875977224
432,23,had,69.65764301439975
432,24,bought,55.60248665644799
432,25,contracts,42.93485113370743
432,26,to,54.53817133365289
432,27,purchase,54.72646846300594
432,28,bulbs,40.651500380856476
432,29,in,38.54061931223774
432,30,the,46.99177734838978
432,31,future,52.5774149528682
432,32,could,36.061012755507946
432,33,void,35.74296150939361
432,34,their,31.492326599574593
432,35,contract,41.76793875437145
432,36,by,46.68301020409577
432,37,payment,43.20932248666662
432,38,of,34.38715695148151
432,39,a,16.417842932029348
432,40,ten,13.4042119362799
432,41,percent,25.830885884280672
432,42,fee.,5.86426205696872
433,1,Attempts,0.0
433,2,that,37.72156294439327
433,3,were,64.64858390051769
433,4,made,85.66634013502792
433,5,to,47.91035451909916
433,6,resolve,29.409103638444478
433,7,the,36.60898653804366
433,8,situation,53.750938657021905
433,9,to,42.93238892258852
433,10,the,30.278643363666593
433,11,satisfaction,87.10293684309994
433,12,of,43.85624160736853
433,13,all,13.452748045621822
433,14,parties,13.26598595144989
433,15,were,41.71144277603049
433,16,unsuccessful.,9.67339813180505
434,1,The,0.0
434,2,mania,42.069895240580934
434,3,finally,54.45960589661827
434,4,"ended,",46.82424486685612
434,5,Mackay,23.31647316426348
434,6,"says,",33.88709829864919
434,7,with,48.00092858023678
434,8,individuals,59.79244694426863
434,9,stuck,74.84845924112375
434,10,with,48.28017870225188
434,11,the,46.309564856361185
434,12,bulbs,49.20889000440792
434,13,they,38.920159397276976
434,14,held,43.67047089240774
434,15,at,41.07059550819175
434,16,the,38.700513517549716
434,17,end,26.88686102934748
434,18,of,28.91757137486844
434,19,the,20.250463161926774
434,20,crash.,11.59021341287212
435,1,No,0.0
435,2,court,32.210903100614395
435,3,would,137.59300549972625
435,4,enforce,100.59223147612745
435,5,payment,107.53880611676767
435,6,of,97.39735551843418
435,7,a,97.04086609610744
435,8,"contract,",66.94771470652026
435,9,since,55.01110257714872
435,10,judges,34.16266919581438
435,11,regarded,40.37986644604134
435,12,the,57.7433295535998
435,13,debts,44.42881856687836
435,14,as,33.29591696539746
435,15,contracted,38.17042158276734
435,16,through,29.85055683285939
435,17,"gambling,",40.98568935029163
435,18,and,19.26775702512127
435,19,thus,18.04547106921952
435,20,not,9.926018143067543
435,21,enforceable,13.020363087928112
435,22,by,8.178522426008163
435,23,law.,4.588970849887922
436,1,Although,0.0
436,2,Mackay's,33.82655490210065
436,3,book,82.9095779416221
436,4,is,98.72829176124358
436,5,a,114.23212873677578
436,6,classic,86.17999659077626
436,7,that,55.717848856526274
436,8,many,63.28301671518262
436,9,publishing,56.236166902026234
436,10,houses,61.703705363771626
436,11,continue,70.66055485540934
436,12,reprinting,30.070832513054114
436,13,"today,",44.8789058493102
436,14,his,41.85499793083098
436,15,account,26.544479244443536
436,16,is,25.240053775237662
436,17,contested.,6.609024573950823
437,1,Many,0.0
437,2,modern,66.63783430240383
437,3,scholars,67.51161623768346
437,4,believe,103.16051031521609
437,5,the,94.23869566735961
437,6,mania,87.87058880048008
437,7,was,95.2294168621281
437,8,not,77.522376875661
437,9,as,97.20177650390771
437,10,extraordinary,124.42263790221583
437,11,as,129.2932938918247
437,12,Mackay,125.93738679451027
437,13,"described,",91.86394684149509
437,14,with,91.99924413107632
437,15,some,86.16223061095947
437,16,arguing,80.45259844896125
437,17,that,62.929636309226844
437,18,the,55.022120817658895
437,19,price,45.748818067456256
437,20,changes,42.726984431729086
437,21,may,30.83195452565713
437,22,not,25.443834002823312
437,23,have,15.617914712433596
437,24,constituted,18.860011946574264
437,25,a,18.00845648746131
437,26,bubble.,8.516294394656452
438,1,Research,0.0
438,2,on,54.290712742095565
438,3,the,59.72351535189824
438,4,tulip,52.390298258686094
438,5,mania,32.865776058830036
438,6,is,33.03121494181016
438,7,difficult,99.47772920805349
438,8,because,52.02017835136522
438,9,of,30.7865200844587
438,10,the,25.585187204625772
438,11,limited,20.127337041551435
438,12,data,13.637566401279006
438,13,from,11.089745027497493
438,14,the,16.758406756855354
438,15,sixteen,13.858308576352508
438,16,thirties.,10.866698385673512
439,1,"However,",0.0
439,2,some,51.02119872168495
439,3,modern,119.66861590289054
439,4,economists,95.76142868223772
439,5,have,80.67796339676465
439,6,proposed,60.45648477195743
439,7,rational,56.86666114749942
439,8,"explanations,",64.41521960966605
439,9,rather,40.86567271923955
439,10,than,70.09034938617009
439,11,a,51.13393524113468
439,12,speculative,47.73302914119597
439,13,"mania,",37.56715717842262
439,14,for,22.57691849625601
439,15,the,30.365070417892873
439,16,rise,22.50495550543476
439,17,and,20.03334705025346
439,18,fall,70.80248133181892
439,19,in,32.273531273543924
439,20,prices.,7.412308539184425
440,1,For,0.0
440,2,"example,",93.53903584711954
440,3,other,150.6267505953392
440,4,"flowers,",124.40823143150101
440,5,such,105.03882055644075
440,6,as,84.43953010025281
440,7,the,71.12802081272821
440,8,"hyacinth,",61.283848933734475
440,9,also,76.89253392848663
440,10,had,59.78489080051165
440,11,high,45.200891918740375
440,12,prices,39.528159193428394
440,13,on,83.94083923081726
440,14,the,105.85464829398059
440,15,flower's,68.80493884285325
440,16,"introduction,",47.463943602305655
440,17,which,31.68606144144865
440,18,then,17.385830550379797
440,19,fell,24.185567520256967
440,20,dramatically.,13.705052738450584
441,1,The,0.0
441,2,high,40.58702230072801
441,3,prices,94.06413327673386
441,4,may,91.70867540085132
441,5,also,143.5128815508987
441,6,have,150.0969528798768
441,7,been,120.45058249224994
441,8,driven,117.49007382822815
441,9,by,67.83694137177795
441,10,expectations,116.0222963215894
441,11,of,56.272196579451396
441,12,a,46.21027015693759
441,13,parliamentary,44.718804533890925
441,14,decree,61.283455867385925
441,15,that,48.313782564386614
441,16,contracts,49.88127750380478
441,17,could,47.687391137032414
441,18,be,34.22660163948516
441,19,voided,35.45055401053353
441,20,for,41.83875894197555
441,21,a,34.51052999057337
441,22,small,43.68075587413705
441,23,"cost,",31.19584340479701
441,24,thus,16.556735520270486
441,25,lowering,12.156108873268218
441,26,the,10.362548825864396
441,27,risk,11.81145540311939
441,28,to,25.607565278124714
441,29,buyers.,10.698605700550088
442,1,Despite,0.0
442,2,these,78.60231785418289
442,3,disagreements,163.59176867194495
442,4,about,102.45011189825614
442,5,whether,100.06478889108597
442,6,the,116.61231496612999
442,7,phenomenon,131.08171275704436
442,8,technically,136.56324940269144
442,9,constituted,104.48688041864507
442,10,an,75.49735201860358
442,11,economic,92.50646783374312
442,12,"bubble,",133.9372669445853
442,13,the,73.11560023117858
442,14,term,68.90453158821079
442,15,'tulip,80.21679467019845
442,16,mania',114.99500774563785
442,17,is,69.17673940763402
442,18,still,50.50050738009657
442,19,often,52.91333800187417
442,20,used,36.52555362652649
442,21,metaphorically,42.188021223356415
442,22,to,30.85986826654566
442,23,refer,31.522727067171466
442,24,to,38.21901777451707
442,25,any,38.975128524392495
442,26,large,33.94804295759448
442,27,economic,29.6411273567794
442,28,"bubble,",20.91511185586806
442,29,when,16.214084681945415
442,30,asset,32.2451896640051
442,31,prices,56.012213536763774
442,32,deviate,21.756157844163177
442,33,from,17.635120094766883
442,34,intrinsic,15.757096396792765
442,35,values.,6.656998952769123
443,1,Tourette's,0.0
443,2,"syndrome,",13.835013641843984
443,3,a,80.5991581944169
443,4,neurological,101.93050931433687
443,5,disorder,117.16750523206167
443,6,characterized,96.5643627084597
443,7,by,124.3858045498632
443,8,"repetitive,",150.2592291738902
443,9,involuntary,92.54079161525436
443,10,"movements,",63.086287824652466
443,11,was,62.96569840538169
443,12,named,74.26598530349386
443,13,for,96.72930318571763
443,14,Dr.,105.59194333293512
443,15,Georges,42.235149500185365
443,16,Gilles,46.943722762254374
443,17,de,73.73075912763963
443,18,la,73.41113410053399
443,19,"Tourette,",91.0484082282892
443,20,the,60.7455050563854
443,21,pioneering,94.57871370927396
443,22,French,76.76177620696625
443,23,neurologist,63.53523675391824
443,24,who,46.247938657042816
443,25,first,81.71344092663705
443,26,described,72.38375736197604
443,27,the,85.25667139828427
443,28,condition,87.95444197310246
443,29,in,53.1769489030309
443,30,an,58.82523185451887
443,31,eighty-six-year-old,42.389847367939595
443,32,French,34.806494270697634
443,33,noblewoman.,31.774132797278867
444,1,It,0.0
444,2,is,56.4804068597705
444,3,almost,75.42306308066748
444,4,always,110.12324031814777
444,5,in,77.78249581957677
444,6,childhood,64.51780829280162
444,7,that,52.10092231413615
444,8,the,70.30784638567049
444,9,early,94.483688737132
444,10,symptoms,165.5152033771377
444,11,of,67.21368381228778
444,12,Tourette's,77.62742301889475
444,13,are,83.6660573040629
444,14,first,54.415337390303534
444,15,"noticed,",56.67807385116762
444,16,with,39.445185841052165
444,17,the,49.26265562917945
444,18,average,53.31099332049843
444,19,onset,68.11113038834347
444,20,between,61.034962198244386
444,21,the,46.2902038341979
444,22,ages,48.06637814198985
444,23,of,35.516920667085095
444,24,seven,26.446589277814358
444,25,and,35.66224824821309
444,26,ten,8.724109274936646
444,27,years.,16.77747030622024
445,1,It,0.0
445,2,is,61.96315873482856
445,3,estimated,77.05028862662621
445,4,that,161.9611089764138
445,5,two,177.94719012047955
445,6,hundred,200.92588153323786
445,7,thousand,209.40581565278768
445,8,Americans,182.03942064351028
445,9,have,166.44773045836845
445,10,the,144.13751497159578
445,11,most,171.6306008286486
445,12,severe,130.37494661367063
445,13,form,197.43118374874652
445,14,of,171.55814264603094
445,15,"Tourette's,",161.9219297807034
445,16,and,125.03299951461372
445,17,as,113.90888098112104
445,18,many,134.30880450489724
445,19,as,149.2210546980783
445,20,one,165.78759560495834
445,21,in,123.30509983938448
445,22,a,125.4373242344471
445,23,hundred,122.32372585869473
445,24,people,204.14984586257611
445,25,exhibit,118.39290629896958
445,26,milder,106.84274303419859
445,27,and,92.98255920470396
445,28,less,114.76552432929424
445,29,complex,90.05009374151115
445,30,symptoms,62.80035298422339
445,31,that,64.75430391477319
445,32,include,58.94958759172884
445,33,chronic,59.798727664686815
445,34,motor,52.680380385498324
445,35,and,50.066008685755804
445,36,vocal,80.21694496691192
445,37,tics,52.484602241934425
445,38,or,32.96849681120533
445,39,transient,26.561342314671478
445,40,tics,13.371378085484162
445,41,of,21.26607697106548
445,42,childhood.,7.216198750255687
446,1,For,0.0
446,2,the,63.80823264084339
446,3,majority,63.80356571962958
446,4,of,71.641519904351
446,5,people,99.85384941808032
446,6,diagnosed,89.14029199631096
446,7,with,79.97379814701992
446,8,the,93.56710547953216
446,9,"disorder,",129.06338800009925
446,10,Tourette's,87.77457295029518
446,11,is,64.88243997575948
446,12,not,71.46701125830366
446,13,a,46.26646514414171
446,14,chronic,46.65206542484507
446,15,condition,31.646529423329998
446,16,with,40.487890823589
446,17,symptoms,19.00958947294821
446,18,lasting,32.66936622298952
446,19,a,40.873620373439536
446,20,lifetime.,12.865664525273282
447,1,Rather,0.0
447,2,it,57.070557758969585
447,3,is,73.17059116784401
447,4,a,70.45223476416766
447,5,condition,56.74671649118673
447,6,whose,82.78201221810173
447,7,severity,77.78307540111017
447,8,peaks,45.25579129614205
447,9,in,38.571623140656726
447,10,the,46.68538108705262
447,11,early,47.68109751791541
447,12,"teens,",49.777812741045715
447,13,with,40.726848065489115
447,14,improvement,30.69381352444171
447,15,occurring,29.529791646769862
447,16,in,27.588533605546267
447,17,the,36.93290901388447
447,18,late,32.93430480333861
447,19,teens,42.91806143490611
447,20,and,20.401397898795306
447,21,continuing,18.615314342996058
447,22,into,6.474065840951301
447,23,adulthood.,12.83545974605309
448,1,"However,",0.0
448,2,approximately,45.9059916577164
448,3,ten,95.74930184156008
448,4,percent,102.72496906742025
448,5,of,87.50828774041537
448,6,those,52.93669333185267
448,7,affected,47.921208516177764
448,8,have,50.35566679471679
448,9,a,38.554914510177454
448,10,progressive,39.37154575066211
448,11,or,34.59999760132666
448,12,disabling,56.233595847387164
448,13,course,19.34754292628882
448,14,that,20.714285914012184
448,15,lasts,26.215377954464763
448,16,into,17.36483524695331
448,17,adulthood.,13.17171780542234
449,1,It,0.0
449,2,is,45.84923738293167
449,3,not,60.96961633665532
449,4,uncommon,74.1737329496578
449,5,for,109.74237373092241
449,6,symptoms,100.17084268067111
449,7,to,47.81377181409702
449,8,be,47.54191643012106
449,9,present,45.67431976214056
449,10,for,36.506622464250114
449,11,an,33.517466908048085
449,12,extended,50.298399925641164
449,13,period,34.97991665013708
449,14,of,23.84250824329031
449,15,time,31.55740161804806
449,16,before,20.464117381076296
449,17,a,32.14234653791204
449,18,formal,52.52305209684373
449,19,diagnosis,46.37451653371447
449,20,of,42.602547373597545
449,21,Tourette's,52.4340201208323
449,22,is,4.715631882858494
449,23,obtained.,25.89337578425059
450,1,The,0.0
450,2,reasons,32.09173150631733
450,3,for,65.83277250682538
450,4,this,73.0692720606371
450,5,are,162.16752392984054
450,6,many,205.97930348591862
450,7,and,139.18225762033975
450,8,may,140.4235262365729
450,9,include,131.82140085134216
450,10,the,208.60702692439943
450,11,fact,214.08586602216772
450,12,that,138.330909446004
450,13,for,137.06809449930546
450,14,families,121.70726832123702
450,15,and,190.11006322726547
450,16,physicians,191.46088891968185
450,17,unfamiliar,160.7920784050052
450,18,with,98.20946223933994
450,19,"Tourette's,",107.26679642135824
450,20,mild,88.74165108811027
450,21,and,78.26669323807182
450,22,even,88.5814013516633
450,23,moderate,64.22470477477903
450,24,tic,76.79421078055559
450,25,symptoms,67.6906053112576
450,26,may,46.120685855955685
450,27,be,35.06989461940681
450,28,considered,31.539870158073565
450,29,"inconsequential,",28.735980558500966
450,30,part,27.20584652821696
450,31,of,43.527171233958484
450,32,a,33.31350188510408
450,33,developmental,27.34477246899984
450,34,"phase,",36.46927811382056
450,35,or,16.721943234382795
450,36,the,23.10570694563978
450,37,result,27.78678695768355
450,38,of,17.82596010988186
450,39,another,5.51124254182602
450,40,condition.,12.230900549243389
451,1,For,0.0
451,2,"example,",63.80823264084339
451,3,parents,118.21063504399288
451,4,may,66.32005439116799
451,5,think,86.1878606694696
451,6,that,66.47621824978708
451,7,eye,78.24783030991217
451,8,blinking,78.71071602527327
451,9,is,79.59418703314587
451,10,related,51.85300098175884
451,11,to,52.610094666228534
451,12,vision,60.07577804260606
451,13,problems,42.34073291722041
451,14,or,34.30061243847915
451,15,that,24.346350724045468
451,16,sniffing,39.93901562086108
451,17,is,19.44310769822725
451,18,related,25.234914288694938
451,19,to,19.912352278623516
451,20,seasonal,21.558247519484723
451,21,allergies.,15.990879371346255
452,1,There,0.0
452,2,are,50.62285938506255
452,3,many,78.64308737346582
452,4,patients,97.99441289692663
452,5,who,65.72213744338654
452,6,are,100.7715942465041
452,7,self-diagnosed,76.6851192399104
452,8,after,60.082952556860775
452,9,"they,",62.44645543718538
452,10,their,49.43840515155061
452,11,"parents,",63.453200771482706
452,12,other,50.110304048236365
452,13,"relatives,",63.047045081352564
452,14,or,39.86041666870737
452,15,friends,84.07038929016329
452,16,read,69.03683242406603
452,17,or,36.539810364845906
452,18,hear,71.54897646987835
452,19,about,34.010646378458425
452,20,Tourette's,30.314225080030827
452,21,from,16.56740323998399
452,22,others.,14.389920922752122
453,1,Tics,0.0
453,2,are,26.94166011936587
453,3,classified,27.55937983749827
453,4,as,14.618453950538626
453,5,either,13.054042918024408
453,6,simple,9.756885180236036
453,7,or,14.749792285488327
453,8,complex.,9.131578194861307
454,1,Simple,0.0
454,2,motor,12.547512993371205
454,3,tics,50.06271877050841
454,4,are,68.63508533720812
454,5,"sudden,",29.492749292500765
454,6,"brief,",30.68361873686386
454,7,repetitive,28.623485857407264
454,8,movements,29.095674200344853
454,9,that,29.12351389195327
454,10,involve,26.389254768499594
454,11,a,12.427788797319089
454,12,limited,15.944814078973856
454,13,number,13.51407845090408
454,14,of,16.283040440565482
454,15,muscle,8.692900166245296
454,16,groups.,6.192587229888487
455,1,Some,0.0
455,2,of,41.76726631295549
455,3,the,88.23829940284502
455,4,more,122.62620017391704
455,5,common,94.75134980821872
455,6,simple,79.53825638327613
455,7,tics,86.47206922329173
455,8,include,83.33223803283362
455,9,eye,35.69275541492145
455,10,"blinking,",30.48740459040774
455,11,facial,40.59960406776392
455,12,"grimacing,",31.60130676801719
455,13,shoulder,24.648656496269936
455,14,"shrugging,",26.27931511690952
455,15,and,15.528258235170137
455,16,head,9.864495762151257
455,17,or,19.983570538883637
455,18,shoulder,34.80045503340367
455,19,jerking.,6.302333508485498
456,1,Simple,0.0
456,2,"vocalizations,",17.96987006489108
456,3,which,121.9570060483814
456,4,motor,107.07484095229844
456,5,tics,78.56855146844309
456,6,typically,45.053925971761224
456,7,"precede,",43.951609018466186
456,8,might,55.37076894899353
456,9,include,35.10888265640078
456,10,repetitive,32.45549871848064
456,11,"throat-clearing,",24.748269578575943
456,12,"sniffing,",24.465801661163198
456,13,or,14.7429514283252
456,14,grunting,6.985156288004661
456,15,sounds.,5.8165490510514175
457,1,Complex,0.0
457,2,tics,43.87875372790768
457,3,are,51.022230617590125
457,4,"distinct,",19.454539879480222
457,5,coordinated,16.342861217072443
457,6,patterns,18.87482987503236
457,7,of,14.924259397725502
457,8,movement,18.061212458521428
457,9,that,20.031820671980306
457,10,involve,14.957853714823113
457,11,several,12.196502212749138
457,12,muscle,14.415009836171796
457,13,groups.,7.854807511057304
458,1,Complex,0.0
458,2,motor,37.871958332919775
458,3,tics,68.54898807046378
458,4,might,61.058282336272946
458,5,include,44.19999461800949
458,6,facial,46.72463870685181
458,7,grimacing,21.081664299640238
458,8,combined,40.19938527248615
458,9,with,38.566582157177294
458,10,a,23.307425758940866
458,11,head,22.384940142754733
458,12,twist,22.800929241917594
458,13,and,14.455073850374143
458,14,a,8.778901961120573
458,15,shoulder,8.269176012998434
458,16,shrug.,6.989606064998386
459,1,Other,0.0
459,2,complex,36.23664547478688
459,3,motor,58.20737408806241
459,4,tics,75.93828320267747
459,5,may,116.21591696967052
459,6,actually,46.81838782569834
459,7,appear,47.82404674559017
459,8,"purposeful,",44.91316573926665
459,9,including,36.316109628661415
459,10,sniffing,42.455623261398216
459,11,or,22.17899977545304
459,12,touching,30.463602277519648
459,13,"objects,",18.070072338261106
459,14,"hopping,",23.487610176431996
459,15,"jumping,",20.326619014533648
459,16,"bending,",11.238200097008052
459,17,or,8.177286830089185
459,18,twisting.,1.628514240513445
460,1,Complex,0.0
460,2,vocal,41.152388436145955
460,3,tics,29.849242842411137
460,4,include,19.664455023817332
460,5,words,10.392673481659406
460,6,or,10.358067562609419
460,7,phrases.,8.977966096577639
461,1,Perhaps,0.0
461,2,the,236.7451863402044
461,3,most,247.0939190284903
461,4,dramatic,141.73452521859838
461,5,and,126.57962728305473
461,6,disabling,107.95304077791343
461,7,tics,102.41340736090899
461,8,include,90.18544570007752
461,9,motor,250.07844541367035
461,10,movements,275.4052814840486
461,11,that,254.68719237794198
461,12,result,162.5979195427139
461,13,in,108.65405126390205
461,14,self-harm,96.04761950809369
461,15,such,59.393130531211014
461,16,as,75.38377802963548
461,17,punching,72.13781742022148
461,18,oneself,44.200929945656206
461,19,in,34.95840998317054
461,20,the,41.50645591279193
461,21,"face,",45.78423907678217
461,22,or,41.43870627118959
461,23,vocal,49.99080609536146
461,24,tics,52.393662540306615
461,25,including,45.442182481511495
461,26,"coprolalia,",45.40940028798909
461,27,which,78.94531508706463
461,28,involves,48.01613547970655
461,29,uttering,31.57354601644552
461,30,swear,29.65985937926945
461,31,"words,",41.37919683433804
461,32,or,29.373175801620924
461,33,"echolalia,",31.333411177088195
461,34,which,36.05331458632809
461,35,involves,26.476659205505186
461,36,repeating,14.02597315802902
461,37,the,20.427086466340707
461,38,words,33.16063705278203
461,39,or,19.519311084554676
461,40,phrases,25.493125482809273
461,41,of,22.792623774453453
461,42,others.,5.978809055167095
462,1,Tics,0.0
462,2,are,42.7861768400616
462,3,often,58.5604035634191
462,4,worse,21.056552080891855
462,5,with,41.27370499806458
462,6,excitement,28.09654700955015
462,7,or,38.342971690386676
462,8,anxiety,30.00820107514145
462,9,and,26.280992635686037
462,10,better,14.54366978855937
462,11,during,35.29103386748718
462,12,"calm,",19.289042930857594
462,13,focused,21.68732190169076
462,14,activities.,9.986884630523555
463,1,Certain,0.0
463,2,physical,17.720508979752076
463,3,experiences,27.046024695354248
463,4,can,20.504207783866633
463,5,trigger,15.077372628083594
463,6,or,18.52977850286655
463,7,worsen,31.488470477132125
463,8,tics.,5.4373208950104805
464,1,For,0.0
464,2,"example,",88.7849951016853
464,3,tight,146.17456829525452
464,4,collars,163.28416325433415
464,5,may,142.29995670742366
464,6,trigger,78.79951849312435
464,7,neck,48.890420442742105
464,8,"tics,",52.63127721039169
464,9,or,37.183658052760514
464,10,hearing,66.93542637413346
464,11,another,44.52338281899648
464,12,person,41.085016038488284
464,13,sniff,41.36324120839774
464,14,or,30.15922693056819
464,15,throat-clear,75.6025155829922
464,16,may,34.60935651022565
464,17,trigger,37.1337422273818
464,18,the,25.658566596189406
464,19,production,13.156484486125539
464,20,of,20.437063025401596
464,21,similar,11.880818168088028
464,22,sounds.,5.7852617963994675
465,1,Tics,0.0
465,2,come,39.11461140949236
465,3,and,44.54624728899158
465,4,go,73.63332356067185
465,5,over,29.468762184254327
465,6,"time,",51.30733382516204
465,7,varying,38.02551717032625
465,8,in,41.37580396060182
465,9,"type,",40.295037250377476
465,10,"frequency,",23.13550889144201
465,11,"location,",16.543392644013178
465,12,and,5.423807605443996
465,13,severity.,1.3025395101437418
466,1,The,0.0
466,2,first,40.083113133699975
466,3,symptoms,42.86162906864813
466,4,Tourette's,70.00555248024892
466,5,patients,108.7191767082262
466,6,experience,93.0495171564198
466,7,usually,91.62824909003653
466,8,occur,63.187410699654734
466,9,in,45.6301113637623
466,10,the,49.11729505425478
466,11,head,56.81323447903492
466,12,and,43.81212300543186
466,13,neck,51.476134109053284
466,14,"area,",32.56929430709438
466,15,though,34.2832737925541
466,16,they,40.408769097921244
466,17,may,30.470763355629767
466,18,progress,24.608692436234488
466,19,to,28.55747186471743
466,20,include,27.876958658019596
466,21,muscles,20.988484507861564
466,22,of,39.4590957656072
466,23,the,37.31233335459968
466,24,trunk,33.05256850659623
466,25,and,16.25622153585789
466,26,extremities.,11.845994000366867
467,1,The,0.0
467,2,symptoms,42.14307454645366
467,3,of,124.16848555240644
467,4,Tourette's,107.71192557295268
467,5,are,102.07276132434504
467,6,"involuntary,",99.51119496811957
467,7,but,102.01515986302215
467,8,there,90.20742886647612
467,9,are,109.62007480410206
467,10,some,66.76917246537089
467,11,people,61.235421241986934
467,12,who,86.88509867301589
467,13,can,53.39749668127712
467,14,sometimes,37.09664300059985
467,15,"suppress,",35.296359267275484
467,16,"camouflage,",30.014063447761412
467,17,or,29.720026859364403
467,18,otherwise,37.33895563476722
467,19,manage,24.69104660807195
467,20,their,24.312394555450442
467,21,tics,26.56645139589078
467,22,in,14.986417044932868
467,23,an,20.97457186383086
467,24,effort,26.411599646659692
467,25,to,29.221223808870374
467,26,minimize,12.305888455071868
467,27,their,9.569989637604142
467,28,impact,9.837996152640292
467,29,on,17.298262664690583
467,30,functioning.,6.722623376454871
468,1,"However,",0.0
468,2,people,53.11051000570428
468,3,affected,131.4331978281963
468,4,by,170.2788448820737
468,5,Tourette's,166.92394216344033
468,6,often,144.24833371250574
468,7,report,187.34837889039196
468,8,a,205.9426581106034
468,9,substantial,201.59937316125325
468,10,buildup,129.9574673278337
468,11,in,83.23422443217629
468,12,tension,107.01862997070779
468,13,when,52.38334723588618
468,14,suppressing,51.44182735382448
468,15,their,36.88276700982205
468,16,tics,29.900472045549908
468,17,to,25.230784533793265
468,18,the,29.662885602117406
468,19,point,36.97324510464048
468,20,where,42.2038954585072
468,21,they,26.511918771492066
468,22,often,17.803250607004102
468,23,feel,13.881295516805626
468,24,that,18.01388811072158
468,25,the,42.41351151964
468,26,tic,42.81660089615393
468,27,must,13.494103434553837
468,28,be,16.237133188828505
468,29,expressed.,12.434448641062666
469,1,Tics,0.0
469,2,in,39.4730727848939
469,3,response,37.186710658822
469,4,to,75.89714632845228
469,5,an,56.803003661091715
469,6,environmental,54.24875516666047
469,7,trigger,82.08955021576556
469,8,can,51.06611955819441
469,9,appear,23.683759141463444
469,10,to,25.30861278869279
469,11,be,24.599314673737396
469,12,voluntary,21.167033907788774
469,13,or,17.812517118223916
469,14,"purposeful,",18.6352091133163
469,15,but,17.48142703430671
469,16,are,9.350234024212133
469,17,not.,3.150748602108381
470,1,Many,0.0
470,2,people,63.413134833224454
470,3,with,56.15680705562945
470,4,Tourette's,77.61639084778984
470,5,experience,90.18942193896547
470,6,additional,75.19293653520097
470,7,neurobehavioral,120.32684785426018
470,8,problems,74.00449686172927
470,9,that,47.771093115406856
470,10,include,46.58047020817377
470,11,"inattention,",45.31856487771565
470,12,hyperactivity,27.096858080422063
470,13,and,15.076885395859243
470,14,impulsivity.,5.923645789954055
471,1,People,0.0
471,2,with,52.38595948037013
471,3,Tourette's,83.83511977550538
471,4,have,76.2934741559902
471,5,also,136.55041364952694
471,6,reported,98.12764768456739
471,7,problems,206.7112527048929
471,8,with,137.5048568239224
471,9,depression,99.31995335604785
471,10,or,85.40533444856429
471,11,anxiety,81.93783554832427
471,12,"disorders,",65.41028577412592
471,13,as,55.80621130676512
471,14,well,92.2286709651278
471,15,as,54.70994126347441
471,16,other,49.26303912899304
471,17,difficulties,55.082522543498776
471,18,Tourette's,48.54903083918714
471,19,syndrome,65.7530482291914
471,20,may,43.73220240960193
471,21,or,19.469013477173462
471,22,may,54.583265281449364
471,23,not,43.364024844780374
471,24,directly,28.07032498809936
471,25,cause.,12.30994262561391
472,1,Tourette's,0.0
472,2,is,16.856055383455253
472,3,a,49.289539806677496
472,4,diagnosis,51.81066650634438
472,5,doctors,66.20944065357786
472,6,make,37.57845738448888
472,7,after,53.010914336641676
472,8,verifying,59.54262262385953
472,9,that,43.28159831930425
472,10,the,52.73171133787291
472,11,patient,68.05064890554925
472,12,has,56.45467189184334
472,13,had,36.919842857712396
472,14,both,34.578577248153024
472,15,motor,26.89819111739933
472,16,and,38.07752996941802
472,17,vocal,73.3587215277703
472,18,tics,50.45103743048914
472,19,for,17.802667962029723
472,20,at,27.11154377034502
472,21,least,60.11920946972242
472,22,one,20.27928436994439
472,23,year.,5.126705086024997
473,1,The,0.0
473,2,existence,41.11568321086821
473,3,of,62.7199374330732
473,4,other,52.866320782842024
473,5,neurological,58.18972144481255
473,6,or,68.62978139225551
473,7,psychiatric,102.3209388248808
473,8,conditions,84.98752048448878
473,9,can,47.32057862807027
473,10,also,27.011892803485704
473,11,help,23.170344493322226
473,12,doctors,16.816323306517987
473,13,establish,25.256847558626944
473,14,the,21.42870731689437
473,15,diagnosis,29.531732922439307
473,16,of,30.914401976584855
473,17,Tourette's,34.01457128052509
473,18,is,13.62470630585134
473,19,the,59.620492380322496
473,20,correct,37.105522077902926
473,21,one.,18.194207201545204
474,1,Knowledgeable,0.0
474,2,clinicians,13.600689343835219
474,3,consulted,52.68589722347487
474,4,by,45.41107511953668
474,5,patients,61.372947297736374
474,6,do,38.19658624934768
474,7,not,78.00636658210946
474,8,often,30.336607966356766
474,9,misdiagnose,22.328042090473886
474,10,common,12.002116612709276
474,11,tics.,9.207480125833097
475,1,"However,",0.0
475,2,atypical,50.986807694957214
475,3,symptoms,64.60275396371577
475,4,or,85.76617537592317
475,5,atypical,77.61633718920278
475,6,presentation,103.11154754244605
475,7,such,43.853432378255846
475,8,as,49.298207044350384
475,9,onset,55.47519182710055
475,10,of,51.52925353051203
475,11,symptoms,39.22071988956049
475,12,in,36.35915645621575
475,13,adulthood,38.170389508002955
475,14,may,27.26733923675151
475,15,require,11.585560390006279
475,16,specialty,10.340286631050931
475,17,expertise,13.547152955813917
475,18,for,15.424100059860622
475,19,diagnosis.,5.500627137085128
476,1,There,0.0
476,2,are,27.455915762669807
476,3,no,28.772017813911674
476,4,blood,29.942919728544297
476,5,or,35.14881376026076
476,6,laboratory,36.09122502840188
476,7,tests,30.82618427124454
476,8,needed,14.10369042096886
476,9,for,19.256408438185534
476,10,diagnosis.,6.10288294715845
477,1,"However,",0.0
477,2,neuroimaging,63.42615048024175
477,3,"studies,",187.29730141894692
477,4,which,399.10371282623197
477,5,include,321.34948407515105
477,6,magnetic,173.86435844931844
477,7,resonance,254.5595620749362
477,8,"imaging,",180.49355768191765
477,9,computerized,186.9530743596267
477,10,"tomography,",137.8113216525927
477,11,and,110.31557745970548
477,12,"electroencephalograms,",97.60221179309617
477,13,as,113.0957987746196
477,14,well,112.32355866407974
477,15,as,83.73517738941864
477,16,certain,71.05081117942385
477,17,lab,84.19125577348461
477,18,tests,81.22329785292335
477,19,may,52.662477786963265
477,20,be,24.996834126067473
477,21,used,33.78336547943093
477,22,to,25.52218177968989
477,23,rule,18.568559988696833
477,24,out,35.50051035394989
477,25,other,36.177969508857075
477,26,conditions,28.427586202726076
477,27,that,18.468664973081484
477,28,Tourette's,17.172564208539782
477,29,might,49.512673725665955
477,30,be,20.41176817165896
477,31,confused,22.984961632829492
477,32,with.,5.015352125296924
478,1,In,0.0
478,2,terms,50.77109467149422
478,3,of,85.08200775287281
478,4,the,87.78442205274479
478,5,role,82.2148182510704
478,6,of,69.76445309769207
478,7,genes,59.434615455325876
478,8,in,137.1984480615963
478,9,the,113.64247383554176
478,10,"disorder,",114.25281790570926
478,11,evidence,73.05354072157135
478,12,from,48.969704960737815
478,13,twin,68.20405798906249
478,14,and,60.68949925009722
478,15,family,76.79272059388153
478,16,studies,51.548170826687176
478,17,suggests,34.60308140074145
478,18,that,19.486712136531345
478,19,Tourette's,25.773459041780228
478,20,is,22.989494357861897
478,21,an,21.98211400449855
478,22,inherited,15.776765496987364
478,23,disorder.,4.98820258779544
479,1,Although,0.0
479,2,early,52.94205506297597
479,3,family,78.13346287898432
479,4,studies,110.92067846677878
479,5,suggested,85.23089794923898
479,6,an,133.67109524325505
479,7,autosomal,117.38935769219518
479,8,dominant,104.7292724228058
479,9,mode,59.974997499070334
479,10,of,37.13724827645121
479,11,inheritance,45.1783220550262
479,12,characterized,38.85319378158426
479,13,the,34.10207699918867
479,14,"condition,",32.38415003893936
479,15,more,33.852141706974095
479,16,recent,54.219400350893615
479,17,studies,28.223070991158586
479,18,discovered,14.540804557595997
479,19,the,19.647058398241114
479,20,pattern,19.780372942836216
479,21,of,22.278797115671612
479,22,inheritance,10.606140277340689
479,23,was,16.598116346511453
479,24,much,23.79624215445496
479,25,more,30.355907044534423
479,26,complex.,8.38262867492443
480,1,Although,0.0
480,2,there,73.70015189121352
480,3,may,162.52439756140933
480,4,be,163.37555483500265
480,5,a,166.31615547529117
480,6,few,169.91639075744973
480,7,genes,317.48678262985766
480,8,that,137.66688271119617
480,9,have,170.35684589354605
480,10,substantial,127.46514600235984
480,11,"effects,",122.40228976938333
480,12,it's,67.534825984348
480,13,also,73.24778824641486
480,14,possible,60.877218915453255
480,15,that,62.24963827655967
480,16,many,55.35470852112535
480,17,genes,63.47579260598053
480,18,with,30.130216961514147
480,19,smaller,54.88790323515977
480,20,effects,53.932420339648495
480,21,and,31.18535219437149
480,22,environmental,37.39070198973713
480,23,factors,35.122696216926755
480,24,may,19.37077817475581
480,25,play,12.869187301251024
480,26,a,15.502188129488255
480,27,role,47.08302136794384
480,28,in,24.380733581597287
480,29,the,16.04512859789586
480,30,development,21.918514137653336
480,31,of,33.56935578557822
480,32,Tourette's.,11.796891431230351
481,1,Genetic,0.0
481,2,studies,58.94576852886041
481,3,also,248.93648336366374
481,4,suggest,270.02192784196995
481,5,that,277.99244728587234
481,6,some,209.13869357532877
481,7,forms,190.10520299755208
481,8,of,175.95924059536452
481,9,Attention,176.40763238683283
481,10,Deficit,152.5831853315795
481,11,Hyperactivity,128.63028374646615
481,12,Disorder,156.9217118649456
481,13,and,105.93975029712438
481,14,Obsessive,128.95837745727425
481,15,Compulsive,186.7825336113087
481,16,Disorder,144.33918905126885
481,17,are,111.17036975860744
481,18,genetically,92.74613468680961
481,19,related,94.90490047644928
481,20,to,96.16825209500983
481,21,"Tourette's,",111.70238295457825
481,22,but,95.71751961966328
481,23,there,121.78363257382107
481,24,is,91.54049520040776
481,25,less,89.52711460070967
481,26,evidence,79.90394227688813
481,27,for,56.67243105739715
481,28,a,53.51920065561465
481,29,genetic,61.963370080008644
481,30,relationship,58.38997688259431
481,31,between,55.152433018122224
481,32,Tourette's,61.92911941262184
481,33,and,54.302395867533974
481,34,other,56.4029471851896
481,35,neurobehavioral,47.187675079015065
481,36,problems,53.141589775212545
481,37,that,27.745236538410037
481,38,Tourette's,24.23139198451719
481,39,commonly,50.181950504316895
481,40,co-occurs,49.582369947527624
481,41,with.,6.142029484887881
482,1,An,0.0
482,2,important,44.24958134383686
482,3,role,51.24033213610831
482,4,in,49.35844052816206
482,5,Tourette's,45.93155859859366
482,6,gene,42.092712178870904
482,7,expression,77.73083412306674
482,8,is,63.34180795248417
482,9,played,46.85723156924824
482,10,by,51.24467570844067
482,11,the,102.00187362280155
482,12,sex,56.2347595464964
482,13,of,38.31903904420875
482,14,the,27.537393559288592
482,15,person.,8.655259255247582
483,1,In,0.0
483,2,"particular,",78.15083175086025
483,3,males,71.4616036938039
483,4,affected,133.99474733012198
483,5,by,150.46213705710056
483,6,the,118.4511108174577
483,7,gene,141.74842279264928
483,8,are,107.8561031007199
483,9,more,87.27844746007122
483,10,likely,83.00147420537955
483,11,to,69.75068519855989
483,12,have,55.23401952389973
483,13,tics,57.16760430118111
483,14,and,56.771158063588075
483,15,females,79.00379269250449
483,16,who,69.01982617760945
483,17,have,68.89665228905282
483,18,a,61.208223346635876
483,19,genetic,55.39661540467411
483,20,predisposition,57.12228867849659
483,21,are,40.23279819088276
483,22,more,40.887527866052395
483,23,likely,39.62192351124169
483,24,to,56.00711239966497
483,25,have,46.862662587882
483,26,obsessive-compulsive,23.826935096016612
483,27,symptoms.,8.02419547024751
484,1,Much,0.0
484,2,current,62.32400310184046
484,3,research,111.20668423930242
484,4,is,93.46741332820241
484,5,aimed,125.7401056676882
484,6,at,82.44669110837377
484,7,better,83.13519922956661
484,8,understanding,95.92979006640395
484,9,the,72.3998555615339
484,10,genetic,58.37611813362682
484,11,basis,78.05168392462049
484,12,and,73.52667075551375
484,13,symptomology,62.671526896595076
484,14,of,39.729720001028035
484,15,"Tourette's,",41.879687717193185
484,16,as,42.8910715095756
484,17,well,67.72138115517504
484,18,as,33.53756297868671
484,19,its,17.580481156874036
484,20,relationship,11.118514892647559
484,21,to,19.26698294733311
484,22,related,8.640150500767838
484,23,disorders.,7.097416161904273
485,1,The,0.0
485,2,hope,42.14223251939504
485,3,is,53.23528685855826
485,4,that,52.44443358166348
485,5,this,129.02846898663338
485,6,research,95.90454232532669
485,7,leads,88.08652574535449
485,8,to,55.17322477470695
485,9,better,45.68287082553279
485,10,diagnostic,27.81855876724009
485,11,tools,28.695117448409214
485,12,and,27.593148512757107
485,13,better,15.338484965288584
485,14,treatments,17.704210307542336
485,15,for,22.704214690715737
485,16,Tourette's.,16.54445370172659
