sent_id,word_pos,word,stor
1,1,If,0.0
1,2,you,23.88392966281134
1,3,were,24.052132822938788
1,4,to,27.31413395322911
1,5,journey,30.25253424748248
1,6,to,50.41829118134076
1,7,the,64.49788719838688
1,8,North,92.31982950930437
1,9,of,108.36860108133202
1,10,"England,",86.79094638384008
1,11,you,146.5762537263321
1,12,would,120.97065923233762
1,13,come,102.28913476118734
1,14,to,149.25828773811153
1,15,a,115.84050464023463
1,16,valley,126.74122622339773
1,17,that,116.95712091905301
1,18,is,119.97208883537509
1,19,surrounded,70.56881485938803
1,20,by,65.19187118268968
1,21,moors,48.85655350089613
1,22,as,43.27186619730397
1,23,high,87.10055611951078
1,24,as,28.558905764694543
1,25,mountains.,5.486465069168745
2,1,It,0.0
2,2,is,15.029863796643951
2,3,in,7.7297509559657875
2,4,this,15.423232146725816
2,5,valley,20.95003806573299
2,6,where,31.68027470894832
2,7,you,42.34001084806076
2,8,would,61.8333434782349
2,9,find,58.616494673102096
2,10,the,65.88579682187819
2,11,city,71.29659115581525
2,12,of,68.12077809910892
2,13,"Bradford,",74.75634619323488
2,14,where,56.54690928318878
2,15,once,84.56066264073502
2,16,a,87.8716397864595
2,17,thousand,117.99894521068153
2,18,spinning,88.39445552224483
2,19,jennies,96.86757775295928
2,20,that,151.67547053135405
2,21,hummed,169.34560355689396
2,22,and,542.5635019569481
2,23,clattered,367.2266844612518
2,24,spun,185.6315686134947
2,25,wool,448.49671498791145
2,26,into,186.15359821658294
2,27,money,237.54325256947638
2,28,for,211.15967535674056
2,29,the,170.17960081004298
2,30,long-bearded,97.82756878670196
2,31,mill,31.783075771847102
2,32,owners.,11.713299446510051
3,1,That,0.0
3,2,all,13.758826703372968
3,3,mill,17.384404661032093
3,4,owners,27.837820437175758
3,5,were,38.451446995695974
3,6,generally,50.61226112618578
3,7,busy,87.59528722814613
3,8,as,84.24060051972222
3,9,beavers,77.35343419013483
3,10,and,45.959152011046044
3,11,quite,49.82522689603606
3,12,pleased,64.85675754853217
3,13,with,66.99241712506313
3,14,themselves,63.00440757250728
3,15,for,66.57190965470113
3,16,being,92.6853239432303
3,17,so,88.29156414964373
3,18,successful,101.6784652998444
3,19,and,93.05824321215928
3,20,well,90.60752363001588
3,21,off,103.24095434024392
3,22,was,92.76090412690908
3,23,known,109.36292789237585
3,24,to,105.07323376893046
3,25,the,120.31178612964557
3,26,residents,82.25694247769418
3,27,of,81.90351615237063
3,28,"Bradford,",89.51483168577637
3,29,and,79.0339627490321
3,30,if,111.59215746782245
3,31,you,89.75153742755163
3,32,were,102.27531053773701
3,33,to,105.519987081684
3,34,go,116.90291998469432
3,35,into,239.68037365457437
3,36,the,136.67263630204164
3,37,city,203.71490526418842
3,38,to,129.54480179339876
3,39,visit,120.8002187499051
3,40,the,111.95248158731549
3,41,stately,221.4771741253184
3,42,City,154.96551102511043
3,43,"Hall,",177.2633931200418
3,44,you,130.84048748318708
3,45,would,281.02536709525674
3,46,see,194.6963041548842
3,47,there,95.70397577092952
3,48,the,78.69129815209496
3,49,Crest,113.92274329872853
3,50,of,88.44923311443186
3,51,the,91.76632295352462
3,52,City,89.28636055931574
3,53,of,96.78415124779586
3,54,"Bradford,",501.5187054372253
3,55,which,317.13242097688743
3,56,those,370.76916530351957
3,57,same,367.72820146784437
3,58,mill,169.15341184816538
3,59,owners,304.81380247214423
3,60,created,160.4338091557225
3,61,to,87.64786589852935
3,62,celebrate,273.8978732681219
3,63,their,24.95855223102734
3,64,achievements.,6.495661175051469
4,1,It,0.0
4,2,shows,18.539105122022836
4,3,a,19.855187223277206
4,4,sinister,24.77250984528445
4,5,looking,32.59901910053891
4,6,boar's,41.79552581421467
4,7,head,56.48270970746555
4,8,sitting,67.86822879958822
4,9,on,78.76073915707721
4,10,top,62.94569871489551
4,11,of,175.70717869467637
4,12,a,191.21000647601332
4,13,well,160.3743344378686
4,14,which,144.6448149485682
4,15,seems,239.84499063246602
4,16,puzzling,228.70093999766894
4,17,at,154.44542620183816
4,18,"first,",125.27721737258734
4,19,but,330.68100473699076
4,20,the,230.4102630958522
4,21,reason,233.42414709151723
4,22,for,109.35673350724839
4,23,this,224.8478923255295
4,24,symbol,91.52977661816888
4,25,is,61.08879545519336
4,26,a,24.794945132574323
4,27,matter,68.70050304454958
4,28,of,19.06095778049201
4,29,legend.,5.258361217033494
5,1,There,0.0
5,2,was,20.839567073743076
5,3,"once,",41.13943057529934
5,4,legend,67.24987240168232
5,5,has,96.62542274089142
5,6,"it,",84.6629961016167
5,7,a,58.811536757792595
5,8,fearsome,103.61137246548138
5,9,"boar,",183.15362159797996
5,10,which,139.60672800093425
5,11,lived,186.7939224744315
5,12,in,206.9585795792375
5,13,a,115.28586016124545
5,14,wood,58.12734952872004
5,15,located,49.9216564504876
5,16,just,55.5231159106507
5,17,outside,32.750951111055215
5,18,the,33.57547143221109
5,19,manor,93.28481373684738
5,20,of,13.165449304841763
5,21,Bradford.,13.619392381874139
6,1,A,0.0
6,2,source,12.438773178744876
6,3,of,23.860564787795724
6,4,great,23.881574188425123
6,5,trouble,34.42238948394546
6,6,to,27.14533814088679
6,7,the,26.61103705971154
6,8,local,45.18413678845187
6,9,folk,46.91981115439167
6,10,the,43.4625983645171
6,11,boar,50.547726356276016
6,12,"was,",85.3211974400745
6,13,bringing,92.10349786424622
6,14,terror,84.79610413804379
6,15,to,103.63717399069444
6,16,the,99.47406799838625
6,17,peaceful,95.98485495560926
6,18,flocks,290.3963423830222
6,19,and,147.54224618066797
6,20,ravaging,82.9910555823816
6,21,the,20.08414618927592
6,22,countryside,16.244815078103752
6,23,around.,9.798285203032696
7,1,Even,0.0
7,2,"worse,",48.00936699499269
7,3,"however,",34.24984169809191
7,4,the,25.64215576979347
7,5,boar,44.050044664548714
7,6,most,55.624215653986425
7,7,liked,55.417243648753534
7,8,to,68.80257304950798
7,9,go,75.58825104096
7,10,to,71.30125738909847
7,11,the,69.46302392103905
7,12,well,78.7415820095976
7,13,that,74.0332657756003
7,14,was,116.9106350404207
7,15,in,94.90660955404223
7,16,the,89.91928448968899
7,17,wood,96.67318137713146
7,18,and,98.37485950251856
7,19,drink,126.98565132046565
7,20,its,234.47002922780152
7,21,fresh,294.9135447880574
7,22,"water,",264.36524303278827
7,23,so,332.26899691270404
7,24,that,226.8410731759228
7,25,the,156.8359879295406
7,26,people,281.20265592684666
7,27,of,336.43982625890146
7,28,Bradford,164.93158872158034
7,29,had,195.51415875096012
7,30,second,307.0721222734238
7,31,thoughts,334.56180170235774
7,32,about,65.82267068124479
7,33,visiting,60.99140592583145
7,34,the,30.962109609219983
7,35,well.,17.056383301175437
8,1,That,0.0
8,2,the,29.103451771764824
8,3,people,92.6437051736174
8,4,of,78.460777508384
8,5,Bradford,114.05494257882846
8,6,bore,77.02057552800194
8,7,the,111.08998919517778
8,8,brunt,95.98761751293007
8,9,of,254.72585691556966
8,10,the,322.0790950180042
8,11,beast's,428.23674011050036
8,12,ferocity,240.11563285082278
8,13,was,263.47852525044135
8,14,unfair,181.44284206471784
8,15,in,314.4361364826575
8,16,the,218.33882860698978
8,17,eyes,76.02289926884124
8,18,of,205.96419536898395
8,19,the,108.05773934420978
8,20,people,134.53705643946935
8,21,of,48.62641325056214
8,22,the,21.16588866994222
8,23,region.,8.098462455706704
9,1,"Eventually,",0.0
9,2,the,50.828418552818604
9,3,issue,55.29450805798264
9,4,reached,61.91531316135853
9,5,the,49.46639369414335
9,6,ears,98.57531388123171
9,7,of,136.43522379756263
9,8,the,142.92541839656727
9,9,kindly,159.65816565900693
9,10,Lord,459.0939388730883
9,11,of,301.3867712347626
9,12,the,239.09853691266594
9,13,Manor,131.4193905450371
9,14,who,156.2429596316056
9,15,the,99.92839822180187
9,16,people,71.28792615391684
9,17,had,74.47983592683066
9,18,often,33.73921618933998
9,19,asked,15.862950775181472
9,20,for,17.666996991769366
9,21,help.,3.2380102029877325
10,1,The,0.0
10,2,Lord,27.435866713162824
10,3,saw,23.963032051179788
10,4,the,59.32628702320041
10,5,severity,68.387415873423
10,6,of,100.89606428230894
10,7,the,119.18351200683846
10,8,problem,134.59414573645796
10,9,the,217.5720238361478
10,10,people,299.98117491545656
10,11,faced,159.31148096760586
10,12,and,91.11817279713121
10,13,suggested,191.9226042071125
10,14,a,126.94249416604079
10,15,contest,203.12350542697877
10,16,could,47.14168339253001
10,17,solve,46.58809060223061
10,18,the,32.26675790076065
10,19,problem.,2.4281064360727824
11,1,He,0.0
11,2,said,17.930757082501255
11,3,that,30.029120872809752
11,4,whoever,43.350562674369634
11,5,could,67.28554160347127
11,6,kill,70.84327378122623
11,7,the,101.69784464890893
11,8,boar,134.0315502415454
11,9,and,141.53282534152768
11,10,bring,178.48133452545986
11,11,as,206.4956614451467
11,12,proof,263.8971894967427
11,13,its,261.33968915434895
11,14,head,213.36621906617498
11,15,to,179.29966873815334
11,16,the,194.58453860648558
11,17,Manor,239.07041792123252
11,18,House,176.70276183898474
11,19,would,128.63369476437202
11,20,be,61.61130003136762
11,21,rewarded,149.78133147989627
11,22,with,18.80967078122768
11,23,land,4.48286604460534
11,24,and,18.00617452759665
11,25,fame.,8.336261459618562
12,1,It,0.0
12,2,was,21.36331478351343
12,3,the,23.472494879221642
12,4,people,44.8662523117643
12,5,of,83.61915496944152
12,6,Bradford,109.36338313045268
12,7,and,101.78482797027053
12,8,the,90.40245478479743
12,9,people,104.25199924081281
12,10,who,110.31884513007188
12,11,knew,147.38672953575974
12,12,them,131.8751120651025
12,13,who,135.4973938032752
12,14,rejoiced,150.30464704026065
12,15,at,97.58229327842119
12,16,this,226.66036687707762
12,17,proclamation,170.8389586673343
12,18,but,700.637075193284
12,19,one,383.52419608906615
12,20,question,171.03963253890564
12,21,remained:,167.64153869927384
12,22,who,180.9000225646073
12,23,would,197.0765343902992
12,24,kill,31.597997327364467
12,25,the,15.178983714805156
12,26,boar?,8.108842124634227
13,1,By,0.0
13,2,the,20.13127097270727
13,3,handsome,35.52521791364417
13,4,reward,23.458547774167272
13,5,many,35.81208222356092
13,6,felt,45.029740051570386
13,7,"tempted,",74.16353988190646
13,8,but,66.71890417229815
13,9,the,51.79058202841132
13,10,thought,54.36463208931495
13,11,of,100.69236665476582
13,12,the,84.58154546213338
13,13,boar,63.34145556003255
13,14,with,56.46504622930868
13,15,its,89.54217176778403
13,16,deadly,76.10771225514026
13,17,tusks,218.43020384930645
13,18,and,306.60651382547445
13,19,face,332.54612562872074
13,20,like,384.56891364483016
13,21,thunder,177.38528169625718
13,22,soon,149.89260156777559
13,23,put,130.87288273724286
13,24,an,199.56002051554378
13,25,end,66.76556749403049
13,26,to,44.8150732926256
13,27,their,27.142668927149735
13,28,ambitions.,22.095543442048605
14,1,"However,",0.0
14,2,there,41.34336897855367
14,3,was,39.397975528498755
14,4,one,40.02064284353118
14,5,"huntsman,",43.48822446742626
14,6,who,46.776688224239535
14,7,was,71.27553841555783
14,8,still,93.56730291561534
14,9,wet,97.79307693514517
14,10,behind,96.66017389929007
14,11,the,85.58205109387475
14,12,"ears,",122.89592503681412
14,13,who,94.60844357620668
14,14,decided,77.1493716154066
14,15,the,318.74414641445446
14,16,prize,208.78220174524492
14,17,was,211.85413005755876
14,18,worth,234.0266001677065
14,19,a,318.4788323906041
14,20,"shot,",146.69413600969133
14,21,in,272.9215391691477
14,22,spite,129.39194700996927
14,23,of,98.27738644333292
14,24,the,65.15902524809731
14,25,boar's,44.33657453270303
14,26,reputation.,11.012928985894922
15,1,The,0.0
15,2,huntsman,30.31662839784073
15,3,discovered,29.854361046100813
15,4,the,52.72169988380088
15,5,boar,76.59907631968375
15,6,preferred,71.43799047584044
15,7,to,78.69674974415334
15,8,come,87.89965249261468
15,9,out,112.78134294405962
15,10,in,56.887459181450915
15,11,the,82.5770203781152
15,12,middle,60.29815898392782
15,13,of,28.75574765857523
15,14,the,15.99370842952114
15,15,day.,6.396927770568483
16,1,So,0.0
16,2,he,26.622097092005877
16,3,went,48.33162120687338
16,4,to,45.192419128952125
16,5,the,55.791944485962794
16,6,wood,65.95989933062076
16,7,by,115.8901316100023
16,8,the,139.80497618620214
16,9,well,80.26644743736375
16,10,with,43.17638148328952
16,11,his,101.75015901957899
16,12,good,68.24324786919507
16,13,"bow,",96.38531707409126
16,14,to,73.29853398482423
16,15,bide,92.90593330201445
16,16,his,25.66565136237266
16,17,time.,11.208170106157644
17,1,Around,0.0
17,2,"noontime,",14.808517997399896
17,3,the,37.38428432813319
17,4,"boar,",61.40100248360632
17,5,feared,70.98637435363375
17,6,by,77.67062041725991
17,7,the,50.75252260899285
17,8,"locals,",48.23980826871027
17,9,came,84.05719753291152
17,10,"out,",111.19081918372562
17,11,as,141.58711682475206
17,12,slow,90.93167360665703
17,13,as,157.31098083656147
17,14,a,144.86424830073466
17,15,"snail,",173.62759578128575
17,16,from,221.10862983705343
17,17,among,245.77893555240962
17,18,the,157.36498528074156
17,19,"trees,",137.80347752388684
17,20,just,189.61649417315527
17,21,as,47.74126410047591
17,22,the,121.0474901598448
17,23,huntsman,67.25893142120833
17,24,had,9.95743058614161
17,25,predicted.,11.001716656245174
18,1,The,0.0
18,2,huntsman,27.435866713162824
18,3,leaped,25.21303497831964
18,4,from,51.17818104573951
18,5,his,79.5834568635759
18,6,hiding,90.98846159004133
18,7,place,254.3460366707922
18,8,and,233.3995527985219
18,9,through,153.66190729707208
18,10,the,146.28462635689974
18,11,heart,116.4493899535575
18,12,with,162.62910829547823
18,13,his,118.09558501392375
18,14,fine,98.84202900474301
18,15,arrows,61.78984715252471
18,16,shot,29.31550614917698
18,17,the,25.060675757524137
18,18,boar.,11.940946917152562
19,1,Now,0.0
19,2,the,36.94711268480718
19,3,problem,62.223501944121054
19,4,was,36.17935117447844
19,5,no,44.75623397811145
19,6,longer,59.636909704437954
19,7,to,54.14159415276906
19,8,kill,18.55601415528603
19,9,the,6.827947790640849
19,10,boar.,4.73463054160726
20,1,It,0.0
20,2,was,34.23310262668344
20,3,to,35.77050507374953
20,4,find,57.98309495272524
20,5,a,35.8604946518482
20,6,way,53.41576897801804
20,7,to,56.013733226524145
20,8,carry,11.64935075450961
20,9,the,24.74788562730789
20,10,boar,9.095257173451133
20,11,back.,4.199968820874837
21,1,The,0.0
21,2,head,9.187657174392962
21,3,was,17.81791444975594
21,4,too,30.171523195654764
21,5,heavy,58.45215080366001
21,6,for,44.78935921252884
21,7,the,41.456336814668816
21,8,little,39.603367529118174
21,9,huntsman,40.90321893968001
21,10,to,48.34113958668539
21,11,carry,50.17382661425447
21,12,back,45.83796667189003
21,13,to,49.7586795851459
21,14,the,58.74403889879112
21,15,Manor,57.66699410810976
21,16,"House,",74.66460669166368
21,17,but,92.10579933608008
21,18,the,84.67314307801762
21,19,"huntsman,",125.05488963839818
21,20,who,88.53436426863497
21,21,was,111.99188823008166
21,22,as,108.59045938887564
21,23,quick-witted,144.88318737421298
21,24,and,313.5109437735555
21,25,cunning,184.72798948007454
21,26,as,347.29919917120486
21,27,"ever,",137.63627272304765
21,28,asked,241.72515673847616
21,29,"himself,",363.01321666030447
21,30,'What,603.5366033500405
21,31,else,461.15674556681785
21,32,can,587.461051091075
21,33,I,503.5078525527807
21,34,do,379.2458760382356
21,35,to,402.1337000304496
21,36,prove,188.90651767263356
21,37,I,163.92522265202382
21,38,killed,49.37781712012972
21,39,the,240.51890203788543
21,40,boar?',27.751151954241646
22,1,The,0.0
22,2,next,22.60768080728861
22,3,instance,35.82159492794544
22,4,he,63.96005892502508
22,5,opened,74.01272279192004
22,6,the,85.90290295922031
22,7,boar's,148.42238016617023
22,8,mouth,100.92985612148107
22,9,and,258.405143679232
22,10,cut,159.8556953007595
22,11,out,149.21432226522762
22,12,its,77.07685831234933
22,13,"tongue,",112.60800016840246
22,14,taking,96.30087109876919
22,15,that,79.04628384411389
22,16,as,111.85518797052818
22,17,proof,36.26096309069261
22,18,for,30.16300901716669
22,19,the,11.825271818826094
22,20,Lord.,8.745860906836327
23,1,He,0.0
23,2,set,10.305760415210703
23,3,out,19.078960726873003
23,4,for,50.47590915299813
23,5,the,51.183209818450734
23,6,Manor,46.903355510391805
23,7,House,40.733059304916345
23,8,as,56.902047781793
23,9,quickly,58.14590748864404
23,10,as,70.60770106115486
23,11,he,75.14074427221304
23,12,could,86.1932132855124
23,13,and,76.77174036580928
23,14,he,86.93367581768703
23,15,had,95.85161844814198
23,16,only,101.24328315182358
23,17,been,96.71420758052079
23,18,gone,95.65384287119868
23,19,a,98.51493515807138
23,20,few,121.8633543577066
23,21,minutes,85.76475789491477
23,22,when,77.31578073851156
23,23,a,173.84905465912274
23,24,second,676.26450704698
23,25,"huntsman,",621.6481633856367
23,26,not,278.28255794030673
23,27,so,228.50792077291788
23,28,bold,278.24975517335974
23,29,as,347.63716159048477
23,30,the,275.2949245165562
23,31,first,261.87613537512846
23,32,but,495.10043510069875
23,33,a,596.6493696032541
23,34,little,93.40500340394406
23,35,more,161.0851981753883
23,36,"cunning,",191.19809214139863
23,37,came,181.83866746106463
23,38,on,19.112026345116803
23,39,the,16.422221748040798
23,40,scene.,11.152929257916472
24,1,Seeing,0.0
24,2,the,30.043932706632663
24,3,slain,42.20620181034876
24,4,carcass,69.9116038615274
24,5,of,118.09868809689327
24,6,the,147.03375647071255
24,7,"boar,",143.73049670248022
24,8,the,178.0870299018267
24,9,huntsman,165.75030090914476
24,10,rejoiced,130.10776571814515
24,11,in,65.19745780262681
24,12,his,46.76503480880407
24,13,good,19.625536543056718
24,14,fortune.,16.665241095534054
25,1,The,0.0
25,2,second,9.187657174392962
25,3,huntsman,10.716933613188441
25,4,knew,32.02189141559376
25,5,a,34.125732481888576
25,6,shortcut,45.83891016871266
25,7,to,65.11336701447443
25,8,the,105.40838272402489
25,9,Manor,94.05125521583726
25,10,House,96.01888877437115
25,11,was,104.71910687227862
25,12,just,121.50559561742516
25,13,around,114.79735591021182
25,14,the,95.798523276237
25,15,nearby,101.26522899798692
25,16,"pond,",76.15995697283671
25,17,"and,",92.3885806058827
25,18,being,106.37652758423197
25,19,a,123.18707687421687
25,20,bigger,139.75926680923848
25,21,man,341.05542269021765
25,22,than,339.2919215313683
25,23,the,296.63710830770606
25,24,"first,",254.81280824815818
25,25,was,245.20664608339854
25,26,able,335.3416867641959
25,27,to,290.47070785323797
25,28,pick,413.09024094771166
25,29,up,401.20236070440137
25,30,the,383.9584909785912
25,31,boar's,521.0696150211946
25,32,head,314.5899369986841
25,33,and,598.2013451722236
25,34,carry,469.33158487149416
25,35,it,346.91960185893856
25,36,through,294.09035051763317
25,37,the,452.7939963624758
25,38,wood,281.1686996722603
25,39,towards,159.55752884997165
25,40,the,326.99078712150265
25,41,prize,80.8953946129011
25,42,that,41.713248282146
25,43,awaited,20.900956423391687
25,44,him.,16.49824786089952
26,1,The,0.0
26,2,Lord,19.493771185933838
26,3,of,22.871245595597074
26,4,the,31.506239961095417
26,5,Manor,68.73519437448356
26,6,was,38.98735800646595
26,7,seated,66.70180256146166
26,8,in,118.06954804446167
26,9,his,92.7871400802982
26,10,hall,128.5503627206796
26,11,when,225.87513846476196
26,12,the,216.3278297950235
26,13,second,163.70540104902304
26,14,huntsman,379.7548569736376
26,15,burst,329.615764147534
26,16,through,176.63674862021685
26,17,the,185.28914242750733
26,18,door,146.64368305024723
26,19,and,81.79953802139873
26,20,began,134.021085785171
26,21,to,24.273518403919773
26,22,spin,15.298423718932023
26,23,a,12.490094638483304
26,24,line.,13.667242636496951
27,1,'The,0.0
27,2,woes,36.05464380261541
27,3,of,57.35885571626393
27,4,Bradford,26.25777592372414
27,5,are,31.45102063146964
27,6,ended!',17.688814125041915
28,1,he,0.0
28,2,announced.,8.858896514864824
29,1,'With,0.0
29,2,my,41.832795830517846
29,3,own,117.79268418172728
29,4,hand,86.45528509242872
29,5,I,15.73438333064946
29,6,have,68.78693440909105
29,7,slain,45.131862403748144
29,8,the,10.05776847858076
29,9,boar!',19.656673993933744
30,1,"And,",0.0
30,2,with,41.36001139571236
30,3,"that,",59.39108802225371
30,4,at,47.073705701932624
30,5,the,220.53468778675023
30,6,feet,165.70343770057644
30,7,of,198.49524040963473
30,8,his,136.22719650678405
30,9,lord,123.50224677674323
30,10,he,111.69280696057822
30,11,dropped,82.06699004757333
30,12,the,134.56769686854707
30,13,boar's,63.897187033868676
30,14,enormous,12.999038592240884
30,15,head.,9.329942415849603
31,1,'Then,0.0
31,2,you,32.639555411347274
31,3,will,57.07728021682651
31,4,be,32.89311149730612
31,5,"rewarded,",80.89455894920054
31,6,as,33.51616671920757
31,7,I,54.40393650989302
31,8,promised.',26.30985188344443
32,1,'But,0.0
32,2,"first,",39.78062729564005
32,3,let,83.34602313023086
32,4,me,123.39392247220138
32,5,examine,100.7147656752142
32,6,the,90.81764704534318
32,7,head,144.6734356133942
32,8,of,175.87776209469178
32,9,this,180.67344603127532
32,10,"monster,'",179.2731763586318
32,11,said,192.98693552429413
32,12,the,110.61878906455205
32,13,Lord,34.62374193456358
32,14,of,16.34600622081311
32,15,the,21.936684894762294
32,16,Manor.,12.239585720978226
33,1,To,0.0
33,2,not,25.14817275344264
33,3,examine,46.36972705336409
33,4,the,31.134321975159764
33,5,head,47.217734292724195
33,6,in,74.63759630039773
33,7,advance,105.43127843036896
33,8,had,128.64346036924465
33,9,not,148.9085930063551
33,10,been,86.93469464291074
33,11,very,104.27820526922068
33,12,clever,197.46874286788582
33,13,on,172.5156288814508
33,14,the,118.78111714732604
33,15,part,143.6283166501231
33,16,of,66.08520025760758
33,17,the,27.229230622293812
33,18,huntsman.,11.741405769002727
34,1,Right,0.0
34,2,"away,",37.754118572271
34,3,the,61.328019925886174
34,4,Lord,102.58250551875153
34,5,noticed,160.77825908306045
34,6,the,106.67408422753552
34,7,tongue,128.75147407311903
34,8,of,139.69587864766203
34,9,the,187.33173784909448
34,10,boar,166.02842506074467
34,11,was,121.13721497065245
34,12,missing,141.65471279985584
34,13,and,71.68627065001877
34,14,"exclaimed,",110.59432844507212
34,15,'What,58.267766027014574
34,16,is,27.94029172099019
34,17,this?,17.429813521154824
35,1,A,0.0
35,2,boar,15.855614417190607
35,3,with,26.544958745510286
35,4,no,38.172992637406416
35,5,tongue?',23.899055407967737
36,1,He,0.0
36,2,looked,18.45110779095177
36,3,at,35.94053744135156
36,4,the,74.35920729551549
36,5,"huntsman,",111.41671220425849
36,6,dubiously.,14.441369219359657
37,1,'How,0.0
37,2,come,66.74842602621466
37,3,this,63.451605288430656
37,4,creature,70.06161263305476
37,5,has,47.313466027569866
37,6,no,25.136473246656735
37,7,tongue?',20.444468664184857
38,1,he,0.0
38,2,demanded.,8.858896514864824
39,1,All,0.0
39,2,eyes,13.166175864360936
39,3,were,30.109240710540703
39,4,on,55.49731550332489
39,5,the,45.89049681629342
39,6,huntsman.,20.56482177929335
40,1,The,0.0
40,2,huntsman,27.19834353784801
40,3,questioned,23.499405348567446
40,4,by,49.17578807363973
40,5,the,61.07275639616956
40,6,Lord,65.86103888739059
40,7,"replied,",117.58323958192294
40,8,'I,83.8470551135013
40,9,cannot,41.43734895186223
40,10,"say,",38.34206130022433
40,11,my,82.31462855448129
40,12,Lord.',42.83637860003351
41,1,He,0.0
41,2,was,27.50644839307692
41,3,suddenly,23.134842028713294
41,4,realizing,73.73936531147145
41,5,his,127.2925985604716
41,6,tricky,136.45022137264849
41,7,situation,56.122167599962545
41,8,could,53.14354636808683
41,9,end,28.35032460916331
41,10,badly,27.74406600836489
41,11,for,20.93064818004387
41,12,him.,7.360073438408468
42,1,Through,0.0
42,2,the,25.98104207987381
42,3,door,47.03776407962471
42,4,at,89.42497419035357
42,5,this,49.467379498698094
42,6,"moment,",56.25713244707967
42,7,the,73.77524364416385
42,8,first,40.95480388893209
42,9,huntsman,15.125134789967959
42,10,burst.,6.882258939006455
43,1,'The,0.0
43,2,woes,36.05464380261541
43,3,of,57.35885571626393
43,4,Bradford,26.25777592372414
43,5,are,31.45102063146964
43,6,ended!',17.688814125041915
44,1,he,0.0
44,2,cried.,8.858896514864824
45,1,'I,0.0
45,2,have,52.02180754301684
45,3,slain,59.00319697563653
45,4,the,82.28406740940561
45,5,boar,82.16363690210423
45,6,the,105.60784269905075
45,7,people,127.38648320164701
45,8,of,61.40833685573501
45,9,Bradford,37.46841346841672
45,10,dreaded!',60.647784944121774
46,1,All,0.0
46,2,eyes,31.921036661544182
46,3,turned,57.104725896181805
46,4,to,53.125706736699826
46,5,the,85.51820666232555
46,6,man,82.32576288328079
46,7,who,30.91695654238728
46,8,now,85.6844239387835
46,9,stood,25.29344300522886
46,10,in,23.936888006394177
46,11,the,12.294886933156414
46,12,doorway.,3.3150926311046844
47,1,'The,0.0
47,2,reward,62.576088392169126
47,3,is,89.31173530958065
47,4,already,67.52337434755765
47,5,"given,'",94.842261213326
47,6,said,129.77828651510168
47,7,the,68.06435355806155
47,8,Lord,20.297136845613828
47,9,of,11.641067704580925
47,10,the,20.231316618252485
47,11,Manor.,8.378916264140978
48,1,'The,0.0
48,2,man,62.576088392169126
48,3,here,64.4475017851289
48,4,has,87.46949292592964
48,5,brought,108.68510763302089
48,6,to,102.66453023632343
48,7,me,132.274662159587
48,8,the,126.34519222821882
48,9,boar's,67.97518214442871
48,10,head.',36.95247371725096
49,1,'Then,0.0
49,2,where,22.59323151289372
49,3,is,68.2757117658264
49,4,its,32.06035292770211
49,5,tongue?',28.821994252425895
50,1,the,0.0
50,2,first,11.972647912180802
50,3,huntsman,26.975849582426797
50,4,replied.,13.150181649813344
51,1,"And,",0.0
51,2,so,15.462252946414775
51,3,"saying,",20.99263232094158
51,4,he,60.26967033728421
51,5,drew,54.12012108691293
51,6,out,46.704227117916815
51,7,the,63.85790467006559
51,8,boar's,58.495075265558256
51,9,tongue,104.23689056493451
51,10,he,92.5203291194547
51,11,had,93.0751714644837
51,12,put,114.71683432100846
51,13,in,120.20871469120902
51,14,his,94.6171075462092
51,15,hunting,95.71221257902296
51,16,pouch,104.01085875440239
51,17,and,153.83115370395967
51,18,related,100.59687844735377
51,19,how,95.3750266614117
51,20,he,173.94184574861265
51,21,had,210.49627784195874
51,22,ambushed,163.20556013160117
51,23,the,136.4857529023254
51,24,creature,72.09556631339703
51,25,in,146.46763412757875
51,26,the,239.93103561648448
51,27,wood,59.508826614108116
51,28,and,412.44790965232755
51,29,cut,147.44987348197196
51,30,out,453.28892057538127
51,31,its,253.82821703101442
51,32,tongue,53.93073361980016
51,33,as,58.68374150192681
51,34,proof,34.15250171048236
51,35,of,29.360553586415307
51,36,his,13.918505285436424
51,37,victory.,9.789628421031637
52,1,Listening,0.0
52,2,to,9.01904056797284
52,3,the,24.81708551261363
52,4,"tale,",31.892640262094922
52,5,the,55.6322014963966
52,6,Lord,65.7480925491068
52,7,of,72.65597745666098
52,8,the,80.45561803435379
52,9,Manor,80.12850944016984
52,10,tried,66.23914584100018
52,11,to,70.05391090598383
52,12,discern,76.31460342852725
52,13,which,71.67357506271472
52,14,huntsman,87.2137941081237
52,15,was,112.57123586708414
52,16,telling,132.43308432239456
52,17,him,101.7222470952572
52,18,the,90.80133173918642
52,19,truth,98.08054129253077
52,20,and,109.46936296749796
52,21,what,108.48077212182571
52,22,the,117.09634139087441
52,23,two,99.25430792217881
52,24,huntsmen,99.92458278669247
52,25,were,72.73043278781178
52,26,thinking,70.44335787964337
52,27,as,157.79956458657546
52,28,they,58.619288939724164
52,29,waited,105.24977737819631
52,30,for,87.03594594595754
52,31,him,48.65997194575319
52,32,to,175.54880233837298
52,33,make,14.422486080551307
52,34,a,6.810975825835392
52,35,decision.,6.076811293632709
53,1,Almost,0.0
53,2,"instantly,",17.37798282884888
53,3,the,32.84525629280764
53,4,Lord,34.482954894273306
53,5,saw,45.40904710011771
53,6,that,46.91179985854917
53,7,the,54.423769527692684
53,8,second,78.67212423630689
53,9,huntsman,78.71286142285146
53,10,had,40.191611312701845
53,11,fed,38.23775141471893
53,12,him,46.07027576318731
53,13,a,51.53933635738416
53,14,pack,59.44667040725545
53,15,of,126.09425397618008
53,16,lies,69.99465243481555
53,17,and,154.96221428967607
53,18,it,136.42776860762172
53,19,was,188.11171778086242
53,20,the,189.35010439782374
53,21,first,141.944645151277
53,22,huntsman,67.95765085643687
53,23,who,49.639016668662066
53,24,was,89.9988178665805
53,25,the,176.20544939974695
53,26,true,74.49315207053469
53,27,savior,32.61280747635545
53,28,of,16.740018700002935
53,29,Bradford.,9.516496250620014
54,1,The,0.0
54,2,Lord,16.491775491009722
54,3,believed,19.466852461420793
54,4,the,55.831447525004776
54,5,second,78.67889932085498
54,6,huntsman,81.1078471032777
54,7,had,72.82562045554144
54,8,tried,63.778116070920206
54,9,to,120.77871988665134
54,10,steal,123.32951806514097
54,11,the,125.98929270638453
54,12,first,115.19442945452387
54,13,huntsman's,147.98553666574207
54,14,prize,110.11348253848575
54,15,and,163.3341735734306
54,16,so,219.12180482050107
54,17,proclaimed,219.5716912271967
54,18,the,248.04911583086187
54,19,first,140.75596784077746
54,20,huntsman,72.51302212360211
54,21,the,33.800547927487784
54,22,true,26.017192489119868
54,23,victor.,5.932671575176395
55,1,The,0.0
55,2,Lord,27.435866713162824
55,3,wondered,23.963032051179788
55,4,for,58.597256005845985
55,5,a,83.73920436318859
55,6,moment,196.16609175175057
55,7,why,142.57968924077443
55,8,he,231.2045389134905
55,9,always,266.91419583743414
55,10,encountered,221.2717834145689
55,11,so,81.06957279428482
55,12,much,183.66299448184324
55,13,chicanery,110.87781475775195
55,14,in,65.76043043399488
55,15,his,8.969671625926043
55,16,everyday,24.622712241580054
55,17,interactions.,3.232602254382195
56,1,The,0.0
56,2,huntsman,15.599717991318816
56,3,who,35.69327660834489
56,4,had,48.0604774871067
56,5,earned,49.292745563289586
56,6,his,95.81604762042933
56,7,prize,84.86360698454213
56,8,fair,97.32409262899314
56,9,and,106.25365199958327
56,10,square,147.87656020298814
56,11,received,209.57045258066685
56,12,as,160.3468220292448
56,13,his,138.49713962116073
56,14,reward,186.58825547355335
56,15,a,188.03288979081344
56,16,piece,144.0976874012916
56,17,of,399.76362676792706
56,18,land,197.7753416710411
56,19,just,345.6167300460666
56,20,outside,219.21187256471455
56,21,the,172.29679574873583
56,22,"town,",104.14766407385773
56,23,known,46.973491669248844
56,24,thereafter,23.40669284305647
56,25,as,20.3332214029716
56,26,Hunt,10.312626841357003
56,27,Yard.,3.199697502730928
57,1,His,0.0
57,2,fame,33.369488305722825
57,3,was,31.282024803304367
57,4,indeed,51.132336318429616
57,5,"assured,",54.40155556057664
57,6,but,105.8123837295137
57,7,it,177.0498211085994
57,8,was,123.86254217513357
57,9,not,133.5965510830651
57,10,nearly,126.87547183906895
57,11,as,94.75497279474179
57,12,lasting,106.55878637046648
57,13,as,133.58008340027968
57,14,that,149.17056282755945
57,15,of,157.37340365951863
57,16,the,86.2877582540758
57,17,fearsome,108.34265865933226
57,18,Bradford,23.094217119967446
57,19,Boar.,9.794293685568821
58,1,A,0.0
58,2,clear,11.560786611616962
58,3,and,22.970225050821632
58,4,joyous,38.09060331661468
58,5,day,76.17328855198365
58,6,it,77.52248281697393
58,7,was,84.94902182412785
58,8,and,70.91040686502524
58,9,out,94.80313859990773
58,10,on,75.10178263455597
58,11,the,66.50316638333344
58,12,wide,75.82150956248137
58,13,open,73.55010218781524
58,14,"sea,",73.03679167516913
58,15,thousands,94.4273920221899
58,16,upon,57.46420661275501
58,17,thousands,111.20368370098848
58,18,of,121.10017412123155
58,19,sparkling,94.61408615499883
58,20,water,151.53261499122837
58,21,"drops,",349.66604367443574
58,22,excited,267.81667187413166
58,23,by,217.77474425826873
58,24,getting,262.9979008145136
58,25,to,229.90036901856547
58,26,play,169.6530285002105
58,27,in,266.94183865190297
58,28,the,76.57310564953359
58,29,"ocean,",76.25389854026955
58,30,danced,21.827202159423514
58,31,all,14.529044469921322
58,32,around.,11.407542672764695
59,1,One,0.0
59,2,of,12.19000784150846
59,3,these,20.566248805338883
59,4,was,9.480819231010333
59,5,a,12.815167357134534
59,6,merry,27.62646407822442
59,7,little,75.52349200567352
59,8,fellow,77.48369694558605
59,9,named,81.39897692690116
59,10,"Aqua,",62.28713208528728
59,11,who,68.46565232914435
59,12,danced,67.70921484447902
59,13,on,82.24623604173001
59,14,the,86.59230676605884
59,15,silver,94.29814078269975
59,16,backs,103.92645310901194
59,17,of,108.70584168942625
59,18,the,186.44747494710597
59,19,fishes,220.67268271020154
59,20,as,200.87074019774425
59,21,they,200.78350827546083
59,22,plunged,261.32222225236205
59,23,up,230.57911850018306
59,24,and,283.3036112102513
59,25,down,219.5163466942011
59,26,in,249.18179804099324
59,27,the,205.5761486350721
59,28,"waves,",189.78575107098456
59,29,"and,",149.03526785974398
59,30,no,208.90370052278212
59,31,matter,170.4276256114826
59,32,how,768.5171353673556
59,33,high,694.646427335377
59,34,he,621.2043990883595
59,35,"sprung,",879.9113305710673
59,36,he,497.3369278044609
59,37,always,462.3234987654615
59,38,came,781.7808286624262
59,39,down,439.5899296029442
59,40,again,29.183576328269755
59,41,into,124.43743383839245
59,42,his,53.25752524721073
59,43,mother's,200.93356794310395
59,44,lap.,9.747016967893867
60,1,His,0.0
60,2,"mother,",14.859927051395806
60,3,you,37.93986946623127
60,4,"know,",52.5541481939549
60,5,was,58.51479514027149
60,6,the,95.06673572095455
60,7,"ocean,",103.85040289674836
60,8,and,120.16829567256855
60,9,very,148.81590192477668
60,10,beautiful,99.6477878890011
60,11,she,85.62306259274746
60,12,looked,179.29603147707024
60,13,that,206.22593348656193
60,14,summer,148.15595513439527
60,15,day,174.7329690382693
60,16,in,356.57812925823725
60,17,her,362.4930006142696
60,18,dark,232.49442324150422
60,19,blue,129.10107197864306
60,20,dress,118.13501143469476
60,21,and,134.69766708150917
60,22,white,27.675602305545084
60,23,ruffles.,32.05441750813843
61,1,By,0.0
61,2,and,10.889336073702005
61,3,"by,",30.521966051942478
61,4,the,25.871637036353942
61,5,happy,33.1148614557797
61,6,water,29.889162079468203
61,7,drop,37.4497450526352
61,8,tired,41.95339144116406
61,9,of,54.18142782845732
61,10,his,67.32957827717266
61,11,"play,",63.204215296453185
61,12,and,56.93534104326028
61,13,looking,76.87182928111456
61,14,up,64.35684405443163
61,15,to,68.47681434715065
61,16,the,77.58887620339156
61,17,clear,93.0484104480615
61,18,sky,93.7749733423934
61,19,above,132.53845809257822
61,20,"him,",154.61899556463783
61,21,thought,195.62217426065234
61,22,he,181.30453516473784
61,23,would,159.6595587184789
61,24,like,176.16467765543848
61,25,to,177.08752830480105
61,26,have,146.9229736741766
61,27,a,124.20092165234182
61,28,sail,98.15153624675489
61,29,on,95.4151911457289
61,30,one,84.04558259859417
61,31,of,81.49658507845906
61,32,the,117.97958434975196
61,33,"white,",84.72831700422356
61,34,marshmallow-like,107.47474713686152
61,35,"clouds,",126.79253698930867
61,36,instead,43.991754240726486
61,37,of,73.85328206186273
61,38,spending,76.61041075029753
61,39,his,46.57715050230658
61,40,whole,53.152946391588294
61,41,life,41.29187751530848
61,42,in,17.65110510689904
61,43,the,12.336302747117918
61,44,ocean.,6.607460371587009
62,1,Of,0.0
62,2,the,14.551701120380688
62,3,"sky,",22.00444546801188
62,4,little,152.1866387421097
62,5,Aqua,123.847755794743
62,6,had,93.38662207020249
62,7,always,106.88103060735342
62,8,been,98.28156682562744
62,9,"afraid,",79.24900839381843
62,10,but,92.2911716962258
62,11,he,98.21419365404783
62,12,decided,179.90259502460648
62,13,to,168.2571468574146
62,14,finally,145.07345934809914
62,15,face,176.86310298421066
62,16,his,281.4349111875742
62,17,demons,265.62200625396827
62,18,and,277.348032420673
62,19,suggested,174.6200055017204
62,20,a,267.8826800194114
62,21,solution,272.39923026623444
62,22,involving,356.56419659972556
62,23,the,185.1338568412905
62,24,sun,451.91550547772204
62,25,carrying,351.5780542600623
62,26,him,377.41330630283437
62,27,up,109.77851248834388
62,28,to,90.78063276724183
62,29,the,90.77395049420618
62,30,sky,107.68265872631174
62,31,would,27.42866047348348
62,32,be,28.724727599965373
62,33,ideal.,27.01966728593603
63,1,The,0.0
63,2,sun,11.918167935971086
63,3,understood,35.64397537371795
63,4,Aqua's,67.837706350609
63,5,request,86.95044928562568
63,6,came,86.16336174085419
63,7,from,70.5943660423549
63,8,his,75.94579643676305
63,9,"heart,",74.50799361436053
63,10,so,100.59253777722864
63,11,he,90.98393199697422
63,12,acquiesced,108.71776043109635
63,13,and,104.51829717740878
63,14,also,113.62173676944002
63,15,took,102.33831483403674
63,16,ever,100.12552215648105
63,17,so,102.93491387876463
63,18,many,191.9106668913161
63,19,other,253.03054068641194
63,20,"drops,",300.03262524528867
63,21,so,346.07988345242376
63,22,that,300.16616985967494
63,23,Aqua,190.4217173314559
63,24,might,135.00628848662993
63,25,not,214.12023525009445
63,26,be,167.3720617063723
63,27,lonesome,157.14409205384325
63,28,on,14.201466497461965
63,29,the,16.403969901783764
63,30,way.,8.679032060346708
64,1,It,0.0
64,2,was,21.36331478351343
64,3,only,23.472494879221642
64,4,the,36.482691422347855
64,5,sun,63.92892817340975
64,6,that,130.55602577090286
64,7,knew,124.21167658741352
64,8,"this,",152.98123160976485
64,9,"however,",217.63613621666704
64,10,for,179.72476840326738
64,11,all,197.96108224604234
64,12,the,162.0323290559279
64,13,other,184.7722208381367
64,14,drops,191.16424602020234
64,15,had,305.2325213820563
64,16,been,208.32788515145438
64,17,changed,305.60743427387405
64,18,into,336.96094160221776
64,19,fine,316.38059503502234
64,20,mist,239.40623474945374
64,21,or,128.84060380245688
64,22,vapor,204.4036613198703
64,23,and,122.00237184700431
64,24,Aqua,160.22810674791614
64,25,could,71.68793923644634
64,26,not,36.62963990502625
64,27,see,25.26462361982426
64,28,them.,5.411939559355184
65,1,Do,0.0
65,2,you,29.808630171305786
65,3,know,34.72937301229074
65,4,what,27.895767024683256
65,5,vapor,8.368844548960427
65,6,is?,4.545005133809787
66,1,If,0.0
66,2,you,23.13878799865469
66,3,breathe,24.21557481535975
66,4,into,17.897700641144215
66,5,the,30.834300992452008
66,6,"air,",38.42525747762259
66,7,when,80.07103868566162
66,8,it,105.46610766889108
66,9,is,64.67148820599431
66,10,cold,83.29962152309749
66,11,"enough,",124.3242732849681
66,12,you,257.81457245443426
66,13,will,208.1366731203986
66,14,see,145.38542968538886
66,15,it,299.4505685375698
66,16,coming,284.1699062247909
66,17,out,200.8225405979874
66,18,of,142.72833393190646
66,19,your,188.89229222440767
66,20,mouth,144.42655486204595
66,21,thick,76.64388298121087
66,22,and,73.37678089924053
66,23,fast,53.246496977962224
66,24,like,12.349716711329071
66,25,steam.,6.585816833638575
67,1,When,0.0
67,2,the,40.74294039613902
67,3,vapor,56.611255388130544
67,4,is,52.34524086795185
67,5,quite,98.33778520247208
67,6,near,108.14008085382457
67,7,the,101.54201048103154
67,8,"earth,",81.9177195975661
67,9,we,66.22782284723269
67,10,call,40.67679393381236
67,11,it,37.99116247493352
67,12,'fog'.,22.774295578648353
68,1,Into,0.0
68,2,vapor,18.936167659445236
68,3,the,37.2962828694785
68,4,water,67.77334493921131
68,5,drops,91.47828331417188
68,6,that,113.17614562944968
68,7,danced,88.07273652037361
68,8,in,97.85394434700792
68,9,the,97.13424029277509
68,10,ocean,92.87460942463112
68,11,had,105.48672357321531
68,12,been,98.68389065630502
68,13,"changed,",118.29413915632752
68,14,because,136.57672561924772
68,15,in,180.90539559284096
68,16,their,150.2695563881092
68,17,own,115.34517293593574
68,18,shape,129.50378466209426
68,19,they,184.1138571480565
68,20,were,253.26168880882457
68,21,too,217.3182400451592
68,22,heavy,273.216863993591
68,23,for,261.0846265003686
68,24,the,201.07216584847814
68,25,sunbeams,259.2529865031779
68,26,that,148.02793391482408
68,27,the,77.14068749118718
68,28,sun,91.23379720625857
68,29,let,33.34467621819803
68,30,out,38.06932906270295
68,31,to,49.54812328142469
68,32,carry.,11.547920723867362
69,1,Higher,0.0
69,2,and,12.542519993051357
69,3,higher,30.181089558626354
69,4,they,12.79983424389686
69,5,"sailed,",53.161392104857946
69,6,and,61.03331045536766
69,7,though,59.195775580836056
69,8,it,132.59450311091078
69,9,was,143.68896426815806
69,10,"grand,",144.9577387576743
69,11,Aqua,129.58754399668277
69,12,and,134.78888409978703
69,13,his,182.0197048963807
69,14,friends,271.24488890501874
69,15,were,261.15197284265463
69,16,like,211.5125040638502
69,17,fish,285.9434050791003
69,18,out,443.3627970714423
69,19,of,192.69099212125133
69,20,"water,",204.45084809229837
69,21,so,178.06178671828968
69,22,they,85.16409137450265
69,23,grew,18.724969782506665
69,24,quite,13.445607718293422
69,25,dizzy.,9.567067063191041
70,1,They,0.0
70,2,enjoyed,14.064823739232905
70,3,looking,17.56426755695744
70,4,down,30.535765251917105
70,5,on,47.81901590908713
70,6,the,70.61790290002139
70,7,world,72.57270861659272
70,8,"below,",89.81321986519683
70,9,while,87.44223952317802
70,10,the,131.2837586632086
70,11,wind,162.7638276803569
70,12,scattered,132.74877292459593
70,13,them,106.1444065559634
70,14,across,168.11479956901786
70,15,the,200.25521798793324
70,16,four,180.04242104734158
70,17,corners,297.6000943763178
70,18,of,250.31580038995264
70,19,the,415.0351096786988
70,20,"earth,",564.5636065828522
70,21,but,376.91772384783053
70,22,after,236.62435786504892
70,23,a,150.50604878540608
70,24,while,358.60874595920484
70,25,it,102.10087199611772
70,26,grew,255.98744132640127
70,27,nearly,285.46610480983975
70,28,time,478.5589648787569
70,29,for,86.95982094273866
70,30,the,107.8971760941392
70,31,sun,63.45930550259171
70,32,to,34.588017773568765
70,33,go,25.164999648866672
70,34,to,18.41180469316214
70,35,bed.,28.625744170581164
71,1,He,0.0
71,2,became,18.427892884807704
71,3,very,26.099055886965267
71,4,red,48.32559459082185
71,5,in,63.98134487375707
71,6,the,74.83250905413477
71,7,"face,",160.61032284000714
71,8,and,199.68309018261397
71,9,began,491.5488991138891
71,10,to,316.286042413231
71,11,sink,211.15944294368575
71,12,lower,222.64420909603774
71,13,and,158.17992593176822
71,14,"lower,",303.3634765341642
71,15,until,139.60081902101592
71,16,suddenly,181.6694890571921
71,17,he,53.0278625389536
71,18,went,214.54315722788758
71,19,clear,45.41225767224402
71,20,out,27.061208033200852
71,21,of,13.51587630916608
71,22,sight!,6.468043270522905
72,1,Poor,0.0
72,2,little,29.578963163482385
72,3,"Aqua,",47.04260986279542
72,4,frightened,70.91465346064034
72,5,by,84.9507863661257
72,6,the,74.57519411535867
72,7,impending,112.50494205862137
72,8,cold,108.1988906652524
72,9,and,294.99158122795575
72,10,"darkness,",241.3823311657778
72,11,wished,452.46525696430285
72,12,he,438.352282210412
72,13,could,261.6921063714686
72,14,sleep,392.5126125663131
72,15,not,245.41480218918264
72,16,in,202.98893175440105
72,17,the,122.19495746049687
72,18,"sky,",198.21076657257365
72,19,but,77.8503157268409
72,20,somewhere,63.99822543851708
72,21,closer,36.90946150657957
72,22,to,18.71947069636436
72,23,earth.,10.386669706381882
73,1,Then,0.0
73,2,Aqua,25.016271691259316
73,3,heard,54.396359620728774
73,4,the,72.74684792989736
73,5,wind,92.60009312508102
73,6,blow,122.14894969363397
73,7,and,115.29047970123895
73,8,conjectured,126.1476333494156
73,9,that,116.51572692966566
73,10,maybe,193.98732781946856
73,11,the,127.17210545148531
73,12,wind,153.1230271778176
73,13,could,143.93686522059124
73,14,take,129.77746779169226
73,15,him,275.68545962444773
73,16,back,42.85358165644896
73,17,down,19.792376203230294
73,18,to,19.165064804399037
73,19,the,14.878313684352802
73,20,ocean.,5.331017695647599
74,1,"Indeed,",0.0
74,2,the,35.20261973646174
74,3,wind,52.47951666657829
74,4,took,57.94641999639404
74,5,pity,41.76721850177856
74,6,on,69.759992211694
74,7,him,70.34841984473144
74,8,and,95.82045931938926
74,9,fanned,95.23729676322533
74,10,"him,",78.5396150434701
74,11,together,89.37480719506219
74,12,with,101.1672644123851
74,13,all,85.32447061388571
74,14,of,117.63255663895376
74,15,his,88.93836303834932
74,16,brothers,78.48470683045974
74,17,and,88.7112322586782
74,18,"sisters,",111.82360716181337
74,19,into,244.17371484266351
74,20,a,135.50362301488946
74,21,heavy,122.77405331489851
74,22,gray,192.39749680525225
74,23,"cloud,",222.44630625193278
74,24,after,262.4316809572168
74,25,which,191.25199535229086
74,26,he,135.76704987311192
74,27,blew,172.58722353917847
74,28,them,149.17090455708671
74,29,apart,152.1559831785587
74,30,and,295.76990006529036
74,31,told,335.82059894085165
74,32,them,114.2212890142572
74,33,to,136.05394221620077
74,34,hurry,149.53918794767034
74,35,"down,",923.8559251051354
74,36,fast,533.6343721990198
74,37,and,596.452987429748
74,38,furious,326.3813724240826
74,39,to,159.0532009911801
74,40,the,160.80360270446556
74,41,"earth,",163.47503781243327
74,42,so,63.50111752427237
74,43,they,226.39240973785746
74,44,could,228.51649513995932
74,45,have,292.5471418502826
74,46,a,748.0301533657995
74,47,fighting,163.02107348210737
74,48,chance,203.04681526727134
74,49,of,64.09480150606379
74,50,reaching,51.930030468610894
74,51,the,13.992607033693199
74,52,ocean.,10.013501416651566
75,1,Down,0.0
75,2,they,8.825931568278046
75,3,"went,",25.93344691314343
75,4,rolling,36.61568698212127
75,5,over,31.745100129538038
75,6,each,33.20673252407881
75,7,other,54.57972167566857
75,8,until,42.78319053331202
75,9,with,52.22055172624981
75,10,a,58.96391751404066
75,11,patter,56.17727058332501
75,12,and,58.65465211988373
75,13,clatter,71.93736102071219
75,14,and,62.35026450866191
75,15,spatter,67.63705659960448
75,16,they,68.83179462171607
75,17,touched,81.8940193563813
75,18,the,68.19399799288726
75,19,"ground,",82.99205996106265
75,20,and,95.67706431268347
75,21,all,164.28228383067335
75,22,the,180.86506910086666
75,23,people,109.83231515387884
75,24,that,188.44504552567557
75,25,the,190.1543346572853
75,26,raindrops,193.010475133683
75,27,fell,303.7985777643478
75,28,on,323.9231994578161
75,29,"cried,",254.3782801501586
75,30,'It's,362.84028277339974
75,31,"raining',",217.93660547215427
75,32,and,426.9059248413625
75,33,took,193.35356031419283
75,34,out,52.416380443461975
75,35,their,56.950961544882
75,36,umbrellas.,22.043592015234523
76,1,Some,0.0
76,2,of,11.883105488974383
76,3,the,20.2916172774127
76,4,drops,18.136896519721322
76,5,that,39.069955770230536
76,6,were,62.26328049936972
76,7,the,41.59960885377924
76,8,most,60.29490775940242
76,9,"fortunate,",55.584279562629575
76,10,including,39.77413219884757
76,11,"Aqua,",50.66658425421791
76,12,fell,61.46366462042216
76,13,on,150.82324490153357
76,14,a,138.7945008921729
76,15,"mountainside,",169.9141095795687
76,16,and,205.51210023209896
76,17,down,91.7095257690685
76,18,the,62.61534760280785
76,19,rocky,87.05846049575163
76,20,cliff,24.66651619588252
76,21,they,8.260766652561605
76,22,ran.,21.354099055545742
77,1,Together,0.0
77,2,they,11.054246797961335
77,3,plunged,24.419205713634334
77,4,into,27.917312194265754
77,5,a,34.105369736026425
77,6,mountain,49.36724466402504
77,7,"brook,",162.12980607071452
77,8,which,138.5579877709666
77,9,came,144.2578354100006
77,10,foaming,87.6894050777961
77,11,and,72.2451270701189
77,12,dashing,88.93151709694908
77,13,"along,",78.29155208337983
77,14,leaping,84.08892282855088
77,15,over,56.259264687985066
77,16,rocks,58.22655514113049
77,17,and,65.30211023457709
77,18,rushing,72.72344719649904
77,19,down,135.20645797608194
77,20,the,215.27608176047488
77,21,"hillside,",116.73223563086287
77,22,until,80.48428100691189
77,23,in,98.63202860000675
77,24,the,64.84480189508564
77,25,valley,45.718017114071785
77,26,below,108.58933758903973
77,27,they,179.43406165696504
77,28,heard,341.73405027913145
77,29,the,81.17413515032169
77,30,strangest,44.54789585018926
77,31,clattering,37.62591224024845
77,32,noise.,13.126601724936679
78,1,The,0.0
78,2,little,27.435866713162824
78,3,water,29.749730240968894
78,4,drops,34.90234972287554
78,5,were,63.789516112915294
78,6,then,102.55966759857816
78,7,able,136.6800706820818
78,8,to,252.1943686051536
78,9,make,183.5305057549419
78,10,out,175.6566445164254
78,11,a,167.68623944098584
78,12,flour,91.90003267125574
78,13,mill,92.05064338206114
78,14,that,72.63002871429879
78,15,was,66.07715082461226
78,16,standing,33.29543571494468
78,17,on,26.241452910594845
78,18,the,10.969340422395671
78,19,bank.,7.8102627690303414
79,1,Inside,0.0
79,2,the,13.671203606550177
79,3,"mill,",23.306235810979544
79,4,the,37.9786240367767
79,5,water,37.57996894000731
79,6,drops,29.832912057815808
79,7,saw,65.08043199286891
79,8,two,61.25764565704902
79,9,great,100.1615882942282
79,10,"stones,",108.89500867478063
79,11,which,249.26922163794103
79,12,the,232.8272571381354
79,13,big,132.78134910440042
79,14,wheel,122.00644400921578
79,15,kept,101.5976135039514
79,16,whizzing,178.27953352259044
79,17,round,17.43460169416834
79,18,and,15.497868215519304
79,19,round.,12.87880668148571
80,1,The,0.0
80,2,"stones,",30.564346704698693
80,3,smoothed,38.76839588676286
80,4,by,40.23324642066657
80,5,the,35.57890195414569
80,6,"spinning,",50.96234901028211
80,7,were,110.02621114618398
80,8,busy,176.36703897778438
80,9,grinding,202.96379511411624
80,10,the,231.70733466483682
80,11,wheat,108.05708890582422
80,12,into,120.39532515445832
80,13,flour,171.70345207761483
80,14,and,136.6974137565601
80,15,the,81.64396090309089
80,16,corn,95.96101072195002
80,17,into,56.122642753092904
80,18,golden,13.218795531108558
80,19,meal.,5.186515054833145
81,1,But,0.0
81,2,what,29.363558332929735
81,3,giant,48.38171080997188
81,4,do,155.04340540733924
81,5,you,128.16017260998566
81,6,suppose,132.59354551151077
81,7,it,177.27360355804086
81,8,was,154.50410427455543
81,9,who,146.5989053892946
81,10,could,134.97844647325573
81,11,turn,55.43147237539869
81,12,and,97.70641373799033
81,13,swing,61.94629577141797
81,14,that,27.824579428392337
81,15,tremendous,33.7209705176632
81,16,wheel?,17.596808206221166
82,1,No,0.0
82,2,giant,13.25370402676045
82,3,at,19.185714743821148
82,4,all.,15.527119858490822
83,1,It,0.0
83,2,was,23.359385329402187
83,3,just,37.016707872235926
83,4,our,53.03788757965505
83,5,tiny,63.23276424451376
83,6,little,125.48097459211898
83,7,water,111.8124215821839
83,8,"drops,",220.58206143982628
83,9,who,343.4595695424901
83,10,sprang,461.37706772532397
83,11,on,308.8573467436352
83,12,it,241.6546388641255
83,13,by,153.24219739625346
83,14,hundreds,168.2255735944386
83,15,and,127.12708968055257
83,16,"thousands,",191.27715598415546
83,17,and,125.01855881935137
83,18,whirled,221.37829570990124
83,19,it,60.274154419442326
83,20,over,16.012350639446232
83,21,and,20.68415460463837
83,22,over.,18.822170636928444
84,1,It,0.0
84,2,was,21.688776127867417
84,3,lucky,26.39269218574239
84,4,for,48.46682639974509
84,5,the,52.321759044733646
84,6,water,65.92053422166477
84,7,drops,82.04435867856364
84,8,that,85.05253886961277
84,9,the,146.6339160695134
84,10,brook,191.42955196086814
84,11,where,180.5550579899356
84,12,they,238.05233359878113
84,13,were,283.72738213740473
84,14,swimming,196.56246842236132
84,15,next,174.78202261787897
84,16,emptied,183.69150628165121
84,17,into,163.3447314163844
84,18,a,280.16545771055235
84,19,beautiful,234.31170750286205
84,20,pond,59.43862181267556
84,21,where,53.27605470101035
84,22,ducks,121.19980754048602
84,23,and,39.32501713434106
84,24,geese,108.90581077071987
84,25,were,47.087209279853795
84,26,living,13.196705480179691
84,27,peacefully.,10.361727517340743
85,1,Aqua,0.0
85,2,liked,10.53649096374704
85,3,to,41.439853997410125
85,4,play,57.37432933932736
85,5,hide-and-seek,77.08564000447636
85,6,in,96.16020554272392
85,7,this,102.19613755049039
85,8,"pond,",157.57364099612641
85,9,and,128.19255556728194
85,10,it,94.8000037001478
85,11,was,122.19774392340615
85,12,his,118.94143782661651
85,13,brother,173.34185589394033
85,14,water,141.24200250693602
85,15,drop,219.96842871740898
85,16,who,214.88233522054378
85,17,he,247.54032270051462
85,18,fooled,452.2143067594699
85,19,by,316.89509282989866
85,20,swimming,341.4894546182696
85,21,to,328.41757443361956
85,22,a,276.9790193936931
85,23,big,177.66287390551798
85,24,pool,190.10427506515936
85,25,of,185.92347012327258
85,26,water,134.72337152251578
85,27,and,329.52530333697194
85,28,pretending,241.92313929653977
85,29,to,325.10270471856677
85,30,hide,244.20611534219015
85,31,"there,",158.73496584186742
85,32,but,464.1114928120357
85,33,then,413.87332891769927
85,34,sneaking,322.66462343200686
85,35,under,134.38433348074173
85,36,a,154.1888774672695
85,37,rock,65.932406925729
85,38,into,66.63753871259712
85,39,an,55.74213420418714
85,40,obscured,55.21222489348215
85,41,little,10.669613703347155
85,42,puddle.,6.528536028257871
86,1,His,0.0
86,2,brother,10.473579710061424
86,3,had,15.389166511173514
86,4,blatantly,35.36683668270749
86,5,peeked,144.43139754952892
86,6,and,176.0047238151423
86,7,even,134.45435514214896
86,8,followed,181.05418603926964
86,9,Aqua,170.91112121177514
86,10,as,192.54986277099235
86,11,he,187.54022760122123
86,12,entered,170.93073892879377
86,13,the,140.11624655410282
86,14,big,163.630563830396
86,15,pool,145.05981923207656
86,16,of,186.55737839634804
86,17,"water,",179.1656043062048
86,18,so,144.8630064140128
86,19,when,221.13310348421916
86,20,he,409.8040594006753
86,21,searched,304.2551083767942
86,22,there,286.73733710341946
86,23,and,406.8342339205083
86,24,could,422.3194472387439
86,25,not,399.9154939839797
86,26,find,159.2615936161048
86,27,"him,",210.22413296818573
86,28,he,339.8873172134881
86,29,was,31.85454113892977
86,30,extremely,77.62622644960136
86,31,surprised,49.96596478153493
86,32,and,29.136795816484227
86,33,gave,23.860461881707856
86,34,up.,20.76290297578941
87,1,Aqua,0.0
87,2,liked,12.309755921651218
87,3,this,48.09004887202666
87,4,pond,77.81300554183983
87,5,where,125.26890072154823
87,6,he,105.67064250797861
87,7,could,102.86567082581352
87,8,play,96.49952593701502
87,9,all,90.74031676620922
87,10,"day,",88.29025329787886
87,11,so,92.7907174914188
87,12,he,100.95003794159452
87,13,stayed,97.53442999073812
87,14,a,83.50374239994437
87,15,good,84.35956418699439
87,16,"while,",70.14065336564288
87,17,sailing,92.56145335295504
87,18,up,85.38499526432531
87,19,and,91.12174651062482
87,20,"down,",110.54257254506507
87,21,taking,94.5362717447027
87,22,the,106.47579416449214
87,23,ducks',101.08309636102682
87,24,backs,79.96736341613789
87,25,for,97.91821099596498
87,26,ships,80.24694546466915
87,27,and,101.75530293467497
87,28,the,89.2575638702466
87,29,frogs,95.04745878755863
87,30,for,114.22985228841763
87,31,"horses,",95.16450570818692
87,32,but,99.72848653434352
87,33,after,107.2504772885875
87,34,a,74.28590295825559
87,35,time,90.6724237770674
87,36,he,93.15785306979058
87,37,tired,213.33090844821308
87,38,of,132.7254891394002
87,39,the,117.23419305277758
87,40,dull,115.33820634870591
87,41,"life,",149.5075826959213
87,42,and,178.79683824631152
87,43,he,180.7765983875491
87,44,and,209.2584594556759
87,45,his,260.92172014791373
87,46,brothers,570.3526103720588
87,47,floated,1251.16697588982
87,48,under,449.15620413245887
87,49,a,138.5982550149177
87,50,bridge,186.30637350103208
87,51,for,471.9406043367804
87,52,a,627.7064003393416
87,53,long,538.341239178214
87,54,"distance,",239.55709477060938
87,55,until,321.6553432669163
87,56,they,104.5520995720161
87,57,saw,43.71301402577336
87,58,another,235.22605962953224
87,59,brook,46.76349303808366
87,60,tumbling,140.5132401157333
87,61,down,15.182241212666472
87,62,a,7.165519434770761
87,63,hillside.,12.118275398805153
88,1,"'Come,",0.0
88,2,let's,32.42924677070499
88,3,join,35.81718770053443
88,4,hands!',8.544867717226944
89,1,cried,0.0
89,2,Aqua,39.96044134849255
89,3,and,85.50747907249533
89,4,because,84.4063195624406
89,5,the,114.71501268077053
89,6,water,147.5944625642227
89,7,drops,117.64782938628099
89,8,were,179.6240574267139
89,9,all,116.99904203416612
89,10,"together,",165.46818469625302
89,11,overcoming,151.65553395850074
89,12,the,100.51924126517935
89,13,brook,36.60403249179423
89,14,was,50.132729038065015
89,15,child's,65.85845009704065
89,16,play.,22.560267033884774
90,1,It,0.0
90,2,was,18.341386987284917
90,3,by,20.328483822416956
90,4,the,28.985802223927895
90,5,help,36.24087762385931
90,6,of,35.989384297814915
90,7,Aqua,51.3173322085526
90,8,and,71.27796509076151
90,9,his,63.704664000563206
90,10,brothers,68.43481738768851
90,11,that,117.96603099897675
90,12,the,162.68321046879967
90,13,bewitching,194.89791318211957
90,14,river,149.41674584529315
90,15,was,166.61471185374418
90,16,able,156.6354820850192
90,17,to,130.19029262505757
90,18,float,108.77802598967241
90,19,heavy,153.27658317751033
90,20,"ships,",178.50119800568655
90,21,though,143.71039623016063
90,22,not,110.08429450289458
90,23,so,110.89413900700654
90,24,long,130.7588728152505
90,25,ago,103.16508814941676
90,26,it,78.39722119077067
90,27,was,56.1637345812997
90,28,only,66.62108055872547
90,29,a,23.476875535313095
90,30,little,13.38783333110233
90,31,stream.,13.196787455441502
91,1,As,0.0
91,2,the,26.53031339089341
91,3,river,75.65116160671502
91,4,grew,64.50184142349552
91,5,wider,72.40393722578683
91,6,and,105.39632054882398
91,7,he,151.3261352433379
91,8,could,193.796635863949
91,9,almost,274.8786642437486
91,10,see,236.33841159852247
91,11,the,228.52247566466042
91,12,"ocean,",240.09567529608606
91,13,Aqua,272.57113862059214
91,14,realized,317.7144326251518
91,15,his,396.2800796505871
91,16,journey,246.17309433475486
91,17,was,259.1208659911321
91,18,almost,267.0487651244543
91,19,over,207.21841320393548
91,20,and,122.84248968322574
91,21,he,97.02719903255326
91,22,had,46.98552437092297
91,23,come,24.22765999055299
91,24,full,17.910551662471626
91,25,circle.,25.76416991852627
92,1,Back,0.0
92,2,in,30.240031452730058
92,3,the,43.65233650425498
92,4,"ocean,",61.26160710542899
92,5,he,115.92569555840892
92,6,felt,32.66798268168236
92,7,right,29.91643384136781
92,8,at,17.722330448007362
92,9,home.,24.469363200837986
93,1,For,0.0
93,2,"him,",13.22913664905
93,3,this,92.84759404586828
93,4,was,113.36343611210049
93,5,the,112.74906455221509
93,6,"safest,",175.99053868609914
93,7,sweetest,99.64612954629014
93,8,place,114.70155985385473
93,9,in,93.68240884004601
93,10,the,47.28552546813672
93,11,whole,45.316577833163244
93,12,wide,14.67274975012445
93,13,world.,0.49583030854013443
94,1,During,0.0
94,2,the,17.999080974174824
94,3,warm,17.17138901346523
94,4,summer,27.222286618535826
94,5,"evenings,",25.74716596865319
94,6,if,28.01689393273364
94,7,you,35.03993481166988
94,8,take,26.899381452321617
94,9,a,21.843843769069917
94,10,walk,25.732071739317565
94,11,on,23.886210238753108
94,12,the,23.814094817558615
94,13,sea,29.897195733055305
94,14,"beach,",43.496724709945155
94,15,you,44.32199885255759
94,16,will,46.894528156870976
94,17,hear,46.87651228626249
94,18,the,48.7650399307836
94,19,gentle,47.26821335053557
94,20,rippling,68.26302684144672
94,21,swash,72.40861395001174
94,22,of,85.51375557933858
94,23,the,105.70264968318273
94,24,waves,118.24593843868345
94,25,and,101.54347508528629
94,26,some,98.27183639120692
94,27,say,90.11698963973677
94,28,that,86.8272089257745
94,29,it,72.8635954287305
94,30,must,76.9267923995862
94,31,be,120.14404104530868
94,32,the,190.04250878597188
94,33,gurgling,177.85833150029296
94,34,voices,128.50123136191604
94,35,of,838.4314517392525
94,36,Aqua,556.8402833064798
94,37,and,305.9393394641906
94,38,his,148.3830222804856
94,39,brother,365.85598625951957
94,40,water,179.57726718178523
94,41,drops,166.1692514205685
94,42,telling,91.8011803972015
94,43,each,75.72894953168291
94,44,other,83.45717295924157
94,45,about,74.52110426029459
94,46,their,100.81863786487315
94,47,wonderful,111.0466992378997
94,48,journey,204.75215542999217
94,49,around,27.37361190785025
94,50,the,8.610743923933434
94,51,world.,4.81277284526684
95,1,It,0.0
95,2,was,28.241554525590427
95,3,cold,57.498585428714534
95,4,and,78.79690108916087
95,5,nearly,152.43114854063316
95,6,dark,168.71538224788767
95,7,on,145.01567420930513
95,8,the,353.30630551082555
95,9,last,191.8481522296234
95,10,evening,155.01659331206972
95,11,of,199.40620430610028
95,12,the,174.74272406620886
95,13,old,248.78873857175233
95,14,"year,",230.7058188070043
95,15,and,162.06239919053536
95,16,the,170.896413427456
95,17,snow,65.70169575748764
95,18,was,18.812122506779346
95,19,falling,24.28682874858378
95,20,fast,20.513161367278745
95,21,and,21.315344572335256
95,22,furious.,14.177794642148049
96,1,A,0.0
96,2,little,11.01265382574607
96,3,girl,24.692656752644993
96,4,no,24.142643164504264
96,5,one,36.595044936434114
96,6,sheltered,49.97044044729207
96,7,from,47.962944749941194
96,8,the,49.84842047633141
96,9,gelid,83.38200190079137
96,10,air,130.6228461902426
96,11,roamed,222.6654166206809
96,12,through,112.48163668960295
96,13,the,149.38532960247738
96,14,streets,149.3440813694858
96,15,with,131.77273165295713
96,16,a,139.42278860023552
96,17,bare,363.1239048663824
96,18,head,393.48485938472595
96,19,and,542.0207632349388
96,20,naked,254.96482956066595
96,21,"feet,",313.58530993170183
96,22,looking,233.263239865396
96,23,as,208.79087930187686
96,24,poor,178.67659037383646
96,25,as,77.26276685528141
96,26,a,63.615468495923096
96,27,church,21.141605254398947
96,28,mouse.,7.818749459853794
97,1,It's,0.0
97,2,true,25.577386415547934
97,3,she,60.37984242342692
97,4,had,84.11880447017299
97,5,on,92.93745291715229
97,6,a,93.33447280287727
97,7,pair,92.97063731360157
97,8,of,98.54902461322082
97,9,slippers,117.86720907986037
97,10,her,90.82001971799448
97,11,mother,121.6522916591316
97,12,had,141.40085686214522
97,13,once,214.5309646898373
97,14,given,267.72874625982604
97,15,her,299.8643642989905
97,16,when,181.0133566700242
97,17,she,270.9473479121364
97,18,left,319.4946511855956
97,19,"home,",361.44666504572626
97,20,but,456.1752632690624
97,21,they,292.7823894371525
97,22,were,224.5477924887763
97,23,as,165.22389159586965
97,24,much,186.06285136662578
97,25,use,155.22477515075795
97,26,to,161.04363295687332
97,27,her,99.55467461151264
97,28,as,112.10439338987031
97,29,a,52.3251613721412
97,30,chocolate,76.809641381084
97,31,teapot.,18.352596469815627
98,1,The,0.0
98,2,slippers,12.175518647138572
98,3,owned,45.88755786926632
98,4,by,35.91914830302905
98,5,her,42.762177005099
98,6,mother,48.36520391514206
98,7,were,35.991444477989596
98,8,so,46.95502425819052
98,9,large,73.68256683714544
98,10,that,66.16161760983509
98,11,the,76.49189776356195
98,12,emaciated,111.25802450023798
98,13,little,112.54937240061057
98,14,creature,116.1027946931349
98,15,had,146.99910936181766
98,16,lost,140.23393273424438
98,17,them,202.34241182155515
98,18,while,167.95523372158203
98,19,running,327.3707473386601
98,20,across,259.7009483380191
98,21,the,202.64602173822112
98,22,street,127.59371232094294
98,23,to,129.95466100092824
98,24,avoid,160.30338290926383
98,25,two,358.5470769362064
98,26,carriages,234.51975715138525
98,27,that,151.7923409547869
98,28,were,313.24388365284653
98,29,rolling,97.30169805859586
98,30,along,91.39778389998156
98,31,at,16.53603511536107
98,32,a,50.13533761985595
98,33,terrible,17.388129905684963
98,34,rate.,4.169438999483069
99,1,One,0.0
99,2,of,21.09382209719503
99,3,the,38.00851806114967
99,4,slippers,24.72445565685892
99,5,she,46.24406827347647
99,6,could,59.205103575853556
99,7,not,54.81854779154632
99,8,"find,",45.24044184455254
99,9,and,58.763918545387
99,10,a,72.62458202374597
99,11,boy,133.8002287606207
99,12,seized,98.09610400260735
99,13,upon,70.25059628490332
99,14,the,96.86928072516812
99,15,"other,",92.76179052549162
99,16,saying,168.8178230259435
99,17,that,98.94903166560864
99,18,he,133.26566188025853
99,19,could,268.19780348662204
99,20,use,174.19407928798637
99,21,it,173.69693290874687
99,22,as,123.66786993913377
99,23,a,126.23070324855246
99,24,home,136.1190950702599
99,25,for,61.29093801560738
99,26,his,98.45030064091135
99,27,little,68.72627231226666
99,28,pet,28.883280573717727
99,29,mouse.,8.891498402044789
100,1,So,0.0
100,2,with,16.948006939634958
100,3,her,21.2862885697062
100,4,naked,45.802884618871126
100,5,"feet,",70.73759938536888
100,6,which,108.96745774231779
100,7,were,156.84635457078232
100,8,quite,89.94425035120149
100,9,red,109.89049069329029
100,10,and,121.42444457171963
100,11,blue,135.07493114814687
100,12,with,122.77163420693147
100,13,the,215.69283545150782
100,14,"cold,",210.74081034219213
100,15,the,148.33986117045976
100,16,little,94.55753585163804
100,17,girl,82.47073583080825
100,18,went,111.14680830742188
100,19,"on,",228.88930915550597
100,20,wondering,143.44485166356677
100,21,how,106.52801467563049
100,22,she,116.6583473480098
100,23,would,211.0637566122599
100,24,get,106.75040079792961
100,25,through,43.87582380996975
100,26,this,28.673165346376944
100,27,dreadful,10.488492269285931
100,28,night.,5.902693426094379
101,1,She,0.0
101,2,approached,26.63474125649731
101,3,an,29.62185563660757
101,4,old,57.966962292143705
101,5,hovel,63.174438736230755
101,6,she,77.6172363145015
101,7,had,113.54575216855774
101,8,used,80.45600809100594
101,9,as,124.77718890808471
101,10,a,122.4057338939495
101,11,shelter,105.9297078861752
101,12,a,71.01711040506535
101,13,few,153.9185389487763
101,14,times,153.15467972479564
101,15,"before,",140.9980497602187
101,16,and,63.15952674401155
101,17,found,206.89753287546122
101,18,the,77.64712608230386
101,19,entrance,47.85434602020761
101,20,was,12.220751634846577
101,21,locked.,6.158650373399995
102,1,Tough,0.0
102,2,luck,23.613405080587764
102,3,for,11.689148958776133
102,4,the,11.176980539918732
102,5,girl!,3.409672184640176
103,1,This,0.0
103,2,day,34.961524825453814
103,3,was,40.608322008072065
103,4,even,35.519669753327335
103,5,worse,62.77462069277623
103,6,than,32.66976334705374
103,7,the,3.645684186023064
103,8,others.,1.2263810979513219
104,1,No,0.0
104,2,Good,26.133082998403772
104,3,Samaritan,43.35191445800541
104,4,had,67.49241747040234
104,5,given,48.19047074574401
104,6,her,60.707311751221056
104,7,even,26.2355088999603
104,8,a,27.358320595802038
104,9,penny.,12.70788173106366
105,1,And,0.0
105,2,she,18.945339150250447
105,3,had,79.17580982588879
105,4,no,53.90663902239693
105,5,luck,70.75924168215346
105,6,selling,141.05775972884115
105,7,any,201.97895950962558
105,8,matches,145.0035026531383
105,9,that,233.69159585002146
105,10,she,333.0334763061237
105,11,carried,255.44076471763523
105,12,in,129.40760456847778
105,13,the,194.63532370742416
105,14,old,126.70092509886442
105,15,apron,91.69792519530252
105,16,her,97.77801286726694
105,17,grandmother,83.63033569056111
105,18,had,11.633659785683927
105,19,given,10.808909410860231
105,20,her.,8.49656319259102
106,1,Poor,0.0
106,2,little,54.15736977736741
106,3,"child,",53.32147080455864
106,4,she,51.064424153222205
106,5,looked,33.074090775613875
106,6,the,45.860472923521215
106,7,picture,42.22088949419558
106,8,of,21.997989432778972
106,9,misery.,22.646521697001397
107,1,On,0.0
107,2,her,13.228543652869824
107,3,"long,",21.411039969127863
107,4,fair,56.52344998969784
107,5,"hair,",77.74711210898826
107,6,which,70.85046678361593
107,7,hung,124.30829300101523
107,8,in,90.40812126917805
107,9,curls,81.8805637777431
107,10,on,154.17642504193594
107,11,her,170.59322572819792
107,12,"shoulders,",166.32458606483644
107,13,the,182.80654341027372
107,14,snowflakes,132.98286332619952
107,15,kept,95.68132294708414
107,16,"landing,",89.75538106781576
107,17,but,215.17822930756142
107,18,she,169.02246277444806
107,19,did,233.00530862679054
107,20,not,195.6485983630615
107,21,notice,219.9992595312812
107,22,them,130.78057075917152
107,23,as,100.14619959834754
107,24,she,43.326664991727185
107,25,shivered,27.224040094524987
107,26,along.,11.686984763023942
108,1,She,0.0
108,2,was,31.991700893130695
108,3,losing,37.97850915236592
108,4,strength,105.69011919922352
108,5,and,217.90875485964753
108,6,beginning,166.88364387662074
108,7,to,240.84830302106946
108,8,doubt,83.76972956389024
108,9,she,78.3833994180731
108,10,could,39.24638180785669
108,11,weather,34.35467071322895
108,12,this,19.51665792768223
108,13,storm.,9.71479743543207
109,1,It,0.0
109,2,was,13.377931910992881
109,3,New,17.778218102214392
109,4,"Year's,",20.97009433851131
109,5,and,64.80490099567872
109,6,the,78.14318402634169
109,7,girl,120.40690646616741
109,8,asked,99.90133314005293
109,9,herself,77.12756713898224
109,10,"why,",111.51859919817855
109,11,as,99.71368149383531
109,12,lights,101.54442786917207
109,13,shone,96.65971900517854
109,14,from,82.5610243147541
109,15,every,78.59702457215462
109,16,"window,",70.3571438366791
109,17,and,93.80639560460193
109,18,the,122.7054033441189
109,19,savory,454.0646584690744
109,20,smell,530.0339013006296
109,21,of,297.8409964947742
109,22,roast,363.5433406268556
109,23,goose,317.12814101663804
109,24,crept,438.1755234293521
109,25,out,540.8700500197258
109,26,on,357.3994972663898
109,27,the,421.85817846127054
109,28,"streets,",242.5408320348938
109,29,she,104.1523910170167
109,30,was,130.89250781726872
109,31,outside,35.957713649662864
109,32,all,15.445992204441241
109,33,alone.,8.926769050499638
110,1,"Exhausted,",0.0
110,2,she,31.892099548640612
110,3,finally,57.595909722907194
110,4,sat,103.61279992148354
110,5,down,99.9529348146178
110,6,in,174.49767286630046
110,7,a,105.0848358905403
110,8,corner,32.856232827524984
110,9,behind,46.14975582545705
110,10,the,133.41473973119463
110,11,little,9.785772584779052
110,12,bakery.,6.8975600970614295
111,1,She,0.0
111,2,put,28.31221875717694
111,3,a,38.17149845213572
111,4,rag,69.08259932922643
111,5,she,81.27814157243965
111,6,had,132.88694928974394
111,7,found,216.26052679236545
111,8,over,274.03781354645616
111,9,her,240.50387405411712
111,10,legs,203.5380166362271
111,11,to,238.96676191376568
111,12,cover,257.08391104154964
111,13,"herself,",210.83794683133004
111,14,but,152.9722544593551
111,15,she,95.08201113401286
111,16,could,53.23220361808709
111,17,not,35.858866244867414
111,18,keep,66.9870567483032
111,19,off,28.60645617294003
111,20,the,22.29899189360291
111,21,cold.,7.811195404073681
112,1,The,0.0
112,2,"girl,",26.724183241835625
112,3,who,36.48930656303064
112,4,the,73.54499671084173
112,5,night,84.77754205053617
112,6,air,149.99419015029855
112,7,had,130.8389771315472
112,8,completely,150.52573692932023
112,9,"enveloped,",206.19832889523724
112,10,dared,342.7936458390433
112,11,not,212.20213316796136
112,12,go,146.05887505007118
112,13,"home,",190.10006484387492
112,14,for,148.190012557776
112,15,she,157.8009346433679
112,16,had,93.31150070398948
112,17,sold,18.87708024114661
112,18,no,13.815880910526342
112,19,matches.,12.794980566991198
113,1,Her,0.0
113,2,father,24.734905322725346
113,3,had,22.94313296779652
113,4,been,34.31747318761311
113,5,mean,57.20079746874558
113,6,and,129.8643411301486
113,7,moody,168.62992234884746
113,8,ever,133.14413042601768
113,9,since,204.21496167587182
113,10,his,218.9819981458142
113,11,wife,200.7483280203483
113,12,had,116.83935339111758
113,13,gone,43.95793864645071
113,14,to,36.21961945032544
113,15,meet,13.658984970132641
113,16,her,22.170500294091735
113,17,Maker.,3.39545417466395
114,1,He,0.0
114,2,would,17.930757082501255
114,3,certainly,65.95046229860262
114,4,beat,45.139246908819565
114,5,"her,",58.492115444136914
114,6,as,183.50424469208576
114,7,he,134.025050673204
114,8,has,176.72998566072042
114,9,done,97.7260119564759
114,10,several,120.34151711446552
114,11,times,172.74717978723174
114,12,in,167.11893437316206
114,13,the,193.9106699924995
114,14,weeks,163.67061583805952
114,15,"past,",222.94160080797909
114,16,because,241.2774871021588
114,17,she,95.43222843505397
114,18,had,100.21542312051886
114,19,not,90.44755727798186
114,20,earned,54.31798072037685
114,21,any,24.79744712543016
114,22,money,12.999270794348226
114,23,today.,13.126691670183563
115,1,"Besides,",0.0
115,2,it,48.251441519179934
115,3,was,58.53493086903451
115,4,almost,70.32160774946192
115,5,as,107.34855409286902
115,6,cold,152.95988374727855
115,7,at,304.148431494065
115,8,home,425.18373711305276
115,9,as,360.07201081306755
115,10,"outside,",281.01430560110987
115,11,for,228.4124016086287
115,12,they,265.8833892703679
115,13,had,167.33858958294815
115,14,only,113.54080801131073
115,15,a,166.26302435901215
115,16,patchy,154.8091464627378
115,17,roof,45.66009419567661
115,18,to,28.88706801596346
115,19,cover,23.681968522596154
115,20,them.,4.405498473787957
116,1,The,0.0
116,2,girl's,26.724183241835625
116,3,little,42.6360208513851
116,4,hands,55.99017100141667
116,5,were,97.47228595165801
116,6,almost,130.99039065736682
116,7,frozen,152.5461650340854
116,8,solid,131.72075901181435
116,9,so,157.2522996681565
116,10,she,131.25616077920728
116,11,decided,143.66312662658834
116,12,that,157.59863282701917
116,13,a,260.1045950592471
116,14,burning,163.84752991945317
116,15,match,85.80806381433263
116,16,might,69.33405735583173
116,17,be,35.343214553892935
116,18,of,24.8118060966866
116,19,some,12.719595405592239
116,20,good.,1.7477658376462928
117,1,'Scratch!',0.0
118,1,sounded,0.0
118,2,the,44.04647946419633
118,3,match,56.7634737927562
118,4,as,62.52731411238444
118,5,she,42.788113020745016
118,6,drew,34.73631423207957
118,7,it,20.525815082181758
118,8,out.,6.738037061213149
119,1,How,0.0
119,2,it,43.035518663143705
119,3,sputtered,54.94292186103199
119,4,as,43.50027374392836
119,5,it,32.04670507246024
119,6,burnt!,9.151024310815568
120,1,It,0.0
120,2,gave,23.359385329402187
120,3,a,48.96248246332351
120,4,"warm,",39.547516507215775
120,5,candle-like,88.80643514687246
120,6,bright,144.65263465573764
120,7,light,290.2998436055537
120,8,that,328.7449774621018
120,9,the,213.853260862737
120,10,girl,231.18274527197315
120,11,hid,173.27962431569094
120,12,from,190.7599595235131
120,13,the,166.781137057227
120,14,world,178.67764756194023
120,15,as,140.83080858504886
120,16,she,47.57831969685955
120,17,held,107.49047583169401
120,18,her,41.130506556779814
120,19,hand,19.601490654364888
120,20,over,15.782881070393252
120,21,it.,4.709373909833116
121,1,Why,0.0
121,2,had,61.809128320993416
121,3,no,86.55032132943431
121,4,one,177.09514472847718
121,5,wanted,92.26975572860977
121,6,to,15.148554699431854
121,7,buy,32.28596819625383
121,8,even,13.34117369356084
121,9,one,17.557697411235683
121,10,match?,15.316400267319723
122,1,A,0.0
122,2,wonderful,16.11010196118653
122,3,"light,",30.292753078317354
122,4,it,51.58030193688908
122,5,was,28.040468196626687
122,6,really.,14.165220331500576
123,1,It,0.0
123,2,seemed,21.147352729171985
123,3,to,62.806941392352876
123,4,the,67.8289572491943
123,5,girl,104.98569408369333
123,6,that,90.59484833666463
123,7,she,88.6886407896435
123,8,was,79.18757550299962
123,9,sitting,96.74004229838546
123,10,by,373.1250881344987
123,11,a,290.709998838221
123,12,large,266.4774582783189
123,13,iron,164.43228279918964
123,14,"stove,",119.8414478040833
123,15,with,89.3200787899133
123,16,polished,235.32630719883295
123,17,brass,173.95515720578942
123,18,feet,164.20870724487713
123,19,and,191.5471496559358
123,20,a,56.140745337891396
123,21,brass,17.18682928264331
123,22,ornament.,19.25257705974696
124,1,How,0.0
124,2,the,26.563279025410797
124,3,fire,22.9321460281288
124,4,burned!,14.809161556479424
125,1,The,0.0
125,2,girl,14.789803533263608
125,3,was,36.254634860067135
125,4,pleased,51.78636329398566
125,5,and,56.36949731202088
125,6,the,57.560475105454024
125,7,fire,79.80219231014516
125,8,actually,65.93011640704023
125,9,seemed,62.75409731511817
125,10,so,56.267509708250074
125,11,warm,54.1725278122665
125,12,that,52.70076770338172
125,13,the,71.1046065786918
125,14,child,156.53968611465342
125,15,stretched,114.21230223281901
125,16,out,142.90268486986298
125,17,her,119.67091565489787
125,18,feet,80.59250315375911
125,19,as,227.10565988514267
125,20,if,92.83635927920068
125,21,to,103.5668731584492
125,22,warm,273.7734598737282
125,23,"them,",261.36043284178277
125,24,when,223.25735970808898
125,25,suddenly,173.495091812422
125,26,the,102.80839856078224
125,27,flame,87.85908782616676
125,28,of,88.49308815833055
125,29,the,71.93251916895738
125,30,match,16.48175185169816
125,31,went,5.28696976984693
125,32,out.,0.9772832411609097
126,1,It,0.0
126,2,was,25.208496012198072
126,3,a,35.1607509040745
126,4,"short,",59.557715821299254
126,5,stubby,145.9423036614725
126,6,match,138.69790769622907
126,7,that,188.52240297806836
126,8,the,144.02284278741058
126,9,little,130.45784053156
126,10,girl,148.41499316735036
126,11,next,80.41026517742536
126,12,rubbed,67.10982671410643
126,13,on,33.529101357021844
126,14,the,7.6337793026349345
126,15,wall.,6.891859195996412
127,1,It,0.0
127,2,burst,22.576093785700543
127,3,into,23.56032641901728
127,4,a,28.75493856081979
127,5,"flame,",38.789766450959064
127,6,and,58.176341538540726
127,7,lo,100.27585769504506
127,8,and,216.62606284609288
127,9,"behold,",264.4830050572789
127,10,the,271.31254894366
127,11,girl,296.321986044374
127,12,was,192.25928432374755
127,13,transported,299.4241712644541
127,14,from,189.01167882926507
127,15,her,276.79819769448915
127,16,dank,356.1251499155485
127,17,city,188.20541641205202
127,18,to,123.2757399931251
127,19,a,91.26051316322625
127,20,"beautiful,",45.22604570354569
127,21,sunny,22.156410128359557
127,22,forest.,6.239053211941974
128,1,She,0.0
128,2,heard,28.31221875717694
128,3,the,45.52664470919407
128,4,birds,98.2051384235146
128,5,chirping,79.34479309932055
128,6,and,107.31566619450982
128,7,she,102.94042480483756
128,8,was,81.40841825848557
128,9,surrounded,113.73585835116847
128,10,by,113.77098787139902
128,11,wildflowers,76.33116501384004
128,12,and,134.367760415587
128,13,birches,189.0233282461039
128,14,as,30.509867308930424
128,15,white,60.676232975987496
128,16,as,48.83838578304309
128,17,snow.,9.464178002950439
129,1,A,0.0
129,2,little,15.791424988443778
129,3,squirrel,31.043705004350755
129,4,hid,52.33665411815957
129,5,some,57.08405770913171
129,6,food,50.908922255826276
129,7,in,101.67610191425625
129,8,the,64.3428145696875
129,9,ground,84.52238205437537
129,10,and,109.13718432476658
129,11,scurried,118.46763009503839
129,12,off,30.766642587645954
129,13,into,31.879670964402035
129,14,the,15.845085362520205
129,15,underbrush.,8.740858931171887
130,1,The,0.0
130,2,girl,19.290273058265722
130,3,was,34.26528264445168
130,4,"curious,",48.92012072865889
130,5,so,41.348472735700675
130,6,she,57.40308346269042
130,7,dug,68.54721664915989
130,8,some,89.9310964301329
130,9,squirrel,111.30892310972614
130,10,food,144.53054898740436
130,11,up,285.49644796690546
130,12,to,275.3211123148031
130,13,see,288.0144050263169
130,14,what,195.45013244775762
130,15,it,171.79845142434178
130,16,"was,",196.86566558066522
130,17,but,76.37932072577415
130,18,then,112.01717655906452
130,19,she,69.65132743524802
130,20,forgot,62.18127106675591
130,21,to,146.18795843449408
130,22,put,32.911825114965296
130,23,it,9.680228134242862
130,24,back.,2.9922848238660413
131,1,The,0.0
131,2,squirrel,27.435866713162824
131,3,came,25.714407057282145
131,4,back,61.61625872114862
131,5,and,61.18827232723988
131,6,looked,76.80525049739929
131,7,in,129.82013883715445
131,8,its,150.11441152669647
131,9,hiding,83.94813937839844
131,10,"place,",121.70818275299166
131,11,but,112.05056208922399
131,12,the,51.80879529210733
131,13,food,138.3814873938396
131,14,was,79.9600899258676
131,15,nowhere,49.54446848617289
131,16,to,35.1092844266838
131,17,be,16.82304114234117
131,18,found.,6.217723817436426
132,1,Then,0.0
132,2,the,30.440277044505056
132,3,match,68.11374538454984
132,4,went,37.46277101861155
132,5,"out,",38.36291376668482
132,6,and,72.02794737860935
132,7,it,99.85989013670923
132,8,wasn't,139.72401776106557
132,9,the,53.64357487558513
132,10,forest,74.43479887304488
132,11,that,59.94186504138162
132,12,remained,42.03034920587624
132,13,before,20.425828582545066
132,14,her,20.86491996071351
132,15,eyes.,13.370624206588081
133,1,It,0.0
133,2,was,26.63793050277491
133,3,only,44.05809586036621
133,4,the,65.73523908172926
133,5,"thick,",75.06606957719106
133,6,"damp,",42.77483770142275
133,7,cold,11.448749502612628
133,8,wall.,4.041707555898828
134,1,The,0.0
134,2,girl,14.369530217280767
134,3,looked,28.18301851054276
134,4,despondently,31.27680478588538
134,5,into,76.09404101025788
134,6,the,72.8242972210257
134,7,sky,55.643908011475524
134,8,that,93.9989002572616
134,9,was,104.4514657511794
134,10,now,124.34901505308652
134,11,fully,122.2678382044877
134,12,darkened,156.82339832654515
134,13,and,229.08821569036135
134,14,suddenly,232.6185991869761
134,15,she,281.5523051691919
134,16,saw,247.77415512814193
134,17,a,213.75963694726028
134,18,star,205.25178032645564
134,19,"fall,",341.40508474527047
134,20,leaving,279.13848928030535
134,21,behind,221.13859024672965
134,22,it,305.41723728442366
134,23,a,146.16298225402252
134,24,bright,140.20727288661655
134,25,streak,11.977603127374811
134,26,of,18.559491355945273
134,27,fire.,2.5812469214822427
135,1,'Someone,0.0
135,2,is,46.82072197423585
135,3,"dying,'",79.14909610469557
135,4,thought,36.828138870558604
135,5,the,11.730203840272512
135,6,little,17.506497504266594
135,7,girl.,1.9355182304274363
136,1,It,0.0
136,2,was,13.263710665318252
136,3,her,15.76148624858158
136,4,old,25.97242368527377
136,5,"grandmother,",28.96556192971315
136,6,the,39.14506231368883
136,7,one,60.32229358879521
136,8,who,99.17283458098558
136,9,had,110.74534353008535
136,10,loved,104.6255988731086
136,11,her,118.52659813050502
136,12,the,124.77845022884614
136,13,"most,",167.02083925272825
136,14,and,122.04099205610376
136,15,the,175.383952436853
136,16,one,160.3398863129008
136,17,who,124.15417246827103
136,18,the,188.4436036231307
136,19,girl,317.3026456210931
136,20,used,184.3604469047595
136,21,to,160.839629028229
136,22,visit,265.2942231438276
136,23,every,167.4543149888872
136,24,"Sunday,",357.3666439150456
136,25,who,182.51100713316117
136,26,had,172.92534349456656
136,27,told,191.67622530113945
136,28,her,187.56295304474094
136,29,that,178.46580053648597
136,30,when,125.36623335689947
136,31,a,49.15778271547078
136,32,star,262.0247109937283
136,33,"falls,",231.81355166595765
136,34,a,220.471412789758
136,35,soul,105.37193859259622
136,36,leaves,14.20384635307617
136,37,this,25.95994819746982
136,38,earth.,5.833902324571186
137,1,It,0.0
137,2,was,25.35121134346765
137,3,her,39.8524747678645
137,4,last,48.44534576665232
137,5,match,60.09547908521902
137,6,that,115.5221320767839
137,7,the,148.66014411719627
137,8,little,272.75237806565497
137,9,girl,390.2779209078664
137,10,now,308.6407916931136
137,11,rubbed,407.311434869788
137,12,on,269.8584246237253
137,13,the,147.23195099739334
137,14,wall,183.4044060115375
137,15,and,116.63378106668874
137,16,the,165.92746161365974
137,17,light,283.40949086740244
137,18,again,122.62829965750191
137,19,shone,47.827883764522234
137,20,round,14.084715572411938
137,21,her.,4.599095866254095
138,1,Her,0.0
138,2,old,28.975425134740135
138,3,grandmother,37.426118763990274
138,4,in,36.798879290184665
138,5,the,57.14698684901302
138,6,brightness,79.74924676314643
138,7,"stood,",116.71285361606726
138,8,loving,21.600464971454187
138,9,in,26.695525407259222
138,10,her,13.9721403431292
138,11,appearance.,9.330326973255726
139,1,The,0.0
139,2,girl,30.31662839784073
139,3,understood,29.291757639986322
139,4,her,26.39044987594044
139,5,grandmother,54.15573284649649
139,6,would,80.09510937747638
139,7,soon,122.51536045112368
139,8,"disappear,",131.09470914200477
139,9,but,57.32374876875632
139,10,she,161.69552579971483
139,11,tried,78.62382015708965
139,12,to,53.60813448058978
139,13,play,24.60610818461419
139,14,for,13.365617636098092
139,15,time.,16.51777868737873
140,1,"'Grandmother,'",0.0
140,2,cried,43.99402613154438
140,3,the,52.57264183236748
140,4,little,82.47255764302884
140,5,"one,",67.68279125801782
140,6,'O,80.55419986568955
140,7,take,33.50392540257795
140,8,me,17.035597510238905
140,9,with,14.896666350736252
140,10,you!,14.826157569968291
141,1,I,0.0
141,2,know,39.75482164284339
141,3,you,43.297025851017246
141,4,will,84.5984324386216
141,5,go,70.88987832788764
141,6,away,99.30171201618408
141,7,when,47.62592797726706
141,8,the,64.50311770674756
141,9,match,28.903833121245714
141,10,burns,13.228468195481758
141,11,out!',17.76261996371174
142,1,The,0.0
142,2,girl,27.97254889413927
142,3,decided,32.744130494100304
142,4,to,63.59472099531144
142,5,light,70.11447046890154
142,6,the,85.54265296424981
142,7,whole,148.44750476766947
142,8,bundle,165.13667850568652
142,9,of,136.47611439263179
142,10,"matches,",149.6445807219369
142,11,in,138.93616760222451
142,12,order,173.5983212384212
142,13,to,50.52791451384024
142,14,keep,16.877221127063205
142,15,her,20.248418618737173
142,16,grandmother,13.451914429589717
142,17,there.,5.237010227956347
143,1,The,0.0
143,2,girl,12.175518647138572
143,3,saw,30.305317442858787
143,4,the,35.39419344703229
143,5,matches,41.94247329455668
143,6,glowed,55.48041958373883
143,7,with,43.99092769210644
143,8,a,53.71530006814481
143,9,light,53.21399678224266
143,10,that,46.67304219176646
143,11,was,67.49791919540344
143,12,brighter,56.08301583548495
143,13,than,68.31155638991923
143,14,the,65.05250682588301
143,15,"day,",66.75769313937376
143,16,and,73.5254147662145
143,17,her,64.92734524783904
143,18,grandmother,64.1067125730081
143,19,had,84.4227029737271
143,20,never,185.39802270896374
143,21,appeared,169.1091731593427
143,22,so,314.487647694348
143,23,large,232.5323191886652
143,24,or,523.1777007912954
143,25,so,267.0259885590916
143,26,beautiful,240.2999828171048
143,27,as,246.81380744537702
143,28,she,173.7295412493071
143,29,did,263.0182117935979
143,30,in,155.2784195277606
143,31,the,239.91623900312618
143,32,light,417.4786332487561
143,33,of,119.49362662982752
143,34,the,36.06505580965575
143,35,little,28.484692998949406
143,36,matches.,13.106784554061855
144,1,The,0.0
144,2,grandmother,11.382272059674385
144,3,then,34.04777549797488
144,4,took,71.11957010121277
144,5,the,51.80634630215471
144,6,little,62.03637243723146
144,7,girl,66.9157107989865
144,8,in,78.38162249332439
144,9,her,83.4864153198526
144,10,"arms,",93.69706743732701
144,11,and,75.89967705315972
144,12,they,83.46879088175747
144,13,both,92.71813341750071
144,14,flew,149.3281464029614
144,15,upwards,80.88291546576316
144,16,in,69.23576742205015
144,17,brightness,114.67418159169858
144,18,and,348.09872209352966
144,19,joy,333.8677720566611
144,20,far,341.06623730326925
144,21,above,487.85355364218503
144,22,the,1542.7539527889041
144,23,"earth,",940.1176817118181
144,24,where,228.78513866193907
144,25,there,150.61179472604618
144,26,was,237.05909457800402
144,27,neither,555.8177749023176
144,28,cold,629.9900019718845
144,29,nor,529.4832486249583
144,30,"hunger,",451.36448166349015
144,31,and,416.24902221853773
144,32,the,90.84287305211294
144,33,little,35.84597815523248
144,34,girl,31.517644345652442
144,35,felt,39.8871458253435
144,36,safe,17.49540516073173
144,37,and,14.076153815192226
144,38,peaceful.,8.353689084059889
145,1,In,0.0
145,2,the,20.915156888450298
145,3,dawn,20.906978081505866
145,4,of,51.82098684125736
145,5,the,47.28752863606264
145,6,morning,73.39223965655358
145,7,there,53.01702247246972
145,8,lay,45.64111292195535
145,9,the,38.71331397127512
145,10,poor,41.107019584831
145,11,little,37.81682086703581
145,12,"one,",45.55189176234074
145,13,not,45.60854998481496
145,14,"frowning,",41.786634225173735
145,15,but,44.92698149257143
145,16,smiling,35.16980235098941
145,17,and,48.01812005200835
145,18,with,41.347671812495605
145,19,a,75.69032712980469
145,20,pale,53.86340052017821
145,21,face,67.29909843689518
145,22,leaning,56.56556424132787
145,23,against,51.12459611024054
145,24,the,42.95686188182365
145,25,"wall,",28.852996554498862
145,26,frozen,20.0278710957777
145,27,and,14.577290253737987
145,28,stone,16.508450864343885
145,29,dead.,9.736491894689014
146,1,'She,0.0
146,2,tried,26.311763341621784
146,3,to,40.48945138341401
146,4,warm,78.08712593732764
146,5,"herself,'",59.91259892566694
146,6,said,33.35566453372696
146,7,some.,16.1754991065241
147,1,Children,0.0
147,2,who,16.79672412063
147,3,saw,36.225565664487696
147,4,her,32.01162886685147
147,5,were,79.46983136580386
147,6,asking,97.96962262970067
147,7,their,149.38141046182955
147,8,parents,183.24105069837256
147,9,why,184.62004886882676
147,10,no,336.3204087294137
147,11,one,221.3787043406797
147,12,helped,193.97663909771745
147,13,the,159.8373612622469
147,14,girl,116.54300011042213
147,15,who,34.11205446518932
147,16,they,72.94576168802408
147,17,knew,63.870340671055985
147,18,looked,43.560083704338915
147,19,dirt,47.384041602099856
147,20,poor,47.86697056255347
147,21,and,17.9066101405659
147,22,helpless.,11.483402552970638
148,1,Passersby,0.0
148,2,who,13.613959525175792
148,3,saw,26.139914149296043
148,4,her,49.33762753171995
148,5,sitting,54.02700280042977
148,6,motionless,46.84313131364327
148,7,wished,51.80678210619199
148,8,they,80.82889296340474
148,9,could,105.83977987786554
148,10,have,97.06968110132891
148,11,helped,108.99448653572739
148,12,the,127.21225720908635
148,13,"girl,",144.36484507915924
148,14,but,107.02382986615662
148,15,their,206.1728434741365
148,16,good,408.2039959346806
148,17,intentions,222.1594692872575
148,18,were,263.0386605307855
148,19,a,121.55738630092334
148,20,day,116.92369458600963
148,21,late,26.94755956499601
148,22,and,29.197461691552466
148,23,a,57.93424658872646
148,24,dollar,24.31486646746575
148,25,short.,13.183049950212027
149,1,Other,0.0
149,2,people,8.787692945685208
149,3,suspected,20.24120090727757
149,4,the,27.420631114088188
149,5,girl,55.09563557569213
149,6,had,63.82259388012104
149,7,fallen,92.04359579100276
149,8,asleep,116.57527540657895
149,9,and,95.60263090932065
149,10,"frozen,",104.80611805482962
149,11,but,100.99307144049341
149,12,no,113.33569668637753
149,13,one,104.59217920439293
149,14,imagined,93.63959823066264
149,15,what,106.64454448742332
149,16,beautiful,117.6633817773985
149,17,things,125.00354593780959
149,18,she,184.15393151346464
149,19,had,217.13125569162693
149,20,"seen,",340.0362466218986
149,21,nor,286.0083207905817
149,22,into,368.3335904276198
149,23,what,391.6012183692551
149,24,glory,549.6306667047897
149,25,she,459.5293256804636
149,26,had,381.45981798985565
149,27,entered,456.8627623680426
149,28,with,276.57356221109944
149,29,her,299.50529195522176
149,30,"grandmother,",178.07782958242964
149,31,on,95.2556401855413
149,32,New,97.28929086469948
149,33,Year's,81.02343747003954
149,34,day.,8.271344642594368
150,1,Once,0.0
150,2,upon,35.283126879122435
150,3,a,27.765029124163377
150,4,time,58.29982370599902
150,5,the,73.22873093486407
150,6,birds,82.26005725548396
150,7,took,63.314636241491705
150,8,it,45.452179317058196
150,9,into,38.494887405546805
150,10,their,80.63000362681444
150,11,heads,136.27741664471455
150,12,that,178.3754757642008
150,13,they,135.08044388003765
150,14,would,151.88434552461874
150,15,like,174.92708757612462
150,16,a,202.7446584320225
150,17,"master,",270.8132915633725
150,18,and,313.4109375819053
150,19,that,476.2688724489878
150,20,one,252.19020705495936
150,21,of,207.36952786690358
150,22,their,99.81856822527509
150,23,number,34.982671672468
150,24,must,109.98766210565525
150,25,be,18.395074714664517
150,26,chosen,16.09473664957194
150,27,king.,4.553474915245261
151,1,A,0.0
151,2,meeting,11.560786611616962
151,3,of,47.23471998725401
151,4,all,44.49913367368362
151,5,the,49.33053187151065
151,6,birds,54.26543748379416
151,7,was,69.82632660806237
151,8,called,80.63034312056725
151,9,and,114.04615426536938
151,10,though,91.19851707222153
151,11,they,80.51961690632345
151,12,understood,93.35712016627349
151,13,the,113.71812350021149
151,14,birds,116.86180039472555
151,15,who,95.55734959717499
151,16,were,93.4136708135996
151,17,from,127.63022389375581
151,18,the,167.08037861456103
151,19,most,84.58447209090312
151,20,distant,133.2279966478237
151,21,lands,427.74180155854134
151,22,would,384.4511342500918
151,23,be,443.75606034012446
151,24,unable,482.29221291895396
151,25,to,272.79557370119795
151,26,"come,",274.0063715062428
151,27,many,112.19009956806659
151,28,birds,260.4388775657465
151,29,came,141.25777065028905
151,30,from,231.47877823498138
151,31,faraway,130.285834706035
151,32,meadows,28.97622763803581
151,33,and,28.78041535725933
151,34,woods.,12.286028063646858
152,1,The,0.0
152,2,"eagle,",30.31662839784073
152,3,who,34.96709431161935
152,4,already,78.61299728887086
152,5,thought,76.77010687459138
152,6,himself,141.7238485356328
152,7,the,162.9841415836958
152,8,de,107.11611610057491
152,9,facto,81.98690787404291
152,10,"king,",96.96885257463359
152,11,arrived,33.65599454776048
152,12,fashionably,17.72500296166153
152,13,late.,14.590736505676418
153,1,It,0.0
153,2,was,25.759222984374578
153,3,a,40.74539768425455
153,4,hawk,69.7245720407835
153,5,who,101.82722650922243
153,6,was,126.52166775385277
153,7,most,96.27421215405026
153,8,excited,159.86913815268153
153,9,about,215.93286682180283
153,10,the,157.31690185526537
153,11,"meeting,",210.4451405205512
153,12,because,155.90027431075902
153,13,he,97.76635040124445
153,14,was,140.64865721272872
153,15,the,201.28111651410921
153,16,dark,69.15061851063832
153,17,horse,50.863549857369144
153,18,for,18.675910882183707
153,19,king.,9.215717525116895
154,1,The,0.0
154,2,small,11.413094790362017
154,3,fry,13.231174299497422
154,4,came,29.24892914440726
154,5,"too,",40.68791351509956
154,6,and,37.73092877559395
154,7,the,41.997064715524154
154,8,"robin,",63.306342206171195
154,9,the,52.978430081564056
154,10,"bluebird,",58.61565195811287
154,11,the,78.73863629075362
154,12,"owl,",73.3912767256914
154,13,the,65.1324472857091
154,14,"lark,",52.141228082201025
154,15,and,51.11370827557538
154,16,the,38.68418823639921
154,17,"sparrow,",40.32978974164166
154,18,who,70.92091698279343
154,19,had,55.05228803647276
154,20,only,51.72555865579046
154,21,a,51.35448966221079
154,22,chance,51.80530103459842
154,23,in,72.35903487741234
154,24,a,63.52232545737436
154,25,million,58.606680569121934
154,26,to,62.20564554442559
154,27,be,96.5861690766932
154,28,"king,",61.6862779533009
154,29,were,67.56340236364139
154,30,all,55.89261534756293
154,31,present,97.19494116093831
154,32,at,24.814904114229602
154,33,the,16.116988839832135
154,34,meeting.,5.595759475443144
155,1,The,0.0
155,2,"cuckoo,",27.435866713162824
155,3,who,33.42714445752868
155,4,was,44.94767680988469
155,5,almost,48.288276075411126
155,6,not,80.42663758182219
155,7,invited,53.577103753009304
155,8,because,117.83370135602746
155,9,his,206.60603991047046
155,10,call,216.64816055293693
155,11,so,124.16808896041356
155,12,annoyed,79.3686202637017
155,13,the,92.93452818019172
155,14,other,99.8133514594031
155,15,"birds,",54.75748384650929
155,16,came,13.981267451661573
155,17,too.,8.991210647128776
156,1,It,0.0
156,2,was,22.43637095255598
156,3,the,24.832281211713266
156,4,very,48.041190664708346
156,5,little,62.478043834634654
156,6,bird,54.99128716607293
156,7,who,81.11454032408399
156,8,had,92.7924247631939
156,9,no,106.9236812728715
156,10,name,129.96943766429905
156,11,at,110.15020926159485
156,12,"all,",156.80454765214938
156,13,"however,",119.83027340332615
156,14,that,136.5314900544872
156,15,would,203.20574753062135
156,16,end,141.44276525054215
156,17,up,116.72666072724383
156,18,overturning,114.82782160491627
156,19,the,147.3598513991523
156,20,balance,139.77055569669653
156,21,of,50.10377313605684
156,22,power,48.508155873041396
156,23,among,38.34062931355421
156,24,the,11.916467022851402
156,25,birds.,8.723582828484524
157,1,That,0.0
157,2,there,25.94867907256505
157,3,would,64.84864237516855
157,4,be,62.51828708700595
157,5,great,47.501381151208605
157,6,confusion,38.02556429357259
157,7,and,41.84130536009989
157,8,noise,44.89338068312875
157,9,among,53.242198153365834
157,10,the,140.40663616439696
157,11,birds,143.96877522559762
157,12,at,116.02327989036968
157,13,the,287.5427140572056
157,14,meeting,168.3492002273236
157,15,was,260.10733852649366
157,16,to,336.1913942240424
157,17,be,201.33067813046955
157,18,"expected,",448.02770901194543
157,19,given,226.4251895451206
157,20,the,122.32393326977167
157,21,sheer,50.34303681879405
157,22,numbers,45.35110588706805
157,23,of,66.36483789953073
157,24,birds,48.434544826221504
157,25,that,30.82049130153568
157,26,have,11.990578885166023
157,27,gathered.,7.052691258981133
158,1,There,0.0
158,2,was,18.99686652831015
158,3,"piping,",28.75447283180125
158,4,"hissing,",57.507721835058966
158,5,and,65.0038078744994
158,6,"clacking,",82.4562853325348
158,7,but,95.26211454767544
158,8,finally,141.32613452792893
158,9,it,108.43450208142023
158,10,was,132.28774797552583
158,11,decided,106.56034178156088
158,12,that,201.0213224454209
158,13,the,206.43908500042298
158,14,bird,294.1045077854869
158,15,that,449.2803501529495
158,16,could,191.96007776488298
158,17,fly,269.1517138157695
158,18,the,123.57807306759538
158,19,highest,118.52113840689194
158,20,should,18.241492831582825
158,21,be,9.240156211434378
158,22,king.,13.48260260266365
159,1,The,0.0
159,2,little,14.369530217280767
159,3,bird,24.22525675067272
159,4,lay,37.407072029372515
159,5,low,65.32154100645421
159,6,near,69.39826660557907
159,7,the,66.86965797266906
159,8,eagle,68.79351437932173
159,9,at,60.9505558434255
159,10,"first,",49.6393709206761
159,11,but,63.61949200048051
159,12,the,56.313366474345536
159,13,eagle,64.78608695358757
159,14,did,110.70910197003433
159,15,not,101.29745149546993
159,16,notice,69.39718861832347
159,17,the,238.45451949937274
159,18,bird,93.64272650909051
159,19,hopping,215.02838185576059
159,20,onto,302.15466276397535
159,21,his,122.78626072944807
159,22,back,119.82798504516943
159,23,right,137.59101830468902
159,24,as,134.24793960828075
159,25,the,235.71199992021113
159,26,competition,136.59975482712454
159,27,was,74.15367764965634
159,28,about,51.0555764439423
159,29,to,26.075423996791653
159,30,commence.,15.016430301653008
160,1,Into,0.0
160,2,the,18.05256207514833
160,3,air,23.540671553746073
160,4,in,79.90292770823503
160,5,a,74.40208050658379
160,6,great,102.13792348696514
160,7,flock,95.3278239590906
160,8,all,100.91898750587714
160,9,the,136.19533001338834
160,10,birds,41.140652469038066
160,11,flew,106.09553252624121
160,12,when,97.46503395921907
160,13,the,131.81002007140395
160,14,signal,31.289913018687876
160,15,was,8.83664166827884
160,16,given.,11.136468878389442
161,1,The,0.0
161,2,air,30.46223578936722
161,3,was,28.81257407470754
161,4,full,66.39806125005045
161,5,of,64.57558620832428
161,6,"dust,",60.499404762306746
161,7,and,95.28626331961368
161,8,it,266.17757350587067
161,9,seemed,155.51186035089188
161,10,as,231.03660671202948
161,11,if,280.5263474809841
161,12,a,142.96060243529814
161,13,black,89.67407953729074
161,14,cloud,28.254407563011334
161,15,were,41.465596317595605
161,16,floating,64.35198139546331
161,17,over,9.438631357369589
161,18,the,4.615983345254122
161,19,field.,3.68400647951916
162,1,You,0.0
162,2,could,22.22094273236281
162,3,hear,24.399484119094595
162,4,the,40.51496157001649
162,5,birds,87.9145482539712
162,6,chirping,95.80365248681635
162,7,and,158.67835366774796
162,8,flapping,151.18733354927136
162,9,from,90.0791776201094
162,10,fields,60.62964902962299
162,11,that,23.99304295926185
162,12,were,34.55430305786663
162,13,miles,7.920206284855602
162,14,away.,11.002748223594626
163,1,The,0.0
163,2,little,34.71068331365618
163,3,birds,83.42914440918467
163,4,that,70.76013048849312
163,5,soon,94.27964129687703
163,6,grew,64.4575368008241
163,7,tired,74.2182633855498
163,8,fell,73.00085125673976
163,9,back,51.91419404277101
163,10,quickly,18.01271070674486
163,11,to,21.160832869082515
163,12,earth.,4.643798554863467
164,1,The,0.0
164,2,fact,17.11289565011498
164,3,that,82.31878864282301
164,4,the,86.48696429671764
164,5,larger,80.33226726164075
164,6,ones,97.43868191754062
164,7,held,106.09136848229852
164,8,out,128.98561228589958
164,9,"longer,",197.79001385495152
164,10,and,145.88876408639769
164,11,flew,233.10358785465212
164,12,higher,217.84793973051063
164,13,and,362.99504583332754
164,14,"higher,",388.40985773694547
164,15,but,362.7435851839868
164,16,the,308.6753688050696
164,17,eagle,214.61911783719006
164,18,flew,230.07008940963885
164,19,highest,304.300276352373
164,20,of,73.0235391435481
164,21,"any,",152.05450627726964
164,22,surprised,57.86267713989327
164,23,no,17.513977267572375
164,24,one.,23.27078924215973
165,1,Could,0.0
165,2,anyone,26.05012131934997
165,3,stop,58.89394809236363
165,4,the,31.730689703222243
165,5,eagle,109.43874936771377
165,6,that,98.62310166853106
165,7,seemed,112.11133086903648
165,8,to,143.66797206579375
165,9,be,58.56700649333368
165,10,flying,54.24851645474107
165,11,straight,64.97922452390024
165,12,into,30.07537669239979
165,13,the,9.780194026528678
165,14,sun?,3.4430992862310292
166,1,The,0.0
166,2,other,19.290273058265722
166,3,birds,23.548079190484035
166,4,gave,39.96437631154429
166,5,out,35.016407241066545
166,6,one,35.32373335885235
166,7,by,47.607177998713375
166,8,one,81.08214670386337
166,9,and,70.26727636626255
166,10,when,73.75998224769158
166,11,the,247.24875019354786
166,12,eagle,222.19205913968275
166,13,saw,157.8723065835627
166,14,this,281.663104648045
166,15,he,200.17427951278418
166,16,"thought,",130.1923573627725
166,17,'What,104.72781624570095
166,18,is,122.72931443603365
166,19,the,191.29211236939642
166,20,use,94.54185492498682
166,21,of,46.91197091410606
166,22,flying,55.33270620553348
166,23,any,13.680817272812444
166,24,higher?,15.689579733235117
167,1,This,0.0
167,2,victory,44.128464281793235
167,3,is,38.42467067281785
167,4,in,90.23500422075016
167,5,the,63.335470219817225
167,6,bag,55.42035533085559
167,7,and,66.58951887233165
167,8,I,96.06418315719829
167,9,am,25.93369893222044
167,10,king!',10.555460284674075
168,1,Then,0.0
168,2,the,29.41917614635756
168,3,birds,69.38061361836391
168,4,below,66.30484424552569
168,5,called,179.18075769757235
168,6,with,168.6756611348444
168,7,one,109.74580375291121
168,8,"accord,",147.84526692776777
168,9,'Come,126.81582791178442
168,10,"back,",36.81402032029916
168,11,come,24.850605468712576
168,12,back!,20.26005114323515
169,1,It,0.0
169,2,is,23.0607133786078
169,3,you,13.388962534253919
169,4,who,68.92380705975418
169,5,must,82.38458782918191
169,6,be,93.04413031582948
169,7,our,129.96976167961327
169,8,king,206.0278328624085
169,9,because,282.6706381788312
169,10,no,75.91044789662664
169,11,one,68.13668438752626
169,12,can,39.82171614370998
169,13,fly,39.02613052770056
169,14,as,51.13361601983684
169,15,high,55.2275582646938
169,16,as,23.96406257189556
169,17,you.',34.087738171400204
170,1,'Except,0.0
170,2,me!',9.111715139216773
171,1,cried,0.0
171,2,a,33.9579606542495
171,3,"shrill,",40.399541261300044
171,4,shrill,56.30598343112664
171,5,"voice,",49.5621010074526
171,6,and,71.24933101128876
171,7,out,83.71935137390359
171,8,of,87.3155828999501
171,9,the,98.70321875453959
171,10,blue,98.5072505432742
171,11,the,94.35005512172388
171,12,little,94.65981960953363
171,13,bird,62.72330485337709
171,14,without,62.54103402835702
171,15,a,70.93090048968469
171,16,name,60.49648406693847
171,17,rose,63.684773605051646
171,18,from,98.81526923519503
171,19,the,95.47451312149101
171,20,eagle's,78.96923965811965
171,21,"back,",52.29552640201056
171,22,where,363.0341519364114
171,23,he,179.4631116764789
171,24,had,190.7871366089634
171,25,lain,184.1046450048522
171,26,hidden,34.92152074183083
171,27,in,10.52171942760901
171,28,the,7.983506324134095
171,29,feathers.,5.132344537218596
172,1,His,0.0
172,2,guile,14.859927051395806
172,3,was,48.03252549082727
172,4,the,73.55304481097151
172,5,ace,64.59146089492953
172,6,up,52.36742181439893
172,7,his,56.347775215286305
172,8,"sleeve,",86.05535319645934
172,9,and,91.03570230052827
172,10,he,92.9114628989539
172,11,laughed,83.56061551474085
172,12,to,78.89325058568843
172,13,himself,141.01907248950354
172,14,at,101.29130380363219
172,15,how,169.36341184444285
172,16,easy,190.79880791059458
172,17,it,128.78311268950236
172,18,had,280.3220561693302
172,19,been,285.1834964685926
172,20,to,286.81137223795855
172,21,outwit,127.2716880928621
172,22,the,41.98322233178079
172,23,other,7.708248655746242
172,24,birds.,5.976442729162669
173,1,Higher,0.0
173,2,and,10.25238387968892
173,3,higher,25.770298667090145
173,4,he,16.55680625888457
173,5,"mounted,",58.177072120841586
173,6,until,50.84166878417168
173,7,he,109.67317754324367
173,8,was,153.92880510915427
173,9,lost,144.5892390989072
173,10,to,96.78621172894017
173,11,"sight,",86.96728466731864
173,12,and,149.85405662258373
173,13,then,148.92596394202283
173,14,folding,122.87526407303537
173,15,his,112.56989440240741
173,16,wings,106.98452839078146
173,17,"together,",85.26601801042372
173,18,he,94.63263671966885
173,19,sank,165.24390882858623
173,20,to,261.8900580586464
173,21,earth,236.90647304604477
173,22,crying,635.1341798573561
173,23,"shrilly,",421.3161637432258
173,24,'I,332.0729872536198
173,25,am,210.61828236672758
173,26,"king,",424.15203262456635
173,27,I,44.54164320593883
173,28,am,51.54719905618546
173,29,king!',19.481952146838836
174,1,The,0.0
174,2,eagle,14.807175156861959
174,3,tricked,30.36219829687455
174,4,by,41.727541072328606
174,5,the,39.95303233589338
174,6,little,48.237639567482894
174,7,bird,48.49936930090665
174,8,had,47.511142886471575
174,9,not,54.16826780200463
174,10,sensed,55.30634966543382
174,11,the,51.98485552263511
174,12,bird,47.692426015127744
174,13,in,46.59293508075168
174,14,his,127.58486312562545
174,15,feathers,124.80080453380528
174,16,and,100.6134094197547
174,17,so,163.64168078894775
174,18,had,136.16395590632203
174,19,not,77.57043072012122
174,20,at,333.9997202420908
174,21,all,187.01449331985077
174,22,expected,265.2883291263999
174,23,the,211.52893459838302
174,24,bird,302.85772763109867
174,25,to,170.27507366800342
174,26,come,75.31531339166
174,27,flying,54.85046527242357
174,28,out,11.769716816687039
174,29,like,14.64640404694721
174,30,that.,11.099961288049828
175,1,The,0.0
175,2,birds,34.97419650716938
175,3,back,30.30850118569156
175,4,on,55.90364721769819
175,5,earth,77.61068239964241
175,6,were,73.2316849088753
175,7,all,33.597742562060716
175,8,up,57.65392841414106
175,9,in,21.85472104292542
175,10,arms.,20.874285447948896
176,1,"'You,",0.0
176,2,and,31.166695989358182
176,3,not,34.405983714914356
176,4,the,66.11641179807314
176,5,"eagle,",79.04801433354686
176,6,our,45.62136286428689
176,7,king?',24.31554032236412
177,1,the,0.0
177,2,birds,25.982687609877264
177,3,"cried,",32.136475888627004
177,4,fuming,34.09211090554081
177,5,with,28.96922958872979
177,6,anger.,3.4699005842147415
178,1,'You,0.0
178,2,have,34.53943812440027
178,3,done,36.21315677226264
178,4,this,46.899072454454725
178,5,by,50.4444700364898
178,6,breaking,55.4676567512183
178,7,every,60.7487152845464
178,8,rule,69.6420100494103
178,9,in,73.55978687485063
178,10,the,78.18978169369706
178,11,"book,",95.83072943536818
178,12,so,100.1328157687215
178,13,we,165.81037892064006
178,14,will,200.73526146646634
178,15,not,181.14836752250042
178,16,have,313.1298732149062
178,17,"you,",259.96121553097987
178,18,who,224.99430248907456
178,19,are,408.7328535929734
178,20,simply,252.68944852685163
178,21,tricky,351.27162915938436
178,22,and,248.50637156515995
178,23,"cunning,",339.47223055028996
178,24,to,142.6307221042194
178,25,reign,104.18492510406739
178,26,over,34.13073428557037
178,27,us.',10.37648829784502
179,1,The,0.0
179,2,bird,15.599717991318816
179,3,without,19.08831864687175
179,4,a,23.745791133846524
179,5,name,38.63152177424718
179,6,then,41.49144397715474
179,7,decided,149.5314384954138
179,8,to,101.21782112036334
179,9,clear,95.50670380218361
179,10,the,86.13366996807864
179,11,air,90.08722468834327
179,12,and,168.30611513362945
179,13,"said,",189.206886705231
179,14,'Then,161.8210996201729
179,15,let,381.6366354169995
179,16,everyone,436.7201888675033
179,17,start,472.41890975864385
179,18,with,455.0234094649087
179,19,a,330.8878867093059
179,20,clean,140.07095638485063
179,21,slate,41.317555930503026
179,22,and,36.83558309660554
179,23,perform,92.98906224494513
179,24,a,40.60594267109304
179,25,new,49.628925108295945
179,26,challenging,11.659892468715453
179,27,task.,20.981905136882926
180,1,Then,0.0
180,2,we,36.37266311370126
180,3,can,39.060163078090405
180,4,decide,26.791669577999492
180,5,who,61.6716085856064
180,6,should,33.976185827744075
180,7,be,68.2784354550681
180,8,the,32.437297450574526
180,9,real,43.462144287323156
180,10,king.',12.911833839185476
181,1,Then,0.0
181,2,the,26.555315540745244
181,3,birds,47.54516243067345
181,4,gathered,49.00536530542024
181,5,together,48.811209275347
181,6,again,57.4153389463909
181,7,and,62.48865241247048
181,8,decided,60.237570119465964
181,9,the,58.056907670701094
181,10,case,63.63117426600567
181,11,would,60.071742211729585
181,12,be,73.97275625963398
181,13,resolved,67.1415508488629
181,14,by,69.94284932557085
181,15,making,89.87491485757555
181,16,a,151.49495926083495
181,17,new,158.18541355419197
181,18,"condition,",153.58484599880407
181,19,which,222.6918806230651
181,20,was,212.46246261864178
181,21,that,214.73634809132417
181,22,he,318.12518498158283
181,23,should,392.97587157001794
181,24,be,256.0076142034169
181,25,king,217.155715021237
181,26,who,143.51471596084846
181,27,could,296.319472087975
181,28,go,173.31543361884684
181,29,the,143.33466323907223
181,30,deepest,69.21305199651985
181,31,into,13.113171942688394
181,32,the,13.080985951210263
181,33,earth.,5.100535840742483
182,1,So,0.0
182,2,the,26.371792166078937
182,3,little,55.385513021651995
182,4,bird,98.13521853284104
182,5,who,114.76088045375563
182,6,the,104.49530481681494
182,7,other,133.4450825227972
182,8,birds,150.78504136340152
182,9,despised,128.9168068428036
182,10,was,109.7334416399672
182,11,now,66.39781204718933
182,12,back,19.210811355143964
182,13,to,41.009674201265774
182,14,square,21.33043989134221
182,15,one.,11.374696130522672
183,1,"Confident,",0.0
183,2,he,24.35750109022717
183,3,"remained,",41.880203880124085
183,4,"however,",45.54494366324588
183,5,that,102.62291662619006
183,6,if,120.12814529082873
183,7,he,95.30907991393836
183,8,played,203.39969993323598
183,9,his,187.62719853983197
183,10,cards,275.9583355534739
183,11,"right,",137.975710495498
183,12,he,122.23409228468336
183,13,could,14.30547998699198
183,14,be,8.929826395153425
183,15,king.,9.624447908394067
184,1,How,0.0
184,2,the,69.6422528889133
184,3,goose,116.29356782446567
184,4,wallowed,69.13815798062235
184,5,in,53.40224417636286
184,6,the,202.72727941317018
184,7,"sand,",156.37461028704928
184,8,and,205.0007717335127
184,9,the,380.501513460983
184,10,duck,179.0274083350346
184,11,strove,194.9498098069307
184,12,to,87.12146290024221
184,13,dig,120.46387743909223
184,14,a,185.59033783674215
184,15,hole,120.83320459238396
184,16,for,83.4028597417097
184,17,the,43.417252789979045
184,18,new,8.98439415775749
184,19,task!,5.872542741464149
185,1,All,0.0
185,2,the,9.744360887652254
185,3,other,35.82929699898168
185,4,birds,32.32423691581057
185,5,tried,36.69190487746944
185,6,to,93.55101134306442
185,7,hide,118.36216345422328
185,8,themselves,135.1895472659879
185,9,in,141.89129772381887
185,10,the,118.81809978061963
185,11,"ground,",132.3708197234762
185,12,"too,",194.38446706115326
185,13,until,126.00818379670325
185,14,they,136.0216622765124
185,15,were,139.13535416783114
185,16,practically,87.48503830875414
185,17,blue,143.15180816748932
185,18,in,12.02355874318608
185,19,the,22.808929401883443
185,20,face.,10.446019715987887
186,1,The,0.0
186,2,nameless,14.638729845162096
186,3,little,34.24060519784467
186,4,bird,58.14732875327077
186,5,that,81.27105932687712
186,6,was,71.51616209410241
186,7,as,65.8632939239087
186,8,bold,117.85151531900384
186,9,as,66.5099968462951
186,10,brass,76.3382044357225
186,11,found,87.83777038311183
186,12,a,172.241812895255
186,13,pitch,239.3088739304456
186,14,dark,144.67869449889227
186,15,mouse's,197.31794074039001
186,16,"hole,",84.8345364131015
186,17,and,203.34423759212456
186,18,creeping,213.35845852103745
186,19,in,159.08167843745358
186,20,"cried,",185.38872274711832
186,21,'I,218.906150701096
186,22,am,357.22219353680276
186,23,"king,",149.99475476934134
186,24,I,51.42674103569079
186,25,am,47.06036333893604
186,26,king!',18.528545080915762
187,1,but,0.0
187,2,it,31.18396579922722
187,3,was,40.66106427157746
187,4,of,32.17704522010433
187,5,no,10.120176000456457
187,6,avail.,6.345374896080787
188,1,"'You,",0.0
188,2,our,12.925360253178003
188,3,king?',24.82854643646713
189,1,all,0.0
189,2,the,10.012696474695648
189,3,remaining,34.55084676552791
189,4,birds,32.15199422717966
189,5,who,51.771260465517486
189,6,the,73.37422688163281
189,7,littlest,106.444117281969
189,8,bird,103.20939191217492
189,9,had,92.90156564136205
189,10,outwitted,168.6945159368238
189,11,cried,104.09043564290457
189,12,"again,",152.10787756732057
189,13,even,104.6529555084464
189,14,more,18.50871739995273
189,15,angrily,47.67835629181777
189,16,than,17.525933876328793
189,17,before.,5.09392982664489
190,1,'Do,0.0
190,2,you,57.26971091694631
190,3,think,92.28345793036931
190,4,we,62.50941828566626
190,5,would,75.40156387344842
190,6,reward,100.47944800541404
190,7,your,43.34158358915507
190,8,cunning,77.66269541371248
190,9,in,11.509417500591715
190,10,this,14.575106556429619
190,11,way?,8.023763090579626
191,1,"No,",0.0
191,2,no!,8.910710759986168
192,1,You,0.0
192,2,shall,43.9370819879131
192,3,stay,35.0879774772578
192,4,in,49.821567449190994
192,5,the,129.64266856386791
192,6,earth,51.99649479249755
192,7,till,61.825405532993
192,8,you,45.18087874911393
192,9,die,50.25140282857916
192,10,of,29.505860733854593
192,11,hunger!',17.502769903921674
193,1,So,0.0
193,2,they,17.693796634420064
193,3,shut,29.283414417627668
193,4,up,36.97039982366461
193,5,the,64.8874210232851
193,6,little,52.9911162098223
193,7,bird,90.32859236383547
193,8,in,75.61109033699458
193,9,the,86.89691658985691
193,10,mouse's,82.51027962973848
193,11,hole,67.80285913989985
193,12,that,80.19531713279339
193,13,the,105.05497660666282
193,14,mouse,161.32033532789856
193,15,gave,159.38381755848937
193,16,up,133.36291368376388
193,17,most,143.72400160568773
193,18,"unwillingly,",118.54572466507278
193,19,and,147.66849765576615
193,20,bade,163.50385612832076
193,21,the,217.3602099603495
193,22,owl,186.69358788190945
193,23,watch,221.5633431948195
193,24,him,162.52487744674983
193,25,carefully,129.87939881317092
193,26,night,23.50079394186497
193,27,and,16.948469173912287
193,28,day.,11.174240160844041
194,1,Then,0.0
194,2,all,18.928550891803823
194,3,the,46.44974714115753
194,4,birds,38.71151778446951
194,5,went,78.63142970145972
194,6,home,62.8008655892632
194,7,to,59.03475648000045
194,8,"bed,",57.98217209382071
194,9,for,84.3267060416338
194,10,they,92.36768333794166
194,11,were,107.19074006071489
194,12,very,86.21951098067319
194,13,"tired,",85.17463846854078
194,14,but,67.23669061942431
194,15,the,84.82716661254672
194,16,owl,59.95437738117116
194,17,assigned,89.1556435976836
194,18,by,105.04939508171171
194,19,the,97.49505765851079
194,20,birds,116.09972368492977
194,21,to,97.3373394206932
194,22,stand,107.04546528363517
194,23,guard,105.93113689002122
194,24,found,99.59604329685334
194,25,his,80.0443388950631
194,26,job,100.10557887630435
194,27,was,191.71844669796099
194,28,lonely,192.4284230694957
194,29,and,506.31281100303056
194,30,wearisome,365.15658673502156
194,31,because,96.82110010799637
194,32,he,490.54123315646166
194,33,was,562.6311237844062
194,34,just,387.7125463827986
194,35,sitting,538.5680322484524
194,36,alone,398.36549303381594
194,37,staring,259.23315142158646
194,38,at,266.2672496187158
194,39,the,398.30336455916574
194,40,mouse's,91.84302889264029
194,41,hole.,7.211512300277508
195,1,'I,0.0
195,2,can,29.38556110535052
195,3,close,71.24774808297022
195,4,one,131.91508771246907
195,5,eye,136.2210352283169
195,6,and,142.35070190838724
195,7,watch,58.933842735901635
195,8,with,29.698295690544995
195,9,the,112.44300861229722
195,10,"other,'",93.59116602437051
195,11,he,31.071330155663908
195,12,thought.,0.7384518138072468
196,1,So,0.0
196,2,he,17.580405033053196
196,3,closed,46.42698626921174
196,4,one,67.27875035255401
196,5,eye,64.1802820215243
196,6,and,53.886145569720114
196,7,stared,56.58981534294338
196,8,steadfastly,52.73260289593498
196,9,with,116.44768818522722
196,10,the,158.05304917074722
196,11,"other,",168.04689290725528
196,12,but,293.93808842941417
196,13,before,302.5128565343722
196,14,he,259.0877603627369
196,15,knew,286.8193667224969
196,16,it,295.567873679157
196,17,he,455.10823749968966
196,18,forgot,410.6724440044229
196,19,to,937.0707686200375
196,20,keep,339.01590244741493
196,21,that,328.51967313818284
196,22,one,156.99128579101912
196,23,"open,",111.1360503734027
196,24,and,191.99225234369987
196,25,both,84.15111315783636
196,26,eyes,64.2874388621492
196,27,were,47.48103143840671
196,28,fast,7.4067496514497435
196,29,asleep.,18.10034190253971
197,1,Then,0.0
197,2,the,25.40605867461961
197,3,little,47.8747224655628
197,4,bird,34.87681649059785
197,5,guarded,60.50452090220462
197,6,by,59.00076789267573
197,7,the,54.357412429614385
197,8,owl,66.2779193296372
197,9,peeped,40.84938665013345
197,10,"out,",40.306503290714836
197,11,and,38.41246042055454
197,12,when,50.42145205048097
197,13,he,38.65988549699278
197,14,saw,62.02203768328205
197,15,the,73.67310366376438
197,16,owl's,84.30451443226237
197,17,two,32.62895609907677
197,18,eyes,54.75194667158428
197,19,tight,165.08821370868205
197,20,"shut,",144.13596254869992
197,21,he,217.91464113785597
197,22,slipped,97.9942966044079
197,23,from,160.9926623833947
197,24,the,85.81930141333952
197,25,hole,37.409479356527974
197,26,and,11.119710317181418
197,27,flew,18.44845263948365
197,28,away.,1.6852074666636214
198,1,He,0.0
198,2,wanted,17.631702642291348
198,3,to,51.72667602707311
198,4,"shout,",63.24268351588493
198,5,'I,50.48116494280849
198,6,am,118.18094464707853
198,7,king',199.42053183677837
198,8,so,202.76364480072982
198,9,that,172.54091480267655
198,10,the,305.36480562158573
198,11,owl,331.57865304869586
198,12,could,214.12044777765527
198,13,hear,226.05256797816023
198,14,him,277.94917920263765
198,15,as,150.91704114362645
198,16,he,82.3319290632535
198,17,"flew,",126.68170552168255
198,18,but,119.19699089987476
198,19,thought,89.69414696744353
198,20,better,39.5976118556097
198,21,of,21.844555329652923
198,22,it.,0.29750337879439576
199,1,From,0.0
199,2,this,15.923143061086586
199,3,time,24.869659233121183
199,4,"on,",30.962165277854282
199,5,the,48.05373851891529
199,6,owl,68.81928769938003
199,7,fooled,59.20612171314666
199,8,by,51.54307887184959
199,9,the,51.53582859923716
199,10,little,49.91202911966628
199,11,bird,48.34956123313283
199,12,has,41.46878801462598
199,13,not,33.13715315905394
199,14,dared,32.24398525337774
199,15,to,26.398935069977384
199,16,show,36.38832716455486
199,17,himself,41.131713412785494
199,18,by,66.27944825540338
199,19,day,68.37798206607955
199,20,for,114.49418110965254
199,21,fear,166.82791427446986
199,22,the,198.07341030669627
199,23,birds,89.55902163901533
199,24,should,39.89825811886587
199,25,beat,49.18613997811806
199,26,the,48.09416768453217
199,27,living,102.40273162384801
199,28,daylights,94.43331897429526
199,29,out,34.52433227011234
199,30,of,15.946479762102523
199,31,him.,1.8285585134113922
200,1,He,0.0
200,2,flies,13.109213834533966
200,3,about,36.59006707058754
200,4,only,51.88614418836324
200,5,at,52.69999085774777
200,6,"nighttime,",56.08933963755718
200,7,hating,87.26932713410464
200,8,and,90.49177225469651
200,9,pursuing,95.91445402946121
200,10,not,95.27044779504034
200,11,the,196.4210993712827
200,12,"bird,",179.00436678740263
200,13,but,115.26789287573584
200,14,the,117.89289537669734
200,15,mouse,102.6529315543666
200,16,for,191.86220458806008
200,17,having,160.67061703369458
200,18,made,114.7087091726511
200,19,the,138.16268564795843
200,20,hole,120.01986991535105
200,21,into,35.231808459983526
200,22,which,222.45252574652727
200,23,the,116.30512987411788
200,24,little,32.35393066638662
200,25,bird,19.079225613745695
200,26,crept.,3.5979974412183315
201,1,And,0.0
201,2,the,19.867478479369066
201,3,little,65.09314391852477
201,4,bird,90.09231090325989
201,5,also,67.73373802264821
201,6,keeps,49.00460032658921
201,7,out,38.155828080919704
201,8,of,99.38728043627701
201,9,"sight,",104.54665952429318
201,10,for,246.2121075672072
201,11,he,302.55291679720295
201,12,fears,288.92079108858184
201,13,that,361.63558076442774
201,14,the,317.07227451629706
201,15,other,276.02437964312765
201,16,birds,168.62656636538983
201,17,should,137.72301617160696
201,18,punish,67.91930874328388
201,19,him,134.77003615561586
201,20,for,96.79564302103735
201,21,his,13.185738573803569
201,22,cunning.,3.3044018539593405
202,1,The,0.0
202,2,rejection,22.60768080728861
202,3,by,29.536182135114963
202,4,the,25.761352817522866
202,5,other,41.61365691264966
202,6,birds,44.23436122320081
202,7,was,46.24589679302045
202,8,a,54.716226713415494
202,9,bitter,114.54764398046507
202,10,pill,280.95858391016094
202,11,to,327.50228035797056
202,12,swallow,374.2911786624908
202,13,for,185.19994960203445
202,14,the,315.28831739698876
202,15,nameless,180.59914815024138
202,16,bird,153.68596491820537
202,17,the,115.90445879671508
202,18,owl,157.56890738863973
202,19,had,33.014949489124334
202,20,let,13.716090272256695
202,21,slip,19.368027462740077
202,22,away.,13.2576734454614
203,1,He,0.0
203,2,hides,13.98726231541619
203,3,in,32.24012157713478
203,4,the,34.16896616859307
203,5,"hedges,",31.270411502822203
203,6,and,39.55390772648714
203,7,when,63.339875039471124
203,8,he,121.87652367122244
203,9,thinks,83.76365272890465
203,10,himself,107.45324956347766
203,11,quite,122.63356034344338
203,12,"safe,",100.78495798640674
203,13,he,178.33915474816507
203,14,sings,75.14389361851563
203,15,"out,",123.98177877887267
203,16,'I,207.18518942345918
203,17,am,231.46696380078905
203,18,"king,",173.01282427574577
203,19,I,32.94246731492687
203,20,am,49.3662425439599
203,21,king!',12.492757659921192
204,1,And,0.0
204,2,the,12.621810874405146
204,3,other,66.51277952558607
204,4,birds,57.978539476269184
204,5,in,52.28540260027185
204,6,mockery,52.53240821102464
204,7,call,205.62422397736367
204,8,"out,",93.54013412832795
204,9,"'Yes,",144.32295285713147
204,10,"yes,",266.6518246087227
204,11,the,167.57281709772013
204,12,"hedge-king,",74.3101124400696
204,13,the,172.56981545525815
204,14,hedge-king!',81.59947988533872
205,1,At,0.0
205,2,ten,15.356941777916047
205,3,years,27.690230429650125
205,4,"old,",35.925017726937696
205,5,I,75.60237081659584
205,6,could,56.34915657993803
205,7,not,66.93676697889693
205,8,figure,48.72968055574018
205,9,out,290.421051474437
205,10,what,199.7610113941363
205,11,it,156.2144765529003
205,12,was,125.84693991454297
205,13,that,157.93096659810163
205,14,this,169.19482309921216
205,15,Elvis,339.1491491018586
205,16,Presley,519.3136413709908
205,17,guy,493.3906998460927
205,18,had,441.8549283450956
205,19,that,296.82681445867087
205,20,the,297.9646556323802
205,21,rest,191.15493479349328
205,22,of,96.4754937908119
205,23,us,97.21868585963837
205,24,boys,61.355845348309025
205,25,did,45.436806322656125
205,26,not,19.88617158658556
205,27,have.,16.54902268570676
206,1,He,0.0
206,2,seemed,35.10429794289408
206,3,to,49.62798928082465
206,4,be,108.39415426359722
206,5,no,73.28055498299652
206,6,different,82.1213105958657
206,7,from,43.571564680294614
206,8,the,17.106521661355448
206,9,rest,39.66223542768634
206,10,of,17.55471919506057
206,11,us.,4.4891160822437195
207,1,He,0.0
207,2,was,20.48564191274069
207,3,simply,18.720707106513704
207,4,a,67.15963654442763
207,5,man,133.26220167531451
207,6,who,128.6693017944327
207,7,had,200.80164057832394
207,8,a,126.81446615315488
207,9,"head,",87.18917118001701
207,10,two,83.66770915442878
207,11,arms,72.24328102984238
207,12,and,20.803871682221075
207,13,two,3.460947264151065
207,14,legs.,1.5052081841293978
208,1,It,0.0
208,2,must,22.39438929954976
208,3,have,36.58697138287201
208,4,been,38.60117543550244
208,5,something,32.575715451347
208,6,pretty,32.440207053061826
208,7,superlative,70.80660897187144
208,8,that,60.980541706534034
208,9,he,124.1604044316077
208,10,had,83.67097540593831
208,11,hidden,99.62661906045433
208,12,"away,",76.22701541616523
208,13,because,93.57541241355148
208,14,he,175.7020524078021
208,15,had,185.36729233295964
208,16,every,139.6864450552969
208,17,young,646.3920100863804
208,18,girl,307.285764292554
208,19,at,661.3642707018751
208,20,the,269.80852071889404
208,21,orphanage,215.75213730529978
208,22,wrapped,61.75613461885246
208,23,around,45.58451428072073
208,24,his,72.46703335007321
208,25,little,27.545511311048358
208,26,finger.,3.3478402697603515
209,1,At,0.0
209,2,about,10.180881748627407
209,3,nine,43.931476729356184
209,4,o'clock,37.13392849534161
209,5,on,34.974221616636406
209,6,Saturday,47.57696408660979
209,7,"morning,",29.420578148927394
209,8,I,26.87061150655468
209,9,figured,38.699086190534544
209,10,a,43.53396273747527
209,11,good,56.78752109493044
209,12,solution,60.28814007010832
209,13,was,67.04777180503513
209,14,to,78.43325581269703
209,15,ask,112.53789307461342
209,16,Eugene,76.00192400676804
209,17,"Correthers,",117.89413812333247
209,18,who,122.31384820712508
209,19,was,292.014335212352
209,20,one,334.7687537361053
209,21,of,292.2706751814804
209,22,the,187.6968637241996
209,23,older,144.7000836372148
209,24,and,151.6985680593389
209,25,smarter,162.7665671920025
209,26,"boys,",457.4761675574128
209,27,what,245.67965203185835
209,28,it,125.44466320711172
209,29,was,183.50546662882016
209,30,that,139.5828943872037
209,31,made,166.26717047376349
209,32,this,191.9017452160602
209,33,Elvis,49.29605234896013
209,34,guy,51.670517301336034
209,35,so,9.22259180536152
209,36,special.,3.2437941620998636
210,1,He,0.0
210,2,told,17.631702642291348
210,3,me,45.916614682094895
210,4,that,36.4502706288684
210,5,it,61.18453480027134
210,6,was,79.90907505610747
210,7,not,82.41708498295834
210,8,anything,79.96991082316248
210,9,about,106.18345280908468
210,10,Elvis's,305.1895071452143
210,11,"personality,",153.81130277846646
210,12,but,214.08155751279833
210,13,his,217.00215725872206
210,14,wavy,263.4555256665762
210,15,"hair,",226.55292897111832
210,16,and,229.15754499261186
210,17,the,121.53949090416178
210,18,way,42.918185144176654
210,19,he,20.724639215849546
210,20,moved,24.82901546002832
210,21,his,8.757889284759118
210,22,body.,11.006194811048099
211,1,About,0.0
211,2,a,7.938188081401382
211,3,half,19.12807278058399
211,4,an,26.872386883459537
211,5,hour,35.35123321274266
211,6,"later,",17.010366902933235
211,7,the,47.78303438680421
211,8,boys,67.77825263613633
211,9,in,43.61787238490063
211,10,the,43.74284581392455
211,11,orphanage,46.52002664755406
211,12,called,59.96299878546759
211,13,down,60.70482685989007
211,14,to,55.15317890687901
211,15,the,58.03297576888558
211,16,main,87.84470489557727
211,17,dining,62.247419313402574
211,18,room,67.09282524016841
211,19,by,67.31447699654834
211,20,the,50.08994044246096
211,21,matron,67.28215337326662
211,22,were,87.13818339752439
211,23,told,73.32082407576111
211,24,that,109.12320428503457
211,25,they,104.99325598886912
211,26,were,97.31616586262355
211,27,all,83.17119158675652
211,28,going,76.66896000800932
211,29,to,105.37263767788691
211,30,downtown,151.56186618744806
211,31,"Jacksonville,",371.3753734489078
211,32,Florida,368.68649435564134
211,33,to,333.18085778468514
211,34,get,466.4560002085725
211,35,a,243.3897116347526
211,36,new,344.6807464145232
211,37,pair,129.49530789520722
211,38,of,418.20134760131833
211,39,Buster,168.10665520159927
211,40,Brown,129.97431105068523
211,41,shoes,117.25597736423612
211,42,and,37.267574380636965
211,43,a,18.034881289893608
211,44,haircut.,24.896921331745595
212,1,That,0.0
212,2,is,39.85590891743693
212,3,when,50.79366980217708
212,4,I,134.4600814764921
212,5,got,128.7874662583263
212,6,this,145.7008785437749
212,7,big,161.34126836823097
212,8,"idea,",101.34499541137035
212,9,which,106.61791400583311
212,10,hit,64.93555948320956
212,11,me,193.45880311958786
212,12,like,71.96433125402918
212,13,a,46.36426114375002
212,14,ton,34.366898067017104
212,15,of,27.658764779107546
212,16,bricks.,1.85891557818838
213,1,If,0.0
213,2,the,24.612219778905853
213,3,Elvis,61.880520383158384
213,4,haircut,75.13388732392313
213,5,was,67.35574767327589
213,6,the,117.75643574237024
213,7,big,122.44682089320594
213,8,"secret,",216.44645930000502
213,9,then,361.79941281350085
213,10,Elvis's,206.34395830054305
213,11,haircut,143.45082401909195
213,12,I,85.96182636518905
213,13,was,61.774876342238905
213,14,going,33.180819231640534
213,15,to,33.69321017992478
213,16,get.,16.924333702413573
214,1,I,0.0
214,2,was,40.653049880047256
214,3,going,33.95782031640639
214,4,to,186.33448475324622
214,5,have,131.98413668299867
214,6,my,176.18037863956633
214,7,day,246.32671680574217
214,8,in,184.59421707466717
214,9,the,198.91445293662704
214,10,"sun,",148.91435236136718
214,11,and,197.8921873719679
214,12,all,167.48926151957724
214,13,the,118.64657649541728
214,14,way,104.34264966224741
214,15,to,89.63730577692662
214,16,town,113.97333642403309
214,17,that,167.06675941592837
214,18,was,118.94804546455615
214,19,all,82.87143640323566
214,20,I,52.3345106822585
214,21,talked,30.065098014909527
214,22,about.,5.441820630864884
215,1,The,0.0
215,2,fact,14.369530217280767
215,3,that,63.62207586782708
215,4,I,67.5025575674972
215,5,was,105.17965336561399
215,6,getting,100.38096661194638
215,7,an,98.15532949610233
215,8,Elvis,93.96993081161966
215,9,"haircut,",129.17415755397107
215,10,not,143.57261456519635
215,11,just,166.69263100147467
215,12,the,234.6570321554601
215,13,simple,160.5818507681915
215,14,fact,309.0629747044516
215,15,that,457.7477460493208
215,16,we,372.0888692734098
215,17,were,436.9892935609613
215,18,getting,273.10374825239614
215,19,out,283.3989031854587
215,20,of,138.70178177742238
215,21,the,64.88462957287895
215,22,"orphanage,",63.74051954555436
215,23,made,66.56668593965514
215,24,me,56.693305956844654
215,25,particularly,39.599164004408195
215,26,loquacious.,40.45044436383495
216,1,I,0.0
216,2,told,22.244615800288773
216,3,"everybody,",35.43392952256619
216,4,including,66.35645279939659
216,5,the,69.9896991194924
216,6,orphanage,87.527691167051
216,7,matron,87.67716232081177
216,8,I,97.78859403536778
216,9,normally,155.75762046328714
216,10,"feared,",179.99274007502152
216,11,that,196.1040514182089
216,12,I,198.73138290822843
216,13,was,143.7138873059905
216,14,going,184.8330001948822
216,15,to,219.64255874227655
216,16,look,200.98566683026138
216,17,just,220.11764361701995
216,18,like,235.11028589646827
216,19,Elvis,275.61549570621554
216,20,Presley,504.9691428845778
216,21,and,648.9471171182048
216,22,that,646.8164240566655
216,23,I,416.59400032609426
216,24,would,330.07056504446933
216,25,learn,334.07589686160276
216,26,to,569.6039764281937
216,27,move,387.0873149354288
216,28,around,653.2308778401954
216,29,just,539.5020362091994
216,30,like,462.6536115310929
216,31,he,517.2087979898067
216,32,did,403.24534880537607
216,33,and,309.5863694198311
216,34,that,342.8852641788369
216,35,I,279.766947423175
216,36,would,272.35619435957847
216,37,be,300.7894442519671
216,38,rich,318.11378536954436
216,39,and,337.13302471244646
216,40,famous,349.27935676434856
216,41,one,159.48056942992645
216,42,"day,",126.62169995787893
216,43,just,132.40572584899218
216,44,like,27.77019040816348
216,45,him.,8.463687739051379
217,1,The,0.0
217,2,matron,27.19834353784801
217,3,understood,24.73864560141631
217,4,my,48.17910630415764
217,5,idea,88.71850798472295
217,6,was,244.89215035286358
217,7,something,180.1901912926853
217,8,that,111.37582229711995
217,9,I,79.44925432955873
217,10,was,149.14116583304747
217,11,really,41.125431703467065
217,12,excited,47.50431526122365
217,13,about,57.74748931947405
217,14,and,117.55807646705883
217,15,said,38.47030196965802
217,16,nothing.,14.260492023504105
218,1,When,0.0
218,2,I,37.78588720753837
218,3,got,56.916604393362036
218,4,my,63.394662520660575
218,5,new,98.9809851822257
218,6,Buster,134.5506599231873
218,7,Brown,129.25241034804424
218,8,"shoes,",176.4260620476993
218,9,I,108.84019642808944
218,10,was,92.66975274151034
218,11,smiling,66.42834516984183
218,12,from,46.09133244292233
218,13,ear,40.72706251710582
218,14,to,42.51682716847569
218,15,ear.,3.205561032538842
219,1,Those,0.0
219,2,"shoes,",16.42209775190856
219,3,they,52.08850929432747
219,4,shined,46.822278073260854
219,5,really,55.051647917046246
219,6,"brightly,",55.78359713602052
219,7,and,66.37191369574386
219,8,I,63.83975396505883
219,9,liked,83.37296283662732
219,10,looking,81.61919039237193
219,11,at,87.12555307763635
219,12,the,100.95614470156134
219,13,bones,103.76892026849198
219,14,in,141.76651433562415
219,15,my,141.4533559421823
219,16,"feet,",176.0003004213621
219,17,which,175.06350369884106
219,18,I,198.06597584066478
219,19,had,183.7293747975794
219,20,never,169.01841636663855
219,21,seen,195.99153555250027
219,22,"before,",228.24068621880534
219,23,through,235.39203630226163
219,24,a,212.6425472002041
219,25,special,280.9393906463246
219,26,x-ray,323.6203237350867
219,27,machine,201.25352120984766
219,28,they,358.0068328225479
219,29,had,324.7046368565588
219,30,in,284.00897251334146
219,31,the,401.1684258186594
219,32,shoe,315.75853309892096
219,33,store,346.6493875979106
219,34,that,244.41682073605907
219,35,made,219.5836611122076
219,36,the,184.57491277453192
219,37,bones,313.70160995317525
219,38,in,226.08751996929942
219,39,your,130.54637524929598
219,40,feet,140.66528826828352
219,41,look,11.275323683520163
219,42,green.,4.630282012406374
220,1,I,0.0
220,2,was,24.312694794163185
220,3,now,36.207777154943656
220,4,almost,53.98429744442873
220,5,ready,61.692129899472654
220,6,to,94.3392559871109
220,7,go,72.22520391191236
220,8,back,49.477753148232836
220,9,to,60.59590319580997
220,10,the,50.250478765796075
220,11,orphanage,35.22990289221197
220,12,and,40.08883654433804
220,13,practice,57.818245798254914
220,14,being,106.34752700973023
220,15,like,138.47830648899534
220,16,the,163.63731002185872
220,17,man,98.52666033326793
220,18,who,196.50466144177065
220,19,all,350.2389839257977
220,20,the,364.37965665759265
220,21,girls,325.3314469756765
220,22,"loved,",426.9649395862422
220,23,since,269.4902783893057
220,24,I,111.94698265703246
220,25,had,42.839379221651555
220,26,my,134.03731565894594
220,27,new,309.17125932937125
220,28,Buster,65.43980311349785
220,29,Brown,15.166707511226086
220,30,shoes.,16.508586093764812
221,1,It,0.0
221,2,was,25.208496012198072
221,3,the,35.1607509040745
221,4,new,59.57091411389177
221,5,"haircut,",63.511855626542115
221,6,"though,",169.23474508799166
221,7,that,173.0577267961029
221,8,I,158.0968978674112
221,9,needed,108.33031516351019
221,10,to,80.5352074238449
221,11,complete,29.998216917940795
221,12,my,34.68552192936748
221,13,new,19.93865031237514
221,14,look.,11.404892308930803
222,1,We,0.0
222,2,finally,34.200783646933296
222,3,arrived,35.63668743690499
222,4,at,38.02208405264973
222,5,the,40.50032928608108
222,6,"unassuming,",31.60553414457106
222,7,unembellished,100.6359102539324
222,8,"barbershop,",76.39260908353114
222,9,where,143.64698330308246
222,10,they,362.69068469644264
222,11,cut,335.4753148761592
222,12,our,225.92666773463083
222,13,hair,115.11298982193021
222,14,for,81.50526727862258
222,15,free,92.3148985947215
222,16,because,182.0911210576146
222,17,we,104.83774888899801
222,18,were,27.857808486586265
222,19,orphans.,6.319269117434995
223,1,Even,0.0
223,2,though,51.81616582358837
223,3,we,56.822020814693516
223,4,were,41.38696933226981
223,5,supposed,58.97823334989848
223,6,to,91.1560538677929
223,7,slowly,88.0626466422128
223,8,wait,91.04990342395797
223,9,to,88.44614043641272
223,10,be,78.09988326640335
223,11,"called,",92.06146272463559
223,12,I,116.07006123519618
223,13,ran,77.29981275131823
223,14,straight,61.59573224780284
223,15,up,44.093068876384464
223,16,to,44.190468412986874
223,17,one,51.020089949534835
223,18,of,45.0900050941985
223,19,the,65.29313652382037
223,20,barber,76.52632645449022
223,21,chairs,82.24795947987431
223,22,and,412.046139949751
223,23,climbed,515.1758399170303
223,24,up,568.5498383507461
223,25,onto,449.01881751164365
223,26,the,266.4035067703438
223,27,board,422.2341170146224
223,28,the,525.1879145024604
223,29,barber,378.8167205062663
223,30,placed,300.4899488482404
223,31,across,584.1478929258658
223,32,the,264.51887672564357
223,33,arms,161.18667346434003
223,34,to,114.20144728983583
223,35,make,54.8466928061046
223,36,me,31.843153157218065
223,37,sit,36.96435396436678
223,38,up,12.992041154279447
223,39,higher.,8.423694909585102
224,1,I,0.0
224,2,looked,40.653049880047256
224,3,at,56.39166931537012
224,4,the,122.71770870278813
224,5,man,137.93247448702772
224,6,and,111.03171046617581
224,7,"said,",130.0539038475826
224,8,with,131.43391740360752
224,9,a,183.12194239369103
224,10,beaming,235.42306214445992
224,11,smile,195.27202437681035
224,12,on,261.9571864989138
224,13,my,210.01530191648834
224,14,"face,",349.71348680850275
224,15,'I,380.0946106782175
224,16,want,30.05029162541241
224,17,an,32.41350223734525
224,18,Elvis,44.71821856750161
224,19,haircut.,22.312426380181325
225,1,Can,0.0
225,2,you,23.089848615525167
225,3,make,46.761631487121804
225,4,my,77.06985062126594
225,5,hair,135.06238123014813
225,6,like,78.13097394606102
225,7,Elvis's?',30.927199528103028
226,1,I,0.0
226,2,asked.,8.057215210271721
227,1,The,0.0
227,2,"barber,",22.60768080728861
227,3,who,33.4448896274447
227,4,was,50.40037712446159
227,5,a,41.56882997866757
227,6,genial,40.389660514042674
227,7,young,60.16209450123892
227,8,"man,",97.69035651329904
227,9,grinned,139.0771015801921
227,10,back,321.17113256276144
227,11,at,278.90195139359736
227,12,me,305.8428210806999
227,13,and,198.57256251959276
227,14,said,184.40194038501124
227,15,that,158.06488883264467
227,16,he,183.53965475901552
227,17,would,76.2106247171139
227,18,try,30.431236282012332
227,19,his,10.042882051313883
227,20,best.,18.136488683019017
228,1,I,0.0
228,2,was,22.244615800288773
228,3,so,34.43353671144378
228,4,happy,45.792452839200394
228,5,when,34.62142019027476
228,6,he,68.22747957535722
228,7,started,63.06913031945444
228,8,to,53.9505248673135
228,9,cut,58.9611537528413
228,10,my,51.23270160985482
228,11,"hair,",88.03405349461094
228,12,but,161.29760885248294
228,13,just,163.62287293823206
228,14,as,162.1807291017391
228,15,he,168.64413499511474
228,16,started,164.34342899451727
228,17,to,147.19035716526483
228,18,"cut,",172.7993308603748
228,19,the,155.97668972818173
228,20,"matron,",158.27013650757326
228,21,who,214.96094754434858
228,22,had,205.96240378271426
228,23,been,237.69676058600953
228,24,watching,209.305799830109
228,25,me,364.0578501165522
228,26,and,250.4454056557296
228,27,had,313.32531378339877
228,28,a,278.14803190692334
228,29,look,161.19905539828457
228,30,as,361.5868100102874
228,31,cold,429.42073257059474
228,32,as,277.33332433538425
228,33,"ice,",248.824194665539
228,34,motioned,226.1723816696843
228,35,for,67.61466823133154
228,36,him,87.48018439940317
228,37,to,114.4904885561472
228,38,come,37.49754726497939
228,39,over,58.45147788391731
228,40,to,149.62336206947876
228,41,where,31.26981648584588
228,42,she,45.44327396537435
228,43,was,4.601480339871199
228,44,standing.,1.347122595064498
229,1,She,0.0
229,2,whispered,21.146549226227155
229,3,something,53.25257042703937
229,4,into,86.14774709201706
229,5,his,141.5972115184271
229,6,ear,156.94403658888876
229,7,that,161.99939231449588
229,8,caused,326.2895440074809
229,9,the,237.4083335557357
229,10,barber,216.82574639856486
229,11,to,268.17344867946804
229,12,shake,208.89862161712819
229,13,his,165.29692540441974
229,14,"head,",245.83505521121268
229,15,like,217.53198696295755
229,16,he,249.22962805003337
229,17,was,233.9084134320596
229,18,telling,200.29113897232304
229,19,"her,",113.40588777219368
229,20,'No'.,104.92490777777383
230,1,In,0.0
230,2,"response,",20.202781358936026
230,3,the,50.498316428613734
230,4,matron,45.22012415814491
230,5,walked,62.23201852499179
230,6,over,66.87804384672513
230,7,to,97.5022040536021
230,8,a,60.18463661125281
230,9,little,62.38589553030236
230,10,man,133.96340796355116
230,11,sitting,150.92660716263273
230,12,in,138.39472292067603
230,13,an,205.08694467262342
230,14,office,253.17000692144143
230,15,chair,191.51491039014437
230,16,that,219.76297549096586
230,17,squeaked,301.62815026110974
230,18,as,475.84521761012365
230,19,it,204.41996327587378
230,20,rolled,183.8336454495426
230,21,around,222.28769854134276
230,22,the,162.55508664007942
230,23,floor,94.77374716258515
230,24,and,64.79462022752435
230,25,spoke,58.04626960321511
230,26,to,19.712914226011186
230,27,him.,17.506249705692543
231,1,It,0.0
231,2,was,25.759222984374578
231,3,the,40.74539768425455
231,4,little,57.79597370100288
231,5,man,93.71268122625088
231,6,who,135.78559441838917
231,7,then,129.69476004502243
231,8,walked,216.84471058151018
231,9,over,114.63752348966717
231,10,and,110.58154037409759
231,11,said,85.62517522763065
231,12,something,93.432888283994
231,13,to,45.51426232379509
231,14,the,39.30117124534881
231,15,man,38.55957607843126
231,16,who,97.40670449533509
231,17,was,114.55285105618958
231,18,cutting,55.4034212741167
231,19,my,11.465061128609374
231,20,hair.,10.23446935825505
232,1,The,0.0
232,2,next,17.11289565011498
232,3,thing,27.95572761502368
232,4,I,53.22509963821706
232,5,"knew,",81.71596640587364
232,6,the,104.31864011026504
232,7,man,147.5058584783594
232,8,who,158.84736583426508
232,9,was,200.6801148855019
232,10,cutting,235.0954393221499
232,11,my,309.0812227516388
232,12,hair,511.7543083677303
232,13,told,420.6752972240791
232,14,me,266.447803137848
232,15,that,510.0350084699791
232,16,he,295.0310285446189
232,17,was,324.1604717104433
232,18,no,256.67057232402357
232,19,longer,339.295954524531
232,20,allowed,176.48138138523655
232,21,to,106.28043563172406
232,22,give,60.08418626365783
232,23,me,45.22087491078605
232,24,an,26.40253142740548
232,25,Elvis,15.633940497890151
232,26,cut.,11.189928943063157
233,1,'Why,0.0
233,2,not?',34.7393507577632
233,3,I,39.62436979246756
233,4,cried,14.871225193670261
233,5,desperately.,5.746826632234766
234,1,The,0.0
234,2,kindly,14.369530217280767
234,3,barber,36.83157886754117
234,4,stopped,42.38833281347368
234,5,by,40.07883489327711
234,6,the,35.2456463560546
234,7,matron,32.55128600372254
234,8,did,43.234518928543814
234,9,not,46.51016137873527
234,10,"answer,",42.09032781139934
234,11,but,108.69299166170174
234,12,from,56.057141217645295
234,13,his,56.737137745464274
234,14,"expression,",123.09991107926272
234,15,I,243.23460564141894
234,16,could,264.41391274712123
234,17,tell,292.0426571433135
234,18,that,331.4821198746972
234,19,he,446.41444295379193
234,20,wished,426.3319645555238
234,21,he,264.96057287779956
234,22,could,263.71826996865303
234,23,cut,147.7423260886567
234,24,it,137.64399539975525
234,25,as,65.63628146830136
234,26,I,101.14205994375513
234,27,had,39.2451698864245
234,28,asked.,8.836231366044002
235,1,Within,0.0
235,2,a,18.537174788749553
235,3,few,53.85660376581611
235,4,"minutes,",53.39296949596714
235,5,it,42.33233835804047
235,6,wasn't,81.19530165710265
235,7,an,72.79224791007212
235,8,Elvis,128.81910349884842
235,9,"haircut,",228.56589922021146
235,10,but,262.5014691091798
235,11,a,198.96269131847166
235,12,short,299.8484600313693
235,13,buzz,271.3805703178507
235,14,cut,149.73892788895398
235,15,that,97.49983486359947
235,16,the,121.14514893879556
235,17,barber,123.55835872319928
235,18,had,26.146712462250914
235,19,given,8.072231149879999
235,20,me.,11.652874607814224
236,1,When,0.0
236,2,he,30.67526038003193
236,3,finished,44.382519805370194
236,4,shaving,32.333621665102854
236,5,off,83.23673297112178
236,6,all,111.45023231084225
236,7,my,128.06176551302318
236,8,hair,111.98524557217473
236,9,and,103.25810874975423
236,10,made,99.43813914579016
236,11,me,110.67583674173915
236,12,smell,134.3180434129016
236,13,real,108.74617557665455
236,14,good,120.47693401798044
236,15,with,97.61044339871441
236,16,his,100.64326423208328
236,17,"powder,",107.29806549002052
236,18,the,170.6375941564328
236,19,barber,153.0082342618115
236,20,handed,213.24892431854678
236,21,me,263.8257738729546
236,22,a,232.2923087142623
236,23,nickel,200.61513192880398
236,24,and,248.79970900108555
236,25,told,190.95512732752138
236,26,me,135.31999309697093
236,27,to,149.40297184077687
236,28,go,121.91691517263878
236,29,outside,122.73517650768397
236,30,to,264.2311520295202
236,31,the,370.18587298644553
236,32,snack,82.60423302097857
236,33,machine,166.70970661068415
236,34,and,76.39998115210712
236,35,buy,93.82439282584171
236,36,myself,209.17888219096167
236,37,a,27.670255227881086
236,38,candy,8.375839425992705
236,39,bar.,7.253367352197959
237,1,I,0.0
237,2,handed,25.206038724082543
237,3,him,32.53869240213046
237,4,the,38.52560660267862
237,5,nickel,168.12089463416442
237,6,back,80.50539634885422
237,7,and,46.628101233286856
237,8,told,88.63742796785223
237,9,him,132.1530600204766
237,10,that,70.59585132752342
237,11,I,51.21770536763453
237,12,was,22.709566516713238
237,13,not,10.208007749855948
237,14,hungry.,5.340108366699436
238,1,'I'm,0.0
238,2,so,51.225310483451345
238,3,"sorry,",62.70472040812486
238,4,"baby,'",94.19130137636544
238,5,he,89.73820877210976
238,6,"said,",68.44388259321549
238,7,as,136.33125065408763
238,8,I,167.61232404936743
238,9,climbed,104.96154522576376
238,10,out,141.18319424335203
238,11,of,94.62017382489142
238,12,his,13.222045127173239
238,13,barber,8.021625507463137
238,14,chair.,8.892798290251577
239,1,'I,0.0
239,2,am,41.36156611887616
239,3,not,50.61951329060736
239,4,a,60.158143027852695
239,5,"baby,'",107.7178875235275
239,6,I,121.71465635195278
239,7,"said,",115.72800012538092
239,8,as,80.17312242773424
239,9,I,129.92635807404974
239,10,wiped,64.96942389906035
239,11,the,83.58871275036893
239,12,tears,54.10541928973983
239,13,from,19.063861949738335
239,14,my,1.223009037474891
239,15,eyes.,0.9732150861116176
240,1,I,0.0
240,2,then,43.536821949045866
240,3,sat,56.82398692035818
240,4,down,67.19260493066743
240,5,on,151.38925012448215
240,6,the,160.17967553052426
240,7,floor,165.53477637866712
240,8,and,155.36255567633714
240,9,brushed,130.132393977714
240,10,away,149.8511838243837
240,11,the,184.6396438841355
240,12,hair,219.870124810037
240,13,that,190.38168161914854
240,14,had,272.8384368082855
240,15,accumulated,214.1490034330392
240,16,on,199.30637319278864
240,17,my,183.27645255313075
240,18,shiny,215.208178581361
240,19,new,37.87410474089604
240,20,Buster,21.889835251325575
240,21,Brown,10.921620608551851
240,22,shoes.,5.0525175684750785
241,1,My,0.0
241,2,head,26.771056081432377
241,3,was,47.233813294718665
241,4,no,53.74801254420012
241,5,longer,66.9400669820017
241,6,in,85.61276960307596
241,7,the,91.38017546702189
241,8,"clouds,",110.2947923244528
241,9,and,156.27137391725054
241,10,I,185.76370047639548
241,11,got,118.95971511085429
241,12,up,129.2679672107107
241,13,off,118.2584166399168
241,14,the,135.6781228038303
241,15,"floor,",108.29809868541997
241,16,brushed,222.19996896576123
241,17,off,263.1873104673884
241,18,my,341.3442372833952
241,19,short,258.62456740037004
241,20,"pants,",308.16709089174867
241,21,and,119.63832017004081
241,22,walked,154.01809579275547
241,23,sullenly,56.92208651234093
241,24,towards,13.133716994191309
241,25,the,1.545021542183655
241,26,door.,1.4708327626438558
242,1,The,0.0
242,2,matron,45.18157321505811
242,3,was,35.757672416272754
242,4,smiling,66.41578681394427
242,5,at,67.70926420349983
242,6,me,50.56762027743192
242,7,sort,51.89243337892698
242,8,of,52.461130361463226
242,9,funny,42.75672826150328
242,10,like.,19.44679796758802
243,1,The,0.0
243,2,barber,30.564346704698693
243,3,upset,43.97199584189946
243,4,by,50.63739811043588
243,5,the,46.27305010186927
243,6,matron,58.796531615470116
243,7,said,51.21744365303558
243,8,to,146.69767416577187
243,9,"her,",103.99298545741148
243,10,'You,231.63753137840055
243,11,are,79.8576931753704
243,12,just,47.77774144874126
243,13,a,58.07301044929704
243,14,damn,57.64688421974003
243,15,"bitch,",72.08097459586939
243,16,lady.',7.5102113077721775
244,1,She,0.0
244,2,yelled,26.63474125649731
244,3,back,44.6901472367603
244,4,at,54.10958199006806
244,5,him,85.45731242116926
244,6,at,273.7995776750362
244,7,the,459.0815836394503
244,8,top,215.10515835075876
244,9,of,370.1142649140711
244,10,her,256.51956992273085
244,11,"lungs,",197.94869949518022
244,12,before,179.10044248755003
244,13,walking,194.24014850761233
244,14,toward,160.55852949077786
244,15,the,247.0694343744349
244,16,"office,",176.52951068708484
244,17,as,126.48172680398602
244,18,fast,60.045951575168125
244,19,as,43.15094236373088
244,20,she,0.3914832286793714
244,21,could.,0.08316738909384545
245,1,To,0.0
245,2,show,16.124393031542624
245,3,his,22.154610399786232
245,4,"anger,",31.652689379680528
245,5,the,97.75226407623421
245,6,man,94.47973141633565
245,7,hit,75.01363843030107
245,8,the,71.19644944183615
245,9,wall,66.98554813798766
245,10,with,186.96609585405412
245,11,his,143.3774589719563
245,12,hand,133.17107632378955
245,13,and,182.07396886238092
245,14,then,124.82302022074784
245,15,walked,208.7809215063919
245,16,outside,323.32902777622246
245,17,where,423.6721733394523
245,18,he,198.60551327761084
245,19,stood,346.8246550099158
245,20,against,173.9344386063248
245,21,the,72.60061026495111
245,22,brick,47.61191543281404
245,23,"wall,",68.37113359868414
245,24,smoking,42.843073070401246
245,25,a,8.952124840685018
245,26,cigarette.,2.1938833960827835
246,1,I,0.0
246,2,understood,27.366143570641835
246,3,right,29.269432916043122
246,4,there,30.617485904162287
246,5,my,71.61183122726317
246,6,haircut,67.84078552799005
246,7,was,71.07242759281947
246,8,something,80.76157654609993
246,9,that,156.9100892774003
246,10,had,158.4003361453916
246,11,been,134.5022846431526
246,12,out,139.3939919971577
246,13,of,151.06267708427296
246,14,the,187.2475177729843
246,15,power,323.6438960211792
246,16,of,512.9793201519079
246,17,the,345.3445822915842
246,18,barber,264.8989561052802
246,19,and,337.68484616071527
246,20,then,160.3236824515018
246,21,I,125.8810732252684
246,22,slowly,113.92953644145497
246,23,walked,200.84185730237135
246,24,outside,79.10212291322205
246,25,to,35.084004441546725
246,26,join,44.48798802090145
246,27,the,9.539792282189746
246,28,man.,6.398507584388706
247,1,He,0.0
247,2,looked,19.533611998902114
247,3,"down,",55.30099249185078
247,4,smiled,86.47207335087535
247,5,at,90.73189649562298
247,6,"me,",81.94478278750587
247,7,then,63.91221816706927
247,8,he,103.87797584326529
247,9,patted,117.89444012486739
247,10,me,111.49011955912627
247,11,on,88.70967461180932
247,12,the,172.60833509750248
247,13,top,107.15545979769087
247,14,of,102.00262593940992
247,15,my,284.46829982166486
247,16,bald,101.21529744694458
247,17,as,69.32897023800619
247,18,a,109.65607497575368
247,19,coot,59.92202574890241
247,20,head.,20.85440624071494
248,1,It,0.0
248,2,was,28.241554525590427
248,3,a,57.498585428714534
248,4,fact,58.05590002434969
248,5,of,129.7005496689811
248,6,my,172.6490409832046
248,7,life,252.99223739834238
248,8,that,229.7162939235552
248,9,I,260.4100431264855
248,10,was,360.1161690785031
248,11,not,369.035080659213
248,12,gonna,331.83048380470126
248,13,have,247.30775193761406
248,14,hair,212.864112277328
248,15,that,174.88368147681265
248,16,was,240.54876212793158
248,17,anything,256.65995127744554
248,18,like,190.06007909252762
248,19,Elvis's,41.410403623782884
248,20,anytime,27.283233824974133
248,21,soon.,15.434569589859683
249,1,I,0.0
249,2,then,34.91104172605014
249,3,looked,42.038371508608385
249,4,up,40.487207697750854
249,5,at,53.39433366235377
249,6,the,93.10657515256595
249,7,barber,63.95988900616603
249,8,with,81.64309426101535
249,9,my,83.55259837148823
249,10,wet,117.31211168456014
249,11,red,336.9405251977685
249,12,eyes,406.40562288561165
249,13,and,453.1350468377411
249,14,"asked,",411.690516632054
249,15,'Do,413.4977319971344
249,16,you,81.55926110287398
249,17,know,81.63399096133121
249,18,if,146.18200003106145
249,19,Elvis,106.1674103963992
249,20,Presley,66.39173258946832
249,21,has,65.08748083080151
249,22,green,39.98053298520345
249,23,bones?',22.577857535637673
250,1,This,0.0
250,2,is,20.17499721772384
250,3,a,21.31049615971105
250,4,story,31.976505881961664
250,5,of,59.3157403591189
250,6,how,82.99305144104487
250,7,Mr.,115.35146818888792
250,8,Sticky,89.49390758854179
250,9,got,79.67182576316415
250,10,in,58.573225858941164
250,11,Abby's,60.02258750632119
250,12,fish,27.127521823897887
250,13,tank.,12.13819807062327
251,1,'He's,0.0
251,2,very,52.80305455696503
251,3,"small,'",70.0868129069204
251,4,Abby's,126.89476829249574
251,5,mom,119.07793667298799
251,6,said,171.66426282091933
251,7,as,79.12401002731012
251,8,she,76.41538027443598
251,9,peered,82.27174416454069
251,10,at,65.22579246030442
251,11,the,150.5042996358555
251,12,tiny,15.190172684373904
251,13,water,7.09085019314397
251,14,snail.,9.216438516697744
252,1,Abby,0.0
252,2,said,19.305569883164065
252,3,that,28.077217535454373
252,4,he,45.85950130753516
252,5,would,61.114771069844736
252,6,grow,45.753392483501734
252,7,and,54.55482237144196
252,8,then,51.762672339864
252,9,pulled,61.49348684203839
252,10,her,63.53499038877088
252,11,pajama,74.991221523657
252,12,bottoms,152.54707000679423
252,13,up,295.50823843699635
252,14,again,259.14567483248436
252,15,before,291.7567554202936
252,16,she,210.87929266447603
252,17,got,124.16826646800708
252,18,into,236.8972814332694
252,19,"bed,",247.08808812869543
252,20,for,191.66475921780642
252,21,they,198.08115477145594
252,22,were,65.20967025841784
252,23,always,20.78351801919267
252,24,falling,21.22209947955022
252,25,down.,13.573133340548557
253,1,"Usually,",0.0
253,2,Abby's,15.382564441172192
253,3,mom,44.869115134970556
253,4,got,46.97618259579557
253,5,up,48.69221447921502
253,6,at,53.22144156723321
253,7,the,47.284250302771895
253,8,crack,41.948920236206924
253,9,of,58.28721325010715
253,10,"dawn,",84.50447212507981
253,11,but,93.11363469641857
253,12,it,106.41831042529378
253,13,was,116.18907391752384
253,14,Abby,84.63782730057619
253,15,who,164.10053600489456
253,16,jumped,178.97119924525313
253,17,out,170.08926943792355
253,18,of,186.4238173576186
253,19,bed,223.84926194961747
253,20,first,435.21750421420154
253,21,the,373.42411505748447
253,22,next,483.99114559929404
253,23,morning,553.639457093032
253,24,and,476.2037732320179
253,25,switched,571.970624183272
253,26,on,463.2166608882211
253,27,the,471.8138558748169
253,28,light,564.0859920152973
253,29,in,507.39411391216464
253,30,her,303.313405505192
253,31,fish,188.83655332444474
253,32,"tank,",455.86346629028475
253,33,which,182.5804487938273
253,34,contained,39.442249038433744
253,35,three,30.151913891678085
253,36,fish.,12.032183715282752
254,1,At,0.0
254,2,"first,",19.54757836601338
254,3,she,66.7251134339249
254,4,could,78.59179114008887
254,5,see,167.6718988396263
254,6,neither,134.0673494622184
254,7,hide,115.52437473055116
254,8,nor,110.92769793867375
254,9,hair,176.675640518909
254,10,of,93.41496756278711
254,11,the,147.3057958761249
254,12,"snail,",205.0707559456977
254,13,but,127.41839372260134
254,14,then,108.93808607225114
254,15,she,18.143652976398542
254,16,spotted,13.445234768540566
254,17,him.,1.658259759714868
255,1,It,0.0
255,2,had,21.147352729171985
255,3,taken,60.315968066896474
255,4,Abby,79.4885375747729
255,5,a,105.50383859869858
255,6,while,131.7543967545313
255,7,to,114.87494072366906
255,8,find,105.56286854791952
255,9,Sticky,158.21111945705113
255,10,because,160.3654057865664
255,11,he,173.72166581975878
255,12,was,195.00049034241755
255,13,clinging,117.06483365328839
255,14,to,219.3722556737073
255,15,the,215.7107438329595
255,16,glass,279.561663599643
255,17,near,333.8777795551322
255,18,the,352.853570125527
255,19,"bottom,",255.91203845683555
255,20,right,80.85563480376138
255,21,next,89.60388444212903
255,22,to,32.41156650677268
255,23,the,23.456994733208774
255,24,gravel.,5.932493853948174
256,1,At,0.0
256,2,school,14.629361606204297
256,3,that,27.75910741752887
256,4,"day,",47.74965255427175
256,5,"Abby,",57.22386137412219
256,6,encouraged,70.97455295414404
256,7,by,110.00012069011748
256,8,her,80.80436668954785
256,9,"teacher,",60.70153579988316
256,10,wrote,111.64072614234803
256,11,excitedly,67.19883035866336
256,12,about,66.66567571383877
256,13,the,78.18228961347752
256,14,small,178.79979686385434
256,15,and,168.5954596053543
256,16,mysterious,233.2550516853971
256,17,Mr.,154.6324375996423
256,18,"Sticky,",201.05966821320524
256,19,who,174.5658295908374
256,20,you,115.92532343094811
256,21,could,132.08120945256445
256,22,mistake,160.99099908543363
256,23,for,84.7940099214276
256,24,a,61.253093614871524
256,25,piece,34.28798696635208
256,26,of,25.0359761832665
256,27,gravel.,7.847287942165437
257,1,He,0.0
257,2,seemed,19.533611998902114
257,3,an,55.530206153406496
257,4,ideal,82.02624752956658
257,5,pet,85.70720183701171
257,6,for,91.60551057583535
257,7,"her,",104.24372171582678
257,8,some,135.14805748336315
257,9,of,176.30447444112292
257,10,the,162.3438665128854
257,11,girls,195.5571844246484
257,12,in,199.47791831978765
257,13,her,200.63294976139
257,14,class,178.67179800202774
257,15,"teased,",79.6048094555851
257,16,because,58.27155352031765
257,17,Abby,130.8455019920872
257,18,was,21.05096419258267
257,19,also,18.35419699679636
257,20,very,11.663735802635488
257,21,small.,6.799470674896527
258,1,That,0.0
258,2,"evening,",36.379170937209906
258,3,Abby,64.48716579993209
258,4,turned,80.74870261278694
258,5,on,50.69582766822266
258,6,the,51.39450563950897
258,7,light,89.49202403454954
258,8,and,109.81047266928866
258,9,found,213.6217254353946
258,10,Mr.,204.486683945276
258,11,Sticky,233.10920583992518
258,12,clinging,193.78965302435867
258,13,to,348.2251400048382
258,14,the,189.92812536065748
258,15,pond,77.758628325264
258,16,weed,159.89027679827305
258,17,and,186.78744891846603
258,18,bobbing,291.92235166739925
258,19,about,98.83054924878925
258,20,in,57.5545140362903
258,21,the,36.129886470341866
258,22,air,8.554397388774866
258,23,bubbles.,11.1222904788393
259,1,'That,0.0
259,2,looks,28.090564765022535
259,3,fun!',60.61649605445898
259,4,Abby,22.099487509431924
259,5,exclaimed.,7.45024903253922
260,1,She,0.0
260,2,tried,12.679941010396776
260,3,to,40.153762230813214
260,4,imagine,43.62921240495057
260,5,what,43.90222351234033
260,6,it,66.03552010220513
260,7,must,68.43821473297365
260,8,be,65.88337736994585
260,9,like,65.83988089375083
260,10,to,56.44598522013091
260,11,have,139.74521978226394
260,12,to,208.37084813746642
260,13,hang,317.75533904262477
260,14,on,287.14156383613755
260,15,to,568.4847504846311
260,16,things,672.0962137569522
260,17,all,136.26541440546745
260,18,day,280.60903811538014
260,19,and,337.29357737483514
260,20,decided,256.8806272042645
260,21,the,222.40796822336776
260,22,answer,172.1135213619523
260,23,was,106.23975659681332
260,24,that,204.74455594123273
260,25,it,97.49688971444803
260,26,was,76.2173884938027
260,27,probably,171.97328517134386
260,28,very,64.6472675560569
260,29,tiring.,43.05365914593166
261,1,Abby,0.0
261,2,told,25.103369209101068
261,3,her,39.959050352812376
261,4,mom,55.92354354661121
261,5,that,93.26986098473994
261,6,she,159.5892742245855
261,7,thought,137.9946857713243
261,8,Sticky,165.0284016683563
261,9,had,333.62993828067886
261,10,grown,194.27046870499416
261,11,a,110.0695530959672
261,12,bit,80.03668399026887
261,13,the,63.48216871765091
261,14,next,108.10177958655116
261,15,day,72.02359649701432
261,16,at,15.8094099666686
261,17,breakfast.,5.2322378267932175
262,1,'Just,0.0
262,2,as,49.36925720500543
262,3,well,64.47290018300832
262,4,if,60.989566324155405
262,5,he's,83.94043919917137
262,6,going,92.88583885983655
262,7,to,129.67506184012322
262,8,be,141.4391704691738
262,9,gobbled,101.14199844114685
262,10,up,100.78592435692194
262,11,like,93.44051678945134
262,12,"that,'",307.2829064568446
262,13,her,224.39751581127456
262,14,mom,176.0636615816624
262,15,responded,194.44266323848282
262,16,who,122.53113001333358
262,17,was,72.74564394385216
262,18,busy,43.38594380521838
262,19,preparing,8.886068478456808
262,20,breakfast.,3.4239666321712168
263,1,Abby,0.0
263,2,whined,26.028162574487805
263,3,that,48.346440607932934
263,4,she,117.07102571665006
263,5,didn't,145.22948372878838
263,6,want,132.6938911969138
263,7,him,127.72801047731399
263,8,to,215.97698105967976
263,9,get,120.90266915898938
263,10,too,138.96252175069043
263,11,big,227.3963485947645
263,12,or,206.32077108360576
263,13,he,256.16188074943165
263,14,wouldn't,218.04788194488953
263,15,be,31.249752285742247
263,16,cute,15.943887076362332
263,17,anymore.,13.405493161345937
264,1,'Small,0.0
264,2,"things,",17.828808518792197
264,3,not,91.3021194211013
264,4,big,78.75431336929302
264,5,"things,",111.50487119902137
264,6,are,165.5765117525173
264,7,"cute,",130.8302087680756
264,8,right?',116.7866513715525
264,9,she,82.68221296457615
264,10,"asked,",104.653728828436
264,11,half,49.27892073252552
264,12,to,28.142169739504528
264,13,herself.,17.170121954546325
265,1,The,0.0
265,2,next,9.884863834101134
265,3,day,18.957285753109982
265,4,in,35.12664433665129
265,5,art,35.61128749118171
265,6,"class,",67.22131021095764
265,7,Abby,46.575798901402365
265,8,needed,54.04431319820442
265,9,two,53.73144657332974
265,10,pieces,48.58547258704376
265,11,of,44.0041396573197
265,12,paper,56.50916480974753
265,13,that,66.8749393878944
265,14,were,77.73876260926284
265,15,very,70.01753175981213
265,16,"expensive,",83.72138257500161
265,17,to,120.48897142767963
265,18,draw,267.01138185757554
265,19,an,142.54917883058076
265,20,"elephant,",159.87774863607964
265,21,but,142.88449581272508
265,22,the,181.79784951254211
265,23,teacher,227.25880046074226
265,24,didn't,219.31945854773625
265,25,mind,128.70305141186404
265,26,Abby,159.17088876216118
265,27,using,420.25541551259226
265,28,the,494.68787365876324
265,29,expensive,328.01724809544044
265,30,paper,356.1101144612838
265,31,because,293.71333393403
265,32,she,261.61257085554286
265,33,was,372.752909594847
265,34,pleased,327.9655996523434
265,35,with,72.70989502810454
265,36,the,217.86449880057714
265,37,drawing,143.8201498180203
265,38,and,75.36920965337823
265,39,wanted,113.46158563279657
265,40,it,70.92000973131447
265,41,on,36.74937120879886
265,42,the,23.088322568452977
265,43,wall.,8.007304037158079
266,1,The,0.0
266,2,"teacher,",14.807175156861959
266,3,who,24.077609644907003
266,4,was,57.14376183034404
266,5,always,47.642481909351886
266,6,very,77.50209324181824
266,7,"encouraging,",80.95740355960896
266,8,remarked,99.1528660193592
266,9,that,70.5274899006363
266,10,the,58.17572085315376
266,11,drawing,89.92772350638418
266,12,Abby,97.39279625835982
266,13,had,90.20247731397512
266,14,made,137.1575622820414
266,15,was,112.9617094051867
266,16,very,277.39053896472967
266,17,creative,137.4666561235041
266,18,and,225.25575498646512
266,19,beamed,177.69204904241033
266,20,at,199.0580418537717
266,21,"Abby,",128.52798532704958
266,22,giving,91.69837166226415
266,23,her,78.11636139713481
266,24,the,55.170726307495464
266,25,seal,30.756657264187943
266,26,of,16.090461870299922
266,27,approval.,9.190549610106137
267,1,Back,0.0
267,2,at,15.650093773548342
267,3,"home,",36.98719977693149
267,4,"Mom,",63.27577985721696
267,5,convinced,78.74231173198521
267,6,by,101.98328907006017
267,7,Abby,117.11014833006833
267,8,to,257.27588633160997
267,9,clean,221.43009963606355
267,10,out,118.91388104646876
267,11,the,123.74308612153199
267,12,"tank,",135.15734282668322
267,13,was,224.53799605601355
267,14,cleaning,226.5767674863544
267,15,with,169.80793161850963
267,16,a,305.1118831197127
267,17,special,104.55438644682246
267,18,"vacuum,",75.60191428864913
267,19,or,100.37007813234628
267,20,'hoover'.,20.734803702234093
268,1,'Where's,0.0
268,2,Mr.,47.11631199592678
268,3,Sticky?',66.21617962176927
268,4,Abby,55.26341772229027
268,5,asked,77.36449164268942
268,6,first,94.32743183589879
268,7,thing,74.34027991685744
268,8,when,68.53912538138475
268,9,she,62.49387380575067
268,10,came,27.833930748556856
268,11,home,30.241261988596982
268,12,from,12.02253906879803
268,13,school.,3.3904360205377975
269,1,'On,0.0
269,2,the,12.90843028102707
269,3,"side,'",49.82336982737204
269,4,Mom,14.935366273794367
269,5,replied.,1.9019323377924877
270,1,And,0.0
270,2,then,24.584003617274696
270,3,she,27.02920548003047
270,4,"added,",30.22208265535541
270,5,'Don't,54.21410203837282
270,6,worry.,13.071333050398056
271,1,I,0.0
271,2,went,23.588953275218692
271,3,extra,19.309480768644683
271,4,slowly,106.21016584234731
271,5,since,112.95774279732719
271,6,it's,183.1488487354532
271,7,better,111.65299091311167
271,8,to,68.96432410850565
271,9,be,103.28285189373385
271,10,safe,96.78006438106775
271,11,than,27.50712267255746
271,12,sorry.',31.38871247794494
272,1,Abby,0.0
272,2,looked,18.34462026112114
272,3,on,50.13875161252426
272,4,all,44.35496199332654
272,5,sides,46.34533784967992
272,6,of,91.02635899905485
272,7,the,91.96541213395523
272,8,"tank,",82.67792281435472
272,9,but,165.3295611762128
272,10,there,216.03544690580586
272,11,was,141.96822040407028
272,12,no,234.7276571750022
272,13,sign,269.56812410044427
272,14,of,324.3569206132178
272,15,the,119.26319793234127
272,16,water,310.47063619142926
272,17,snail,309.8439726875214
272,18,that,96.77982743197052
272,19,she,80.68417850580154
272,20,had,181.46253704494237
272,21,discovered,196.35135434396938
272,22,a,35.357898894826974
272,23,couple,212.8828558925236
272,24,of,87.28452509585102
272,25,days,39.37867427097844
272,26,ago.,1.0123512272082231
273,1,She,0.0
273,2,was,19.34501032052113
273,3,very,5.709282779242981
273,4,sad.,2.4598898905678936
274,1,Her,0.0
274,2,mom,24.734905322725346
274,3,said,26.086664193005298
274,4,to,89.56294967976537
274,5,wait,150.15646610034665
274,6,a,142.9594283097407
274,7,few,159.70566933096703
274,8,hours,73.12307408123712
274,9,until,150.95494027246647
274,10,the,123.05822850408636
274,11,water,85.4151016872721
274,12,clears,64.33815955827227
274,13,to,50.61804610661285
274,14,take,34.64750153126076
274,15,another,31.942639203464122
274,16,careful,13.06464296122118
274,17,look.,4.812733724210335
275,1,That,0.0
275,2,"evening,",31.388512333134997
275,3,Abby,87.37094273940163
275,4,went,94.38071894044212
275,5,up,117.09205988278117
275,6,to,83.29660907498497
275,7,her,71.57185024843443
275,8,bedroom,107.78822361221616
275,9,to,17.882824356822898
275,10,check,19.914434687555826
275,11,the,25.759556794638215
275,12,tank,19.71352246952825
275,13,again.,8.271151572334437
276,1,The,0.0
276,2,water,30.31662839784073
276,3,had,33.283483221679354
276,4,settled,71.4336379389124
276,5,and,146.44091576285396
276,6,looked,165.36334407228705
276,7,"clear,",216.30619300168374
276,8,but,114.56994419688051
276,9,Abby,259.1389066272423
276,10,could,60.63412668392953
276,11,not,73.03675713890306
276,12,see,36.36169283485284
276,13,Mr.,48.790133602277976
276,14,Sticky.,14.35251380973982
277,1,Abby,0.0
277,2,kneeled,18.64523217621726
277,3,down,43.514809545596634
277,4,to,55.00335794040639
277,5,have,62.35032676638152
277,6,another,77.13382816738691
277,7,look,57.31454473023443
277,8,in,55.96337885613465
277,9,the,53.81801945809504
277,10,tank,79.174973302275
277,11,that,180.92301074387294
277,12,her,113.53107757689021
277,13,mom,134.30324121010713
277,14,had,106.0985793708839
277,15,cleared,75.62516212947084
277,16,so,235.69910943356803
277,17,"thoroughly,",355.6949759883121
277,18,but,276.16161182352243
277,19,Mr.,379.34758554606
277,20,Sticky,181.32021204979677
277,21,was,64.81366252283993
277,22,still,168.62254033752447
277,23,nowhere,49.82283951886811
277,24,to,47.090711658168495
277,25,be,28.590486016481155
277,26,found.,11.713370802924361
278,1,Abby,0.0
278,2,was,38.2320102038765
278,3,a,79.33008789474118
278,4,bundle,65.43860134172928
278,5,of,59.01897380411342
278,6,nerves,93.70945981921757
278,7,as,43.90946982935178
278,8,she,65.58747967129253
278,9,descended,25.307574228459895
278,10,the,15.837399046707121
278,11,stairs.,7.478857284802897
279,1,In,0.0
279,2,the,19.62380933204302
279,3,"study,",21.991795800075614
279,4,surrounded,30.0405116277417
279,5,by,51.58022282486968
279,6,books,47.020883294511925
279,7,and,93.86213174209355
279,8,"papers,",86.0479723890149
279,9,her,116.50124306675795
279,10,mom,164.23633694566885
279,11,was,253.31638273145197
279,12,working,185.0494195510923
279,13,and,152.53279235108488
279,14,she,184.91477141002676
279,15,looked,171.6948736689811
279,16,impatient,143.93192157929218
279,17,when,280.25957607615027
279,18,she,261.9443068901733
279,19,saw,288.41374564593264
279,20,Abby,353.5367134199089
279,21,in,533.4586998323655
279,22,the,432.4471170392464
279,23,doorway,278.94442268121054
279,24,and,206.45683889845856
279,25,even,319.656760742429
279,26,more,275.04180165489487
279,27,worried,278.79077140312927
279,28,when,111.46895994240025
279,29,she,45.33000505616189
279,30,heard,48.263678826464
279,31,the,23.51906250067046
279,32,bad,10.722135701416077
279,33,news.,13.337071093296345
280,1,'He'll,0.0
280,2,turn,49.458754224792024
280,3,"up,'",51.32681326812937
280,4,Mom,58.25824930791004
280,5,"said,",66.83081259528397
280,6,and,44.31476852993267
280,7,that,26.733542053994373
280,8,was,18.28646940122008
280,9,that.,12.095483064783172
281,1,"Then,",0.0
281,2,to,21.59122894415924
281,3,add,26.46199706645648
281,4,fuel,34.056366375350784
281,5,to,88.12974808120403
281,6,the,91.32282406847337
281,7,"flames,",122.07154511799483
281,8,she,153.90779364473306
281,9,raised,155.23449326692108
281,10,her,76.49294152627004
281,11,tone,74.72593759677052
281,12,of,135.5155279979475
281,13,voice,190.0138554444422
281,14,and,115.7067485731791
281,15,said,109.58064846932237
281,16,"dismissively,",202.26961500509793
281,17,'For,216.16346287990618
281,18,the,260.23492557586275
281,19,time,311.8854624756418
281,20,"being,",360.9195825923557
281,21,go,349.09222768741563
281,22,to,317.45714657946104
281,23,"bed,",220.80287306095673
281,24,Abby.,111.93709911505701
281,25,I've,159.23565648257153
281,26,got,78.77459741159457
281,27,masses,54.72803244098614
281,28,of,66.50515691053452
281,29,work,181.89712720718111
281,30,to,119.20077982815809
281,31,catch,252.60141184937473
281,32,up,71.28063404652458
281,33,on.',11.269575393173147
282,1,Abby,0.0
282,2,had,38.2320102038765
282,3,a,37.883821352210994
282,4,quick,60.635522151158625
282,5,temper,101.59567457154556
282,6,and,96.64828405070531
282,7,she,111.66018013188304
282,8,was,28.181651248468402
282,9,angry,22.797767437621722
282,10,as,26.603569809487222
282,11,hell.,15.047756755417065
283,1,'You've,0.0
283,2,hoovered,51.14559858856824
283,3,him,37.25918277203438
283,4,"up,",67.24419009489783
283,5,haven't,138.93391157680614
283,6,you?',69.74105382614628
283,7,she,66.18747141777399
283,8,said,42.96896914872584
283,9,accusingly.,1.926972925766787
284,1,Abby's,0.0
284,2,mom,27.97852288349964
284,3,denied,32.40753980844369
284,4,Abby's,66.05174219376511
284,5,version,76.47684205834013
284,6,of,91.36770947655675
284,7,the,104.9216236669409
284,8,story,107.12018452216373
284,9,was,96.45211066413745
284,10,true,109.93662056783532
284,11,and,83.25574565317467
284,12,said,89.79189573631635
284,13,that,104.74580683485976
284,14,she,105.15273980058048
284,15,was,98.76140151722238
284,16,"careful,",118.63146627169513
284,17,but,319.5085721492871
284,18,because,379.0600030365932
284,19,Mr.,262.1661626179772
284,20,Sticky,175.6550684674129
284,21,was,164.63988073528034
284,22,so,184.59959935771727
284,23,small,183.526343903778
284,24,he,93.65618238869835
284,25,was,107.45482812773643
284,26,hard,61.98542109356299
284,27,to,28.91707086907684
284,28,see.,9.17426249776738
285,1,'What's,0.0
285,2,wrong,32.96079698937969
285,3,with,41.43815893640322
285,4,being,10.29139642421064
285,5,small?',30.5876141515426
286,1,'Nothing,0.0
286,2,at,35.34288053133821
286,3,"all,",78.34284143745073
286,4,but,135.15776693590027
286,5,it,40.47905193648164
286,6,makes,118.6150144113136
286,7,things,96.77171634319487
286,8,hard,92.33871939574455
286,9,to,48.248813817755234
286,10,find.',24.322933700665434
287,1,'Or,0.0
287,2,"notice,'",27.632744196703324
287,3,Abby,45.901870953401726
287,4,"said,",99.58363990807312
287,5,suddenly,95.87451071483304
287,6,feeling,138.71591943925392
287,7,like,136.09667319761678
287,8,the,294.3781934088333
287,9,"small,",450.76426049215246
287,10,overlooked,197.6776256003698
287,11,Mr.,114.30100004922704
287,12,Sticky,221.46626199810385
287,13,herself,141.4032917065248
287,14,and,95.90689070542857
287,15,storming,111.43956603282707
287,16,from,35.10624374923148
287,17,the,7.548502063949671
287,18,room.,3.988404424050411
288,1,The,0.0
288,2,door,30.31662839784073
288,3,to,39.3372890423847
288,4,the,36.392802282117295
288,5,bedroom,49.62765976206559
288,6,opened,74.56118096896637
288,7,a,152.82000819354
288,8,few,156.64731423342457
288,9,minutes,129.5142448189024
288,10,later,84.86578785354206
288,11,and,126.87513707483903
288,12,Mom's,68.11131806441122
288,13,face,26.18109321570249
288,14,appeared.,13.378941207302843
289,1,She,0.0
289,2,was,21.689513589474316
289,3,there,21.930954529575786
289,4,to,59.999781402938225
289,5,try,130.81825941349368
289,6,to,156.67633252213935
289,7,make,202.90863718229681
289,8,up,166.00380952789197
289,9,for,132.24312432503706
289,10,having,103.7892521434683
289,11,been,55.57906436072481
289,12,insensitive,66.05160219988731
289,13,earlier.,19.42076272399872
290,1,She,0.0
290,2,had,21.689513589474316
290,3,put,32.15823719740598
290,4,her,45.73196550899604
290,5,work,93.99279762487838
290,6,on,242.11262178406716
290,7,the,95.8898137311068
290,8,back,135.75911872118473
290,9,burner,117.43783788164689
290,10,and,33.51437130632388
290,11,occupied,26.706008588244732
290,12,herself,23.4556059679286
290,13,with,30.53773581032009
290,14,Sticky.,5.976976209940344
291,1,"Abby,",0.0
291,2,who,29.032223437083484
291,3,was,75.5396122835042
291,4,breathing,60.499077307339505
291,5,fire,80.92844374499548
291,6,all,90.69255924785642
291,7,on,117.46591026578193
291,8,account,99.65843034741913
291,9,of,121.67044236413837
291,10,the,97.24227841818589
291,11,little,98.97268736328687
291,12,"snail,",117.44004613888397
291,13,tried,124.68336669661156
291,14,to,102.18937674050233
291,15,ignore,123.64644081484492
291,16,"her,",90.67083749508716
291,17,but,102.2987239978515
291,18,it,89.46895772141582
291,19,was,100.13213402949347
291,20,hard,260.6333233865864
291,21,when,359.88876123478144
291,22,Mom,333.6955881860968
291,23,walked,324.56779155113713
291,24,over,446.01824445720746
291,25,to,257.59213753205796
291,26,the,266.2798079262433
291,27,bed,144.37084078670375
291,28,and,158.5286352244331
291,29,sat,128.12065226518945
291,30,next,19.447684347359964
291,31,to,17.467633144044495
291,32,her.,7.969837566114122
292,1,"Mom,",0.0
292,2,who,29.626204733882588
292,3,Abby,62.36990183170273
292,4,still,72.70471355629718
292,5,strained,81.82176841285794
292,6,to,82.47140535926806
292,7,remain,125.06513636473659
292,8,upset,105.32631260303316
292,9,"with,",177.24442154184248
292,10,had,207.69812011242087
292,11,gone,172.16073752191585
292,12,out,207.39861026215146
292,13,to,133.8381997782088
292,14,find,288.90399044738433
292,15,her,173.11745017937213
292,16,glasses,257.9183873738705
292,17,in,112.73497373415809
292,18,order,231.17065841726185
292,19,to,74.42244230654136
292,20,search,44.187551866700055
292,21,for,31.788872530398532
292,22,Sticky,12.963070077489558
292,23,more,28.15301300916528
292,24,effectively.,18.68388503665964
293,1,'This,0.0
293,2,is,38.88482882932758
293,3,my,72.23913313077102
293,4,new,86.21033777004146
293,5,and,84.48137003955472
293,6,extra,158.53253714531803
293,7,powerful,125.42605434032305
293,8,pair,186.29355425820208
293,9,I,207.199385559392
293,10,have,191.95637747215832
293,11,for,165.97251418887976
293,12,important,167.77117204121853
293,13,occasions,173.00706191103728
293,14,like,195.58731114154799
293,15,snail,120.10412305512584
293,16,"hunting,'",140.0555001535328
293,17,she,26.81744240360767
293,18,said.,1.5338295400770707
294,1,She,0.0
294,2,smiled,26.23985533150423
294,3,at,42.5009773222052
294,4,"Abby,",64.43162572266246
294,5,trying,74.34906651049002
294,6,to,137.32854571370268
294,7,butter,132.64673905749203
294,8,her,161.2895088135926
294,9,"up,",134.35490789411404
294,10,but,169.15286036429754
294,11,Abby,180.33855410425258
294,12,didn't,51.09474553298474
294,13,smile,38.50884589370288
294,14,back.,9.589572629221955
295,1,Abby,0.0
295,2,believed,33.697001059136305
295,3,her,56.55132149809667
295,4,mom's,68.64403806608144
295,5,idea,92.7546092179222
295,6,would,141.05916310727218
295,7,not,227.2916549944672
295,8,"succeed,",256.65623696813486
295,9,but,165.5038360118463
295,10,then,211.4343517076451
295,11,she,131.47233729591437
295,12,had,127.93254634829741
295,13,an,66.72086148534979
295,14,idea,57.79351968055772
295,15,of,55.9728574327119
295,16,her,31.92582786172108
295,17,own.,10.825408077647019
296,1,'I've,0.0
296,2,got,57.78575793154163
296,3,a,63.7784755146605
296,4,magnifying,74.17016534154831
296,5,"glass,'",104.59226450778776
296,6,Abby,114.15655818412544
296,7,suddenly,112.03891241441117
296,8,remembered,151.67332315597537
296,9,and,153.5113014017809
296,10,rushed,109.06864992632835
296,11,off,57.580333017742404
296,12,to,35.319131944217915
296,13,find,23.250212043253274
296,14,it.,2.5075197406901304
297,1,On,0.0
297,2,the,13.228543652869824
297,3,floor,16.034787318720685
297,4,beside,16.586666918623276
297,5,each,18.736262249353643
297,6,other,35.18465270892611
297,7,they,32.129875882417494
297,8,"sat,",50.836409898673594
297,9,shuffling,38.41253523300766
297,10,around,43.96555681145116
297,11,the,44.459023191918796
297,12,"tank,",38.981467858647875
297,13,looking,49.07290590211046
297,14,all,57.68760175726675
297,15,over,70.25654112320437
297,16,the,87.41789211127801
297,17,place,102.96887920543581
297,18,and,62.86126907792526
297,19,peering,54.28701588902394
297,20,into,170.19777458222276
297,21,the,138.74117620942036
297,22,corners,159.15035489356143
297,23,among,137.02276599941996
297,24,the,72.32984755124959
297,25,big,120.0437406343385
297,26,pebbles,42.016576512727674
297,27,and,88.02923945298824
297,28,the,22.818059082093892
297,29,pond,15.419940367885168
297,30,weed.,9.932609701972943
298,1,Abby,0.0
298,2,tried,33.697001059136305
298,3,to,58.58101671602091
298,4,"imagine,",73.98799306258718
298,5,if,103.51817644284004
298,6,she,107.44925956597764
298,7,were,134.96561209595245
298,8,"Sticky,",223.8510608881455
298,9,a,301.87051165235863
298,10,little,187.18303803752283
298,11,water,189.46441885809512
298,12,"snail,",128.9463544081264
298,13,where,88.2931605356047
298,14,would,46.781576110912965
298,15,she,67.4344639928399
298,16,hide,25.38712562053408
298,17,out?,14.930527535194269
299,1,At,0.0
299,2,one,15.318142491881398
299,3,point,37.863002852324044
299,4,she,47.298352880142644
299,5,thought,49.280300210742546
299,6,she,117.60177931168595
299,7,saw,109.30669283321407
299,8,"him,",123.71963147157261
299,9,but,102.95882540063602
299,10,it,81.66858441163902
299,11,wasn't,103.70929990283062
299,12,the,28.924921537154272
299,13,water,24.481581596076726
299,14,snail.,14.0701186604708
300,1,It,0.0
300,2,was,28.241554525590427
300,3,a,57.498585428714534
300,4,large,58.05590002434969
300,5,speck,52.3896405970292
300,6,of,152.64243541859355
300,7,dust,224.780667016034
300,8,that,231.45241338059543
300,9,was,274.1833961724809
300,10,deceptively,262.2245935516252
300,11,bobbing,107.33450379822412
300,12,around,109.39519390146951
300,13,in,51.273633781729814
300,14,the,119.73829312604374
300,15,water,81.43326429108609
300,16,like,72.83887171879041
300,17,a,63.74334440359045
300,18,live,8.864242982527859
300,19,animal.,2.85407568359461
301,1,They,0.0
301,2,were,25.268224898912123
301,3,ready,18.97508182989066
301,4,to,56.330672916519205
301,5,call,56.45293503905228
301,6,it,60.71693805014648
301,7,"quits,",74.78665228803932
301,8,when,104.83337180154655
301,9,suddenly,63.051278176329575
301,10,Mom,157.54086385459436
301,11,"cried,",83.10729728023857
301,12,'Ah,48.806927552275454
301,13,ha!',24.80596415641173
302,1,Tucked,0.0
302,2,in,19.175113475247986
302,3,a,23.386999207790023
302,4,curve,29.13352190637228
302,5,of,34.82353488949934
302,6,the,55.283962425797036
302,7,"archway,",92.44908135073382
302,8,perfectly,118.85077717221417
302,9,hidden,249.6936473030463
302,10,against,180.76564937005588
302,11,a,52.649606218411726
302,12,pitch,243.31837839065423
302,13,dark,111.92825533719302
302,14,"stone,",124.49100040399452
302,15,sat,126.25830401326316
302,16,Mr.,208.52469341197792
302,17,"Sticky,",225.2825970067159
302,18,safe,50.54823594355775
302,19,and,29.241545034358488
302,20,sound.,27.53178639128757
303,1,"'You,",0.0
303,2,I,42.97648871392276
303,3,can,52.93252034481213
303,4,always,57.104335151599045
303,5,count,80.33233949435412
303,6,"on,'",127.64373209908518
303,7,Abby,115.73462833674516
303,8,said,71.58370828022878
303,9,to,66.85802360431217
303,10,her,94.90789258761333
303,11,"mom,",89.98606913663734
303,12,with,39.01816619924514
303,13,relief.,10.585894773932685
304,1,Then,0.0
304,2,she,22.428408843751633
304,3,noticed,46.633317295104874
304,4,another,33.848005266246865
304,5,water,54.66242022126656
304,6,snail,57.005767078875344
304,7,was,90.78746409011674
304,8,right,206.69177394985618
304,9,next,239.3817285330735
304,10,to,251.67548181302723
304,11,Sticky,114.42252900971948
304,12,and,195.02369699339437
304,13,asked,160.22761913410528
304,14,where,191.3149496016392
304,15,this,133.69386781002112
304,16,new,237.85914548706697
304,17,addition,163.41583282786942
304,18,to,89.42239131190725
304,19,the,137.73747084045968
304,20,family,193.88988434129885
304,21,could,152.7379337622331
304,22,have,24.410760527061544
304,23,come,23.84491772694697
304,24,from.,12.244123393540224
305,1,'I'm,0.0
305,2,beginning,52.297838321790444
305,3,to,89.83037719841221
305,4,suspect,107.17779939813337
305,5,the,122.99742128615141
305,6,pond,130.07908967490556
305,7,weed,176.6003203729983
305,8,is,223.71500885270095
305,9,"guilty,",199.9775863946454
305,10,don't,139.3959713454865
305,11,you,109.98489902163757
305,12,think?',56.21210536828764
305,13,replied,43.107063402906974
305,14,Mom.,11.08666688201235
306,1,They,0.0
306,2,both,20.429761309822347
306,3,laughed,26.7372745612193
306,4,and,50.69112445866952
306,5,climbed,48.26384112434184
306,6,into,46.906038439745274
306,7,Abby's,66.16814349152207
306,8,bed,64.91737042607166
306,9,together,122.37972908524314
306,10,"and,",180.18552574733272
306,11,though,162.933670867043
306,12,it,150.27045155780695
306,13,was,242.1002913159309
306,14,"cozy,",274.57006631425963
306,15,it,308.09295162171446
306,16,was,133.9701467597599
306,17,a,92.96288240089585
306,18,bit,59.36709596413159
306,19,of,28.384617863754027
306,20,a,28.54182450155543
306,21,squeeze.,7.572232338948493
307,1,'Budge,0.0
307,2,"up,'",16.80936966098264
307,3,Mom,40.11936122909172
307,4,"said,",58.99738189824555
307,5,giving,66.87381100972209
307,6,Abby,135.23975450521957
307,7,a,48.8233023644294
307,8,push,40.15386726921722
307,9,with,45.25401901492491
307,10,her,14.632105616271103
307,11,bottom.,2.9857426565640877
308,1,'I,0.0
308,2,can't,36.83011770293943
308,3,because,47.24842769245838
308,4,I'm,38.70508907298026
308,5,already,117.62815250723047
308,6,on,33.32157608897558
308,7,the,34.755016141482336
308,8,edge.',15.444796965326177
309,1,'Good,0.0
309,2,"heavens,",42.268349461064545
309,3,you've,43.53289386530015
309,4,grown,37.784495437936265
309,5,then.,12.578721674625205
310,1,When,0.0
310,2,did,20.058948828366443
310,3,that,19.771836175501846
310,4,happen?,6.052391951332604
311,1,You,0.0
311,2,could've,24.485370879074274
311,3,put,65.86634764785742
311,4,an,67.66530406207809
311,5,elephant,85.53469567095968
311,6,in,65.99174019860149
311,7,here,72.5736810065007
311,8,last,57.98483447124739
311,9,time,81.84723113224878
311,10,we,40.17891305966671
311,11,did,20.601406777949226
311,12,this.,6.143271164781047
312,1,Before,0.0
312,2,I,24.806441850317032
312,3,know,71.09198683573679
312,4,"it,",111.98156651930748
312,5,you'll,83.61853548793313
312,6,be,98.00745468530687
312,7,all,53.74327803380452
312,8,grown,32.27785525866469
312,9,up.',18.812676182082352
313,1,On,0.0
313,2,her,27.058531273724995
313,3,mom's,52.868780822679966
313,4,chest,78.18083378033796
313,5,Abby,68.1093728976343
313,6,then,79.43986476475222
313,7,put,77.20783574170619
313,8,her,59.183716931279484
313,9,head,17.423065458037136
313,10,and,13.4221162855446
313,11,smiled.,19.015164514959544
314,1,The,0.0
314,2,text,45.18157321505811
314,3,message,28.10085895857258
314,4,said,47.72374439981517
314,5,that,58.779301705576074
314,6,Lucy,33.64370741925224
314,7,Josephs,62.537794907110666
314,8,was,30.60564476966339
314,9,a,8.512286528427733
314,10,failure.,10.712964930788214
315,1,It,0.0
315,2,said,28.414648872308412
315,3,she,42.912864764131974
315,4,was,39.79249203475778
315,5,"ugly,",35.331686524558855
315,6,had,102.55872788537384
315,7,no,88.96036099525588
315,8,style,93.09719865844092
315,9,and,59.47898285166486
315,10,the,35.20254088241632
315,11,world,68.26321460350579
315,12,hated,14.356938862212063
315,13,her.,6.581689298052085
316,1,At,0.0
316,2,least,14.08004351590366
316,3,that,40.82388781438593
316,4,was,51.89193381232189
316,5,what,30.654180810480977
316,6,it,62.201507125897884
316,7,said,14.079192373764538
316,8,to,20.83417991068528
316,9,Lucy.,1.8068438133583935
317,1,It,0.0
317,2,said,28.414648872308412
317,3,that,42.912864764131974
317,4,and,49.26568512507223
317,5,a,66.94587036457241
317,6,whole,188.23813457428372
317,7,lot,206.2773356612518
317,8,more,120.35921911673618
317,9,that,58.482719859937625
317,10,she,104.82193237552441
317,11,was,28.656067368673945
317,12,struggling,59.94696961544621
317,13,to,24.10244424066123
317,14,understand.,7.171921449648407
318,1,The,0.0
318,2,actual,17.11289565011498
318,3,text,26.46929257050608
318,4,of,30.38476448445956
318,5,the,51.247204562836785
318,6,note,53.57830006432871
318,7,said,52.608099839461175
318,8,that,55.352470338907025
318,9,Lucy,114.20125991473772
318,10,better,176.09048949933577
318,11,not,104.7185864527771
318,12,show,122.08206082519919
318,13,up,144.55420657689174
318,14,at,200.5021534297645
318,15,the,183.04389391500706
318,16,party,211.94464573058644
318,17,"tonight,",182.2212300390781
318,18,because,157.7949733807237
318,19,it,112.51796067233938
318,20,was,59.68623409222926
318,21,going,93.69323869506
318,22,to,75.91541597021103
318,23,be,31.368246461875398
318,24,bad,35.67248937302281
318,25,enough,15.093964407100524
318,26,already!,5.791899912553614
319,1,"Lucy,",0.0
319,2,who,20.79109135584028
319,3,had,73.93174235300418
319,4,started,70.22338501790115
319,5,receiving,86.75363990721492
319,6,these,68.05432125109311
319,7,messages,108.53764489265689
319,8,a,177.47833445735037
319,9,few,309.244404018361
319,10,weeks,246.28675078940407
319,11,"ago,",256.3268282779783
319,12,tapped,170.55774845904733
319,13,the,132.7909789289702
319,14,mobile,284.8216650931474
319,15,screen,128.26801587905305
319,16,to,77.30117966942728
319,17,make,129.59977114624152
319,18,the,142.60427089304488
319,19,message,70.13929826596662
319,20,disappear,19.761892434224137
319,21,from,12.975040041773706
319,22,view.,12.1173951871893
320,1,She,0.0
320,2,only,28.844930202710263
320,3,wished,57.06242091579196
320,4,it,83.49686567364962
320,5,was,75.58490976201904
320,6,as,93.44199222861309
320,7,easy,185.53654303941346
320,8,to,184.06905497957612
320,9,tap,270.84073311514413
320,10,her,268.041928730839
320,11,heart,257.71156998104067
320,12,and,167.3414852548407
320,13,erase,254.49908695550005
320,14,the,130.71663396218992
320,15,trace,66.95726918119111
320,16,the,75.78574151366385
320,17,message,69.59216098554687
320,18,had,71.53039147643142
320,19,left,18.461151975472035
320,20,there.,15.11663358347917
321,1,'Was,0.0
321,2,that,38.68373570704913
321,3,another,81.17248024726376
321,4,one,140.7435350429639
321,5,of,173.18580021240862
321,6,those,219.41999530586438
321,7,messages?',139.37488644447336
321,8,her,89.04221153739812
321,9,mom,83.03552926399882
321,10,"asked,",86.95728215634446
321,11,who,78.87129214179592
321,12,was,64.12664552347682
321,13,driving,89.463163212075
321,14,the,17.270532820954138
321,15,car.,19.917093703930938
322,1,Lucy,0.0
322,2,confirmed,12.987634483124824
322,3,her,50.164143131097646
322,4,mother's,55.826907183022
322,5,suspicion,52.20912554289178
322,6,was,80.32614811892306
322,7,founded,162.81596181320887
322,8,as,148.87417858998683
322,9,she,102.01866934099566
322,10,answered,161.42418842748327
322,11,"dejectedly,",219.5258231102463
322,12,'I'm,148.58522916241103
322,13,sorry,113.38928768963939
322,14,to,66.90849156924256
322,15,say,72.78189784365837
322,16,it,31.563200991273227
322,17,was.',22.335000750378395
323,1,'Haven't,0.0
323,2,you,42.91268452631387
323,3,reported,45.32739455300227
323,4,it,47.81211183755089
323,5,yet?',57.814135756864594
323,6,asked,94.61906488075866
323,7,"Jill,",131.4559009139714
323,8,Lucy's,193.1870509252024
323,9,older,169.62554814485324
323,10,sister,164.15905757339956
323,11,who,68.78159802391092
323,12,was,183.0344334933484
323,13,sitting,65.63874606567956
323,14,in,108.33108274357883
323,15,the,30.613792646602956
323,16,passenger,14.789234504478168
323,17,seat.,4.584803208585467
324,1,"'Yes,'",0.0
324,2,Lucy,50.93409019695354
324,3,"replied,",63.241017347963364
324,4,lying,28.65432458248143
324,5,through,86.14245191817965
324,6,her,22.523424528830436
324,7,teeth.,16.482475081404797
325,1,That,0.0
325,2,Lucy,24.850095174689635
325,3,should,91.73943690571525
325,4,not,75.67861554123755
325,5,let,84.74933689579467
325,6,the,76.76608798400602
325,7,messages,72.0932381842523
325,8,get,100.9723991258597
325,9,to,66.85639295080802
325,10,her,84.81481481856176
325,11,and,71.50264838532821
325,12,that,69.31574950167774
325,13,the,60.469151810141426
325,14,sender,88.97655522562641
325,15,was,67.14811955422995
325,16,only,50.72903683017367
325,17,jealous,64.67087457189602
325,18,were,57.44170870228239
325,19,Lucy's,72.04704029056886
325,20,mom's,81.60307733781259
325,21,"arguments,",93.29626831884063
325,22,in,62.68930961247357
325,23,an,108.35779967869784
325,24,effort,134.29683237336297
325,25,to,45.02030660431562
325,26,comfort,19.006678286339465
325,27,her,15.156329837566036
325,28,daughter.,12.201056924688565
326,1,Lucy's,0.0
326,2,mom,27.827750509002442
326,3,suddenly,30.33943604906755
326,4,felt,90.86296653763733
326,5,"guilty,",92.25812970141143
326,6,for,128.90340045120354
326,7,she,186.69753049818917
326,8,had,236.69014226089985
326,9,been,217.6167310702049
326,10,the,323.50866984642414
326,11,one,371.17074745901533
326,12,to,375.14081010600563
326,13,buy,242.71023397859128
326,14,the,336.8486527536082
326,15,phone,390.6974651893923
326,16,for,175.4580260525102
326,17,Lucy,74.86428474069083
326,18,just,79.00165039061402
326,19,a,92.69397046774267
326,20,couple,102.36105474559696
326,21,of,24.63238296577397
326,22,months,27.381842533973558
326,23,ago.,1.81490962786916
327,1,She,0.0
327,2,then,12.679941010396776
327,3,admitted,47.569365205164075
327,4,her,53.430206491601346
327,5,regret,58.737786469519
327,6,about,74.28027964152032
327,7,the,67.6496398822375
327,8,phone,70.71580643178216
327,9,was,70.37200313771365
327,10,still,76.07533445732352
327,11,bugging,106.8777584654381
327,12,her,88.91666587909911
327,13,out,134.72630167692986
327,14,loud,130.24722765360835
327,15,as,168.5180665525528
327,16,she,148.4872575255205
327,17,"sighed,",146.88224431284266
327,18,'I,217.3468180582878
327,19,never,264.5686106256244
327,20,should,272.5114516976449
327,21,have,101.29765067287747
327,22,given,101.55197981010302
327,23,you,71.04132385322924
327,24,that,38.23093342049945
327,25,phone,34.37878396537534
327,26,Lucy.',14.402634808405589
328,1,"'No,",0.0
328,2,it's,30.98872283880052
328,3,fine.,50.7080031799905
328,4,I,58.395506597771835
328,5,love,50.98875109891196
328,6,"it,'",61.89589425628431
328,7,said,141.6130215395556
328,8,Lucy,152.41947091863958
328,9,knowing,219.238493071311
328,10,that,169.1251859480166
328,11,affording,181.3105351234785
328,12,the,169.78866973359564
328,13,phone,269.81727674261043
328,14,had,275.9735198157273
328,15,been,195.0276840671893
328,16,no,145.6704561886985
328,17,small,107.0768501718639
328,18,thing,80.14095329861759
328,19,for,40.698969720779914
328,20,her,7.761554073754663
328,21,mother.,4.74857105488909
329,1,It,0.0
329,2,had,28.554972956800395
329,3,been,63.12036807873009
329,4,nothing,14.331996379591166
329,5,but,27.516792461595717
329,6,trouble,20.81660178966782
329,7,though.,11.642331691073442
330,1,Lucy,0.0
330,2,did,10.074363949850225
330,3,not,20.520323246183082
330,4,know,30.307639896576035
330,5,who,34.445465428107624
330,6,it,41.81119549750008
330,7,was,55.77578155643471
330,8,that,59.4798874804084
330,9,was,76.78087092474358
330,10,sending,62.22198591705371
330,11,her,60.893499567105856
330,12,the,61.188968169045275
330,13,"messages,",74.70481193586915
330,14,and,112.74212058070385
330,15,she,106.88985675699571
330,16,did,76.43937770164146
330,17,not,98.73676207878123
330,18,know,72.42822014419275
330,19,how,76.32499857589335
330,20,they,98.31566582581401
330,21,had,129.56181934771465
330,22,got,187.38156810235546
330,23,her,196.506449889357
330,24,"number,",287.6463611215746
330,25,but,175.27196215012538
330,26,whoever,131.9110313296658
330,27,it,494.66661092768913
330,28,"was,",265.0158582165165
330,29,he,422.5559999159599
330,30,or,497.42652728291176
330,31,she,586.3850598016194
330,32,had,671.6002085900903
330,33,slowly,539.8440011807129
330,34,taken,280.0920257621655
330,35,over,185.7958995412423
330,36,Lucy's,72.88834946136171
330,37,life.,10.491715240286473
331,1,She,0.0
331,2,was,20.76101090227377
331,3,getting,29.367033758338373
331,4,several,120.55109328099778
331,5,texts,124.56041199994347
331,6,a,104.20781861763267
331,7,day,154.68353790178423
331,8,"now,",287.29313145841235
331,9,all,227.63462486060962
331,10,of,148.6032886306215
331,11,which,154.9910150203375
331,12,were,88.38166371064763
331,13,abusive,42.61961508235399
331,14,and,36.295712142303785
331,15,hurtful.,8.673058721295737
332,1,Lucy,0.0
332,2,wondered,16.14779780653324
332,3,what,66.61573762745569
332,4,the,61.78490972409892
332,5,person,117.3929139494497
332,6,who,139.4679245870412
332,7,was,160.39910200338466
332,8,messaging,139.69672067472064
332,9,her,121.88812149326603
332,10,might,221.47138716709088
332,11,be,257.24654609137275
332,12,thinking,222.36236719547412
332,13,or,269.76380596059596
332,14,trying,301.7023600870264
332,15,to,92.51222525395038
332,16,achieve,196.60714289372342
332,17,with,159.51146222204648
332,18,all,83.43119521630489
332,19,of,69.75475987601763
332,20,their,44.70509665670391
332,21,hateful,45.899626149851336
332,22,messages.,13.755033260545055
333,1,As,0.0
333,2,the,25.744014214593477
333,3,car,61.704950862129174
333,4,pulled,50.41926769883236
333,5,up,37.95099536788089
333,6,outside,35.90572161747619
333,7,the,33.07653133841661
333,8,"school,",45.98304848443548
333,9,which,45.129435986518445
333,10,looked,53.22965631855167
333,11,like,71.08581609822383
333,12,a,118.47229632832159
333,13,large,155.68642652513597
333,14,shadow,138.35303449808953
333,15,in,212.63688879900806
333,16,the,260.52871158553745
333,17,darkness,229.7530301057101
333,18,of,99.83589640713072
333,19,a,86.91110103096948
333,20,November,80.17561340295151
333,21,"evening,",88.72068466164576
333,22,Lucy,37.02808355718809
333,23,felt,28.99935272624046
333,24,a,83.89769824276158
333,25,shiver,42.759298386361145
333,26,run,45.81602641516283
333,27,down,35.08686762887251
333,28,her,1.9540095025879942
333,29,spine.,0.2799863905763371
334,1,Hastened,0.0
334,2,by,36.97492709496592
334,3,"Jill,",42.056983471084756
334,4,who,41.03851321956486
334,5,did,59.93806370884959
334,6,not,47.903738002555166
334,7,want,50.16832712502784
334,8,to,57.071513294577784
334,9,be,105.05984268378633
334,10,late,80.12948354990432
334,11,to,77.74459875452854
334,12,her,237.08977353119553
334,13,own,132.9332652495172
334,14,"concert,",143.17717760778993
334,15,Lucy,103.86104002370423
334,16,hesitantly,146.48501985375447
334,17,stepped,153.96819945516089
334,18,out,157.62345835068857
334,19,of,65.02752650707893
334,20,the,174.37811280619079
334,21,car,78.76300621088305
334,22,and,33.63789047154994
334,23,walked,49.61706752258161
334,24,toward,14.28075422669623
334,25,the,3.86037444075391
334,26,school.,3.837482256359249
335,1,It,0.0
335,2,was,20.148686623864243
335,3,Jill,22.50754769244206
335,4,who,60.94839230167764
335,5,in,74.29027664904967
335,6,her,107.41555646985336
335,7,final,135.2115156418785
335,8,year,122.91785316876442
335,9,of,113.68186336603418
335,10,high,161.61173172463083
335,11,school,132.3692251003374
335,12,had,116.59757261329801
335,13,become,72.35799085673027
335,14,involved,100.55091969554636
335,15,in,117.73543941242231
335,16,helping,176.55154815700544
335,17,organize,147.61753266097475
335,18,this,169.5219867278444
335,19,year's,134.50808578994886
335,20,school,100.50387624915994
335,21,talent,120.33800075718598
335,22,"show,",174.018779908706
335,23,and,80.22719663237709
335,24,she,37.24323219808445
335,25,took,76.77607640315175
335,26,her,57.03738772307165
335,27,position,49.45772628986227
335,28,very,12.234414429737624
335,29,seriously.,14.899879327302623
336,1,Lucy,0.0
336,2,hurried,11.609717739579242
336,3,behind,38.76583059354259
336,4,"Jill,",28.453563730684444
336,5,pulling,62.72539272275856
336,6,on,101.18379813650844
336,7,the,88.86275877709943
336,8,"worn,",114.09674055436355
336,9,oversized,103.88407297220368
336,10,coat,115.34332240261244
336,11,that,212.487663580438
336,12,had,350.70213458043247
336,13,originally,333.98922826849224
336,14,belonged,221.88425800581527
336,15,to,226.44042686402173
336,16,"Jill,",357.2611473492492
336,17,in,228.56759840880198
336,18,order,340.2090193610595
336,19,to,494.4501611305498
336,20,keep,764.3055423492854
336,21,her,262.89337698259055
336,22,dry,180.18470910921292
336,23,as,84.19915085205078
336,24,the,74.04194971708814
336,25,raindrops,249.5415708486011
336,26,fell,109.3950882772496
336,27,all,29.326617029216933
336,28,around,34.812420228024436
336,29,them.,16.915048412334215
337,1,As,0.0
337,2,the,26.81437094394808
337,3,sisters,61.59948009373045
337,4,entered,72.99546880170705
337,5,the,80.27240422845904
337,6,hall,72.0392198094775
337,7,where,47.40848093872674
337,8,the,45.085933318948
337,9,show,74.04008523167231
337,10,was,74.44003157418437
337,11,to,66.39104814151355
337,12,take,100.46754749390493
337,13,"place,",125.35683011947222
337,14,Jill,210.77179060898794
337,15,filled,199.87157370891381
337,16,with,197.04295974371726
337,17,excitement,292.9796662644083
337,18,while,216.26333079750512
337,19,Lucy,163.60257984534348
337,20,regretted,324.007610778634
337,21,that,300.2947243974465
337,22,she,659.7062568217589
337,23,had,347.1438695144338
337,24,promised,240.3854488645248
337,25,her,127.73544485735417
337,26,mother,171.37604545899475
337,27,she,45.63192995130819
337,28,would,231.58077065426642
337,29,participate,62.9890843912677
337,30,in,21.039161091778293
337,31,the,7.134877831709909
337,32,show.,6.120743009546937
338,1,'To,0.0
338,2,waste,24.32329993234599
338,3,your,34.82965747187005
338,4,talent,80.81427615790791
338,5,would,82.2095370078277
338,6,be,108.8019182494869
338,7,a,91.53963365331826
338,8,real,100.47807008041532
338,9,"shame,",119.16015469905948
338,10,for,148.65140739853243
338,11,you,118.35071456915534
338,12,have,208.09041597869194
338,13,such,163.7810410826643
338,14,a,115.94500370665598
338,15,beautiful,209.75393605535814
338,16,"voice,'",162.3766507057061
338,17,her,281.293225688418
338,18,mother,226.33088647015563
338,19,had,77.62484521393662
338,20,argued,69.400214448836
338,21,two,132.0655181424607
338,22,months,241.02264339284187
338,23,"back,",63.66296907488273
338,24,when,42.576802237196155
338,25,the,206.01954709300415
338,26,concert,59.760681705658605
338,27,was,13.445914333800392
338,28,first,8.956688205501566
338,29,announced.,7.411892890371747
339,1,Lucy,0.0
339,2,had,24.560396590686665
339,3,been,37.96428928282728
339,4,considering,55.04650976336907
339,5,"it,",79.35994683465339
339,6,for,114.62680346707359
339,7,she,83.17682384658963
339,8,did,48.09787438361055
339,9,love,25.838576402919784
339,10,to,21.18525051439756
339,11,sing.,20.22489582871409
340,1,That,0.0
340,2,very,57.89432438765589
340,3,"night,",100.46919371183898
340,4,the,41.94818552632244
340,5,first,114.82640068425484
340,6,text,67.37136352599158
340,7,message,43.55147581680396
340,8,had,28.2924314867624
340,9,come,20.279455954213564
340,10,through.,19.41347105126575
341,1,'How,0.0
341,2,does,59.842852049540134
341,3,it,61.21660268535121
341,4,feel,69.1236963034766
341,5,to,61.054213914684134
341,6,be,102.52481565834611
341,7,tall,98.98197649022528
341,8,and,280.5752070641636
341,9,lanky,351.8029941527441
341,10,like,153.23553341249783
341,11,a,635.0549034225451
341,12,giraffe?',351.2109177357859
341,13,it,184.42414282928968
341,14,had,176.5578756997003
341,15,"asked,",166.41122619481823
341,16,taking,108.74460291355048
341,17,Lucy,39.4818761978923
341,18,by,64.9832393154538
341,19,surprise.,13.242230759713989
342,1,One,0.0
342,2,of,21.09382209719503
342,3,the,38.00851806114967
342,4,popular,24.72445565685892
342,5,"girls,",25.183629040709818
342,6,Lucy,54.77694450037201
342,7,had,53.84026610191475
342,8,always,71.3432043016092
342,9,known,100.65943885643162
342,10,she,109.62537255767924
342,11,"wasn't,",105.41556781521264
342,12,but,77.86525662289436
342,13,before,151.7406220310498
342,14,the,92.60606866228524
342,15,messages,80.24732382650106
342,16,"began,",150.6733879906869
342,17,Lucy,185.68990306487555
342,18,had,247.13097905397677
342,19,always,264.2097711463649
342,20,been,206.82517661406203
342,21,quite,120.31243527816125
342,22,proud,152.18674711267758
342,23,of,35.183712716249985
342,24,being,44.0447554563595
342,25,a,19.378108129080157
342,26,little,25.777591778162392
342,27,different.,4.5864960370089936
343,1,But,0.0
343,2,text,12.91613647964693
343,3,by,37.64832860407226
343,4,"text,",36.0928328942048
343,5,Lucy's,52.88573418447142
343,6,self-confidence,108.71091603753996
343,7,had,139.6207304844022
343,8,deflated,143.56640736736142
343,9,"and,",136.1312822983458
343,10,in,104.74847669353176
343,11,the,104.60583669066325
343,12,"end,",111.58881902659523
343,13,it,135.14409775480968
343,14,had,162.88062969769038
343,15,taken,257.884603101935
343,16,some,245.64848086432008
343,17,doing,219.98241228278533
343,18,to,177.34773753960854
343,19,get,185.17139188285867
343,20,her,358.1233758340092
343,21,to,194.1187528336743
343,22,agree,104.76928332661579
343,23,to,64.97321284884151
343,24,perform,27.212613190989615
343,25,in,37.35047744047912
343,26,the,8.507351134234236
343,27,show.,5.83377818719148
344,1,"Now,",0.0
344,2,"however,",51.22617452428928
344,3,Lucy,65.79238960454158
344,4,had,85.46141661514946
344,5,no,100.98112552556447
344,6,choice,92.72310474800655
344,7,but,315.6823640466456
344,8,to,273.4613992455468
344,9,make,300.74848583124003
344,10,her,284.4890712842968
344,11,way,223.77935375376416
344,12,towards,215.28203356407332
344,13,the,443.28230987876907
344,14,stage,192.3237399816379
344,15,where,188.04149855438502
344,16,Jill,116.56468458595184
344,17,was,124.51978986979233
344,18,beckoning,185.62120321912718
344,19,encouragingly,36.82024823129461
344,20,to,31.800094949249257
344,21,her.,7.937373164115811
345,1,She,0.0
345,2,was,22.703853505651093
345,3,the,29.84435853512663
345,4,first,24.16096671207514
345,5,performer.,9.367975566369115
346,1,"Lucy,",0.0
346,2,announced,25.441077094057693
346,3,by,51.594899824294316
346,4,her,38.8520434326283
346,5,sister,57.54913044187251
346,6,to,43.8530842853705
346,7,the,92.69775381733876
346,8,"audience,",85.65986223650052
346,9,was,79.01347350993024
346,10,all,88.62380161044172
346,11,nerves,74.55009101169078
346,12,as,103.23772983752289
346,13,she,94.6671691161356
346,14,walked,152.66809402622374
346,15,out,172.80151598594534
346,16,onto,203.468269416135
346,17,the,396.27595619455
346,18,middle,209.73522262311775
346,19,of,416.4845601981136
346,20,the,165.43875902363402
346,21,"stage,",406.5468392160963
346,22,where,73.4268314730262
346,23,there,89.51800953820334
346,24,was,96.285082833446
346,25,nothing,102.49074887265984
346,26,but,127.72523886940617
346,27,a,98.6378780846768
346,28,microphone,53.080067950552646
346,29,and,22.113470334476713
346,30,her.,11.54766229843661
347,1,She,0.0
347,2,heard,19.928592858318467
347,3,the,30.94921085666069
347,4,audience,69.50422511677564
347,5,applaud,60.746463343716
347,6,and,80.0134685251812
347,7,could,79.74200285389209
347,8,feel,132.67837492215295
347,9,a,208.08332685382337
347,10,sense,230.03466683097122
347,11,of,295.90871379814246
347,12,anticipation,279.43842788332336
347,13,emanate,230.45617704617908
347,14,from,140.70393909029482
347,15,the,47.51152400002589
347,16,other,230.68811284913266
347,17,side,112.21567699988556
347,18,of,87.78786617731097
347,19,the,14.786077255035316
347,20,heavy,22.356656679475282
347,21,curtain.,3.7598431350132615
348,1,As,0.0
348,2,the,26.53031339089341
348,3,curtains,75.65116160671502
348,4,began,76.37435966048278
348,5,to,42.760327159706314
348,6,"part,",55.18679738753907
348,7,she,55.62803194900907
348,8,cast,57.938795661516
348,9,a,67.19802444796142
348,10,worried,107.92037026562492
348,11,look,305.405205034204
348,12,at,270.88651592869974
348,13,Jill,175.42373434576336
348,14,in,296.6522032249723
348,15,the,243.5209030535228
348,16,"wings,",181.00124075024488
348,17,who,233.33250248137364
348,18,assured,184.10087654250432
348,19,her,57.501621997393826
348,20,with,84.21838997076136
348,21,a,136.66589655992829
348,22,positive,37.25645079537868
348,23,thumbs,18.509786857943748
348,24,up.,14.519143581883199
349,1,Lucy,0.0
349,2,thought,11.142429182364731
349,3,to,56.360910562228604
349,4,herself,76.99794261114839
349,5,that,71.27933235283587
349,6,she,68.64736627434092
349,7,could,61.14576853490565
349,8,not,55.93508977385953
349,9,go,68.3331794246469
349,10,through,55.94617749536066
349,11,with,58.548991138673145
349,12,this,125.83363464874162
349,13,and,119.047023479426
349,14,that,185.73043834378802
349,15,"she,",115.90654494627005
349,16,unlike,163.44275034850392
349,17,her,563.0622166149462
349,18,older,333.0468716908341
349,19,"sister,",272.19206959603355
349,20,was,534.6987862398565
349,21,not,304.02714520109294
349,22,confident,587.261097418352
349,23,enough,188.46250498941285
349,24,to,177.66605988412522
349,25,put,54.638720195060074
349,26,herself,149.9620026620339
349,27,before,53.885025559578665
349,28,the,21.550706601566798
349,29,judging,36.35755847941525
349,30,audience.,17.94575124984492
350,1,The,0.0
350,2,crowd,16.491775491009722
350,3,looked,65.89995718541962
350,4,up,44.27795607347211
350,5,at,43.11447245850181
350,6,her,57.963995591416314
350,7,and,55.55880136480015
350,8,Lucy,73.84431394054216
350,9,was,67.9600358903412
350,10,ready,41.90957284146397
350,11,to,79.43397504689077
350,12,run,75.88611123364232
350,13,when,125.17511445444913
350,14,the,152.14664176889443
350,15,first,236.0395614737018
350,16,notes,299.59350263077124
350,17,of,279.7294933854354
350,18,the,509.961372722151
350,19,music,397.7380572418144
350,20,sounded,134.4112363183574
350,21,out,261.0321664173976
350,22,and,176.61207828939203
350,23,a,140.73226095676276
350,24,sudden,49.33839856219051
350,25,calm,19.560704990210606
350,26,settled,12.732265213637445
350,27,over,7.673987115663283
350,28,her.,0.52634979888032
351,1,She,0.0
351,2,closed,14.850291895363869
351,3,her,38.05184943399986
351,4,eyes,30.23684495817487
351,5,and,26.54237694195553
351,6,shut,35.00717142874991
351,7,everything,34.60044277841842
351,8,"out,",48.6490365148894
351,9,including,98.49535364340076
351,10,the,62.125076616997575
351,11,"audience,",45.058682151970835
351,12,the,88.68385451246999
351,13,nerves,64.02298668904518
351,14,that,66.13035959105812
351,15,threatened,154.95127000170575
351,16,to,93.81944685202797
351,17,take,97.81113528546841
351,18,"over,",128.57622766449515
351,19,the,165.0102802004002
351,20,text,129.0101522323772
351,21,"messages,",457.25746427159925
351,22,and,128.36452813566183
351,23,the,224.48932995331626
351,24,way,122.5968467985049
351,25,they,136.0007265274532
351,26,made,32.2885429297093
351,27,her,23.508934483341392
351,28,feel.,8.066533684300696
352,1,It,0.0
352,2,was,25.969198666604793
352,3,just,44.0974028391862
352,4,her,58.10079781518394
352,5,and,122.87341491557329
352,6,the,208.81858845865327
352,7,"music,",361.46105001860974
352,8,and,224.45340742108257
352,9,it,209.60709038874546
352,10,was,297.53377786614516
352,11,a,299.4353480729684
352,12,love,191.4828645188438
352,13,story,335.8544224248315
352,14,that,136.31021975562686
352,15,had,149.46914582032767
352,16,been,161.9688251500274
352,17,going,150.97279413541784
352,18,on,36.21813729309139
352,19,her,43.00790611224696
352,20,whole,25.951734416912807
352,21,life.,12.895999869730002
353,1,She,0.0
353,2,began,28.31221875717694
353,3,to,44.03067907409626
353,4,"sing,",54.87429871954592
353,5,and,66.71045879224488
353,6,all,135.74450432344503
353,7,the,150.739293978272
353,8,pain,157.50033304723084
353,9,and,135.0267601835014
353,10,confusion,115.02980215767316
353,11,that,217.54644382458906
353,12,the,232.09914244434478
353,13,messages,109.91785106925076
353,14,had,262.44067186623863
353,15,been,220.59638484292074
353,16,causing,131.720773974305
353,17,inside,84.9609167462008
353,18,her,172.71620089629712
353,19,just,42.298840243738184
353,20,flowed,28.308165494246463
353,21,out.,12.74750180329184
354,1,The,0.0
354,2,words,27.97254889413927
354,3,were,48.27734073053867
354,4,not,50.35596398073748
354,5,"important,",83.78547732729913
354,6,for,184.76224137283774
354,7,it,240.0035999123977
354,8,was,257.57675966033537
354,9,the,219.94445846346233
354,10,feeling,141.3851118504587
354,11,behind,86.07619439805619
354,12,them,171.04683134570976
354,13,that,64.0576366356538
354,14,she,61.099100333165595
354,15,latched,32.02816866948663
354,16,onto.,10.800863612803893
355,1,Lucy,0.0
355,2,was,11.25938082460446
355,3,in,37.103939536545354
355,4,the,85.96763860486628
355,5,heart,98.36776728196229
355,6,of,192.90731770392102
355,7,the,241.57715861612002
355,8,song,210.92723884779681
355,9,with,160.276215325855
355,10,the,171.18419870446814
355,11,rest,182.60122467426356
355,12,of,124.493070043215
355,13,the,98.85274580266189
355,14,world,45.56325422612662
355,15,slipping,35.95368976083171
355,16,away.,13.218792461621325
356,1,When,0.0
356,2,the,40.74294039613902
356,3,song,56.611255388130544
356,4,finished,128.64031790224809
356,5,and,203.51160010105457
356,6,the,148.26299971603206
356,7,last,90.17584494057576
356,8,note,99.66334148399717
356,9,died,69.52109498099011
356,10,"away,",102.2942887372684
356,11,she,92.01437110160911
356,12,opened,15.721313616586297
356,13,her,15.868646945379977
356,14,eyes.,6.577347336713463
357,1,To,0.0
357,2,see,26.20139450732648
357,3,the,25.633760952639555
357,4,whole,28.905461216507938
357,5,audience,59.00711130077016
357,6,on,79.55738498163569
357,7,their,131.682856099356
357,8,feet,138.41691521797807
357,9,and,192.04383133805266
357,10,the,248.56222572574575
357,11,hall,247.88008061866955
357,12,filled,191.01049284240037
357,13,with,180.13471450503118
357,14,cheers,165.21158116371222
357,15,and,51.82356950472536
357,16,applause,63.81152163705849
357,17,was,73.61548306937159
357,18,not,117.22299646625846
357,19,what,45.271756660599955
357,20,Lucy,50.625116877707896
357,21,had,7.797590007048743
357,22,expected.,1.8645673558269975
358,1,Lucy,0.0
358,2,allowed,18.15095266177634
358,3,herself,58.99199746541233
358,4,to,66.92191799682143
358,5,enjoy,69.529968855818
358,6,the,44.46023119805846
358,7,sense,116.2495003658698
358,8,of,107.22499281339132
358,9,achievement,188.4920772772417
358,10,and,386.50137726721056
358,11,belonging,250.4831274704566
358,12,that,260.8199720299842
358,13,she,203.25986290361124
358,14,had,101.01002996176439
358,15,not,119.18447485170931
358,16,felt,170.92761103732684
358,17,in,74.45786639005716
358,18,a,144.47597227095355
358,19,very,54.31704433396193
358,20,long,11.922919700223822
358,21,time.,8.315878287541556
359,1,Then,0.0
359,2,she,28.392189313966938
359,3,saw,43.71802562171733
359,4,her,28.99174491244581
359,5,"mother,",37.083590549295266
359,6,who,68.97747940543545
359,7,was,93.11709705114573
359,8,cheering,79.58384210471382
359,9,the,52.93595896593349
359,10,loudest,54.716983953027245
359,11,of,107.23767997354548
359,12,all,152.80130146862302
359,13,in,130.40755693203133
359,14,the,242.96248230847294
359,15,"crowd,",212.24512401516282
359,16,and,199.21675079764958
359,17,"Jill,",222.34766869821814
359,18,who,248.61851392754664
359,19,was,324.22433506008406
359,20,beaming,222.73806699391093
359,21,at,217.88193863679442
359,22,her,161.1274324494108
359,23,with,93.37000498823807
359,24,pride,101.41787721412938
359,25,from,42.86449342894934
359,26,the,17.7018591985595
359,27,wings.,8.601901415449202
360,1,She,0.0
360,2,knew,28.844930202710263
360,3,she,29.233436603252237
360,4,owed,80.59721479046215
360,5,them,61.531364645029726
360,6,big,65.94566260678232
360,7,time,93.73794685352384
360,8,for,233.8615160849351
360,9,reminding,211.973833078247
360,10,her,252.63712349325723
360,11,what,272.561109968255
360,12,she,157.40479892045101
360,13,was,158.70940513536124
360,14,capable,114.60444391664359
360,15,of,83.5965758831577
360,16,and,106.8286858817455
360,17,who,48.02747822998107
360,18,she,51.71087208983087
360,19,really,22.103120715486583
360,20,was.,8.979884204428917
361,1,The,0.0
361,2,next,27.435866713162824
361,3,time,33.58603922866082
361,4,her,49.34929552268509
361,5,phone,169.953797671943
361,6,bleeped,110.13460630757798
361,7,she,61.383003295314964
361,8,would,97.7547351229618
361,9,tap,85.10961114031895
361,10,the,129.97389614254
361,11,message,102.8417304108568
361,12,straight,70.69397448112933
361,13,into,43.638627917639525
361,14,oblivion,21.41044429915491
361,15,where,37.020192939421925
361,16,it,32.59657482398581
361,17,belonged.,8.314274781683586
362,1,The,0.0
362,2,Roswell,11.382272059674385
362,3,UFO,31.248573489780945
362,4,Incident,38.74692488469854
362,5,was,48.91988029691298
362,6,the,63.83971991249396
362,7,alleged,105.44450871173453
362,8,recovery,102.28822669279079
362,9,of,73.95296673194716
362,10,extra-terrestrial,76.79541618545765
362,11,"debris,",80.94930283278802
362,12,including,71.84628210450296
362,13,alien,88.89474204671508
362,14,"corpses,",63.4250686233765
362,15,from,51.145788457414795
362,16,an,76.25902740688358
362,17,object,84.00157352810827
362,18,that,97.2233333253148
362,19,crashed,170.57615507423859
362,20,near,113.31276692746859
362,21,"Roswell,",130.3391668270372
362,22,New,176.58022867179392
362,23,"Mexico,",126.57902740756853
362,24,on,187.5326300956367
362,25,or,388.72899940681083
362,26,about,230.05333683759227
362,27,July,408.8151952315752
362,28,"eighth,",94.42421063336965
362,29,nineteen,30.22745761839391
362,30,forty-seven.,89.5021786803018
363,1,Since,0.0
363,2,the,32.896500243458725
363,3,late,42.05204206556017
363,4,nineteen,54.40175437252104
363,5,"seventies,",74.77977229407419
363,6,the,57.55328210306433
363,7,incident,79.43571069580328
363,8,has,71.70922500244677
363,9,been,55.84470360376798
363,10,the,56.70675460243225
363,11,subject,78.41044884940081
363,12,of,74.29461972693191
363,13,intense,60.56896916484099
363,14,controversy,50.45579423413586
363,15,and,66.54304296869309
363,16,the,70.77394379104511
363,17,subject,85.39056836212652
363,18,of,154.6825142610463
363,19,conspiracy,89.84640065001044
363,20,theories,124.29259511257507
363,21,as,163.94590287785945
363,22,to,172.8277294096072
363,23,the,158.37908313133724
363,24,true,75.4971156499478
363,25,nature,41.5682992294581
363,26,of,68.74652899857782
363,27,the,37.409323290334
363,28,object,10.050581890606505
363,29,that,27.437046960227743
363,30,crashed.,17.23149418142419
364,1,The,0.0
364,2,United,16.491775491009722
364,3,States,24.430304785990415
364,4,military,18.826000388816745
364,5,maintains,25.77029385157592
364,6,the,19.51081036706807
364,7,debris,32.73716889436736
364,8,recovered,30.668787039044776
364,9,was,50.90683352653155
364,10,from,75.48645708965407
364,11,an,65.93844380699501
364,12,experimental,69.29458514467991
364,13,high-altitude,167.81319909764457
364,14,surveillance,208.20515317231917
364,15,balloon,366.2793159651822
364,16,that,359.50286105933066
364,17,belonged,188.05031644886006
364,18,to,213.70019011209365
364,19,a,246.67111928736628
364,20,classified,125.99209146605334
364,21,program,138.4353495223761
364,22,named,85.38916688087909
364,23,'Mogul'.,137.25374585830656
365,1,"However,",0.0
365,2,many,40.49887362492418
365,3,UFO,40.35446873609253
365,4,proponents,57.36364646498637
365,5,maintain,85.26132374396842
365,6,"that,",74.16639548184139
365,7,in,120.62464682111879
365,8,"fact,",183.65379667769244
365,9,a,248.22578500896066
365,10,crashed,213.7755893700237
365,11,alien,255.6122025274601
365,12,craft,312.2643884106348
365,13,and,261.8668620705939
365,14,bodies,264.5476677822809
365,15,were,457.3793640266869
365,16,"recovered,",267.61634906214647
365,17,and,237.62606496758923
365,18,that,269.38224387553055
365,19,the,133.3960384022333
365,20,military,95.49478187883446
365,21,then,86.52263044581456
365,22,engaged,127.72704122608938
365,23,in,54.42026228549364
365,24,a,25.05840406556118
365,25,cover-up.,57.65687671809926
366,1,The,0.0
366,2,incident,30.564346704698693
366,3,has,30.47554174309917
366,4,turned,54.25019018989927
366,5,into,45.10881285892289
366,6,a,43.44525425814289
366,7,widely,85.88777674111162
366,8,known,156.69357963029847
366,9,pop,132.50168613803194
366,10,culture,296.98641349875834
366,11,"phenomenon,",234.65466154660058
366,12,making,154.79558700657847
366,13,the,151.70646386883135
366,14,name,135.98992287829566
366,15,Roswell,118.18988464923568
366,16,synonymous,88.83098321953035
366,17,with,41.37579134674927
366,18,UFOs.,21.036531671870698
367,1,It,0.0
367,2,ranks,32.05286067549992
367,3,as,34.061960627018045
367,4,one,43.525996673069955
367,5,of,79.36154145779219
367,6,the,72.97348769910027
367,7,most,78.02300323784935
367,8,publicized,54.601176339381055
367,9,and,21.069526452072942
367,10,controversial,30.09646321649919
367,11,alleged,19.217369032123532
367,12,UFO,16.41980985058076
367,13,incidents.,7.60842163777148
368,1,On,0.0
368,2,July,11.310004261851228
368,3,"ninth,",34.0272875487429
368,4,nineteen,31.070182077416383
368,5,"forty-seven,",47.38599799074475
368,6,a,45.174836998589115
368,7,press,45.947441196400845
368,8,release,66.62946356282104
368,9,that,69.46957577210632
368,10,Roswell,74.82095044413559
368,11,Army,153.37098763624797
368,12,Air,95.20900355336659
368,13,Field,126.6711530101909
368,14,issued,87.29859135801016
368,15,stated,77.55647123231599
368,16,that,86.66910088927872
368,17,personnel,78.2177273266184
368,18,from,74.28527109399631
368,19,the,61.50730427217402
368,20,field's,65.29587104796909
368,21,Bomb,94.07370221944522
368,22,Group,138.37395188800073
368,23,had,114.3508481026924
368,24,recovered,79.29683358734432
368,25,a,94.62509579637647
368,26,crashed,190.33721774054243
368,27,'flying,193.17924102104408
368,28,disc',182.0806721011766
368,29,from,163.92014821791878
368,30,a,259.01689043989995
368,31,ranch,136.0856632982652
368,32,near,378.0173686206878
368,33,"Roswell,",224.65440027747556
368,34,sparking,114.7176955187582
368,35,intense,31.160425571775676
368,36,media,32.14027377344432
368,37,interest.,3.693923265959356
369,1,Later,0.0
369,2,the,18.34101688062026
369,3,same,26.733069929371005
369,4,"day,",20.086649557992963
369,5,the,22.631662240107573
369,6,Commanding,33.25753774698754
369,7,General,36.52991957810129
369,8,of,31.2117279266601
369,9,the,39.148032798034535
369,10,Eighth,51.87800098182753
369,11,Air,51.256134761982835
369,12,Force,77.3276830558385
369,13,stated,55.994803182135
369,14,"that,",136.97168463686742
369,15,in,62.68237410035897
369,16,"fact,",70.625807609616
369,17,a,93.04524923495599
369,18,weather,72.657468030296
369,19,balloon,151.6512386058041
369,20,had,115.02017732060028
369,21,been,179.71899821334827
369,22,recovered,245.3761484004706
369,23,by,324.3181919260614
369,24,the,251.174349993828
369,25,Roswell,148.86157406749643
369,26,Army,357.5005977621496
369,27,Air,278.05371266558916
369,28,Field,225.10786633106628
369,29,"personnel,",794.55372990725
369,30,rather,236.55171591896882
369,31,than,397.84035991780155
369,32,a,221.08195344684435
369,33,'flying,225.99089452660857
369,34,saucer'.,43.90881286099994
370,1,A,0.0
370,2,subsequent,16.67769699175966
370,3,press,41.963187572957196
370,4,conference,57.65002647175829
370,5,was,113.44759066282067
370,6,"called,",97.28919838102898
370,7,featuring,116.74452766087667
370,8,debris,63.65556295374187
370,9,from,126.7233982438353
370,10,the,76.18825714799281
370,11,crashed,93.52875644407746
370,12,object,130.53539542003597
370,13,that,86.67920658984343
370,14,confirmed,45.655983917810154
370,15,the,51.89820743845572
370,16,weather,72.35303217769818
370,17,balloon,35.41135933907177
370,18,description.,16.293299189566078
371,1,The,0.0
371,2,case,30.46223578936722
371,3,was,30.907834582585515
371,4,quickly,37.777420845601696
371,5,forgotten,49.915653654033214
371,6,and,47.41685614985846
371,7,almost,82.34260067273087
371,8,completely,115.20817293211962
371,9,"ignored,",150.82323802222754
371,10,even,120.45856455104177
371,11,by,171.92320196385018
371,12,UFO,145.35613519253678
371,13,"researchers,",92.16474037027052
371,14,for,73.06102641693498
371,15,more,85.91085541549838
371,16,than,55.080149150670124
371,17,thirty,34.010676451237266
371,18,years.,2.4257268464627484
372,1,"Then,",0.0
372,2,in,22.951490636697848
372,3,nineteen,37.445072627976565
372,4,"seventy-eight,",68.05784139199099
372,5,nuclear,66.88961690326698
372,6,physicist,79.21089015908119
372,7,and,102.82620768674654
372,8,author,113.16606882197033
372,9,Stanton,101.3264281643832
372,10,Friedman,191.26104886299757
372,11,interviewed,214.64420907405506
372,12,Jesse,148.75669861704364
372,13,"Marcel,",155.03065736532668
372,14,the,145.3999928322986
372,15,only,172.1454726857906
372,16,person,199.45895826442595
372,17,known,309.9157059632656
372,18,to,258.79943935976735
372,19,have,250.01019685039788
372,20,accompanied,253.10499163200515
372,21,the,246.16896038777608
372,22,Roswell,190.39753291611325
372,23,debris,198.0783057928531
372,24,from,174.7235359618521
372,25,where,228.67202601643191
372,26,it,140.66741620962264
372,27,was,81.17862202719787
372,28,recovered,51.25704377628397
372,29,to,18.90909699363461
372,30,Fort,12.621261825166725
372,31,Worth.,14.45467956335186
373,1,Over,0.0
373,2,the,9.252555859591949
373,3,next,16.295464862286465
373,4,few,53.70978011298272
373,5,"years,",57.496773763470344
373,6,the,41.38494681629566
373,7,accounts,53.09751654444895
373,8,he,52.52267124126339
373,9,and,57.44419144383025
373,10,others,94.52914547158156
373,11,gave,68.64946721440387
373,12,elevated,57.19568648832724
373,13,Roswell,53.1518343410189
373,14,from,51.75044093373464
373,15,a,86.93350349107087
373,16,forgotten,119.38930498500835
373,17,incident,117.51218245597053
373,18,to,193.99758933631495
373,19,perhaps,168.56901796071475
373,20,the,168.59292268927143
373,21,most,143.3951080035705
373,22,famous,115.59958511928383
373,23,UFO,63.33063842098581
373,24,case,45.328221015630994
373,25,of,25.267442676133108
373,26,all,22.8442930738059
373,27,time.,5.683977056765485
374,1,By,0.0
374,2,the,16.837239105589656
374,3,early,31.865557810098256
374,4,nineteen,45.86860950872486
374,5,"nineties,",58.401756447304194
374,6,UFO,43.055106971129035
374,7,researchers,40.93935834203642
374,8,had,37.67633769859178
374,9,interviewed,38.221936234110885
374,10,several,88.57806660806307
374,11,hundred,80.75019383135691
374,12,people,97.90066472398469
374,13,who,111.48357656516552
374,14,"had,",111.30573773305818
374,15,or,98.85298898613021
374,16,who,120.44780325261199
374,17,claimed,91.38684271844788
374,18,to,118.54702880951426
374,19,have,137.1434358850735
374,20,"had,",113.83748087876715
374,21,a,188.6192765057331
374,22,connection,138.68720160423018
374,23,with,121.37089983716531
374,24,the,250.71627850282118
374,25,events,177.69751998251695
374,26,at,171.10622417832406
374,27,Roswell,121.914293727083
374,28,in,64.57196805881325
374,29,nineteen,92.18868491281087
374,30,forty-seven.,46.8011771321783
375,1,"Additionally,",0.0
375,2,hundreds,32.6295336383162
375,3,of,48.0208306705686
375,4,documents,39.603342075685845
375,5,were,55.18016229686879
375,6,obtained,49.91377973106941
375,7,by,50.1880545669777
375,8,Freedom,99.25511245701955
375,9,of,187.88883781038135
375,10,Information,151.63339119220214
375,11,Act,223.2943908834858
375,12,"requests,",128.2112421702288
375,13,as,80.63653673177278
375,14,were,149.50288352796045
375,15,some,99.18284689497085
375,16,that,69.22902307940089
375,17,insiders,68.97915861179173
375,18,apparently,42.65996128515243
375,19,leaked.,10.800799986822893
376,1,Their,0.0
376,2,conclusions,17.151492684552213
376,3,were,40.948631646570945
376,4,that,26.130409012148156
376,5,at,27.839840545392793
376,6,least,43.69949793073988
376,7,one,39.38464756098749
376,8,alien,48.83634316390939
376,9,craft,58.35186015270527
376,10,had,60.30593838266346
376,11,crashed,114.89060627937084
376,12,in,117.01228813793557
376,13,the,100.59236699845634
376,14,Roswell,78.53510290664208
376,15,"vicinity,",102.48540205028257
376,16,that,92.83369767569592
376,17,"aliens,",96.0144827508387
376,18,some,174.5112244972492
376,19,possibly,160.27544174789142
376,20,still,144.98022127569968
376,21,"alive,",161.46536515868777
376,22,were,195.13047414200904
376,23,"recovered,",151.38894124364117
376,24,and,118.84897376213722
376,25,that,127.9863344383027
376,26,a,142.54389036406673
376,27,massive,128.23431394381169
376,28,cover-up,104.98278082657471
376,29,of,148.162948120962
376,30,any,97.90490482725471
376,31,knowledge,108.71130944785381
376,32,of,174.8155256981803
376,33,the,168.38873660950202
376,34,incident,63.524999131911414
376,35,was,50.070099190991876
376,36,put,23.09442302619619
376,37,in,39.46276031012552
376,38,place.,2.847361541052667
377,1,Numerous,0.0
377,2,"books,",13.389079138491205
377,3,"articles,",146.7010305791861
377,4,television,114.26479993699488
377,5,specials,131.65853500080158
377,6,and,115.55798289225217
377,7,even,134.91782637244492
377,8,a,124.9979461826975
377,9,made-for-TV,142.76128503388986
377,10,movie,162.81266868941015
377,11,brought,136.10999772547504
377,12,the,174.94085358344765
377,13,nineteen,189.32105910783278
377,14,forty-seven,176.57126562396155
377,15,incident,149.79830569458412
377,16,fame,198.02967099099823
377,17,and,223.46388047384167
377,18,"notoriety,",209.567098918975
377,19,so,151.33706233304312
377,20,that,193.08830708620954
377,21,by,185.2376211978274
377,22,the,174.7044333328728
377,23,mid,169.57788332514926
377,24,nineteen,122.66163014783865
377,25,"nineties,",136.59012065999283
377,26,strong,150.69630975240258
377,27,majorities,134.34635966843555
377,28,in,92.84972946845272
377,29,"polls,",91.07677502522468
377,30,such,85.90977830965386
377,31,as,105.8495250168027
377,32,a,126.84491955109979
377,33,nineteen,128.31524678652892
377,34,ninety-seven,152.4716938805307
377,35,CNN,115.0322070770715
377,36,Time,185.5362692430333
377,37,"poll,",275.5070634825603
377,38,believed,127.34132399718345
377,39,that,151.4897339979451
377,40,aliens,162.45466564777314
377,41,had,169.69125678234647
377,42,visited,208.15786073804998
377,43,earth,281.69576449740913
377,44,and,114.8478544450584
377,45,specifically,141.818413927136
377,46,that,205.33283033235378
377,47,aliens,351.95135756625064
377,48,had,320.4201428005449
377,49,landed,357.67243014317125
377,50,at,472.45139023010313
377,51,Roswell,468.30854246120106
377,52,and,212.27295190446182
377,53,the,129.49322415340936
377,54,government,693.3528360933065
377,55,was,710.720915741911
377,56,covering,126.22125131853718
377,57,up,564.3852117980153
377,58,the,30.250858116995605
377,59,fact.,8.186623555241635
378,1,During,0.0
378,2,the,23.69246206553638
378,3,nineteen,18.746468731751747
378,4,eighties,44.543119268537694
378,5,and,25.43625263673569
378,6,nineteen,33.21165707530361
378,7,"nineties,",69.92178282670136
378,8,a,32.88015570025132
378,9,new,50.22692505382981
378,10,narrative,129.53827371893297
378,11,emerged,78.3364158216492
378,12,which,155.73858404762842
378,13,was,225.92696302884235
378,14,at,135.8426665171127
378,15,strong,117.8884224519137
378,16,odds,175.7266980376187
378,17,with,184.3970829930116
378,18,what,118.53057058577464
378,19,was,109.08021704946876
378,20,reported,63.41204979468016
378,21,in,51.031078286561595
378,22,nineteen,27.947386354342136
378,23,forty-seven.,37.57917024182779
379,1,This,0.0
379,2,narrative,10.1351343634979
379,3,evolved,44.0738604780749
379,4,over,49.45351047376722
379,5,the,51.648971169725584
379,6,years,71.504079968914
379,7,from,68.98165686402491
379,8,the,64.74185903517844
379,9,time,90.19075170882195
379,10,the,65.95448566073689
379,11,first,94.72076028600566
379,12,book,81.84224260347784
379,13,on,112.11999225929924
379,14,Roswell,129.33867340606403
379,15,was,149.44023368790414
379,16,published,179.30970444177916
379,17,in,140.69088083457578
379,18,nineteen,119.0698827254481
379,19,"eighty,",116.95265882917637
379,20,as,116.34608272690663
379,21,many,160.15670862336273
379,22,new,337.9155051644688
379,23,witnesses,423.4607970305135
379,24,and,496.30948483108455
379,25,accounts,476.20948374395715
379,26,"emerged,",561.9854009051558
379,27,drawn,293.0566152580053
379,28,out,200.78054467042116
379,29,in,191.25268130509383
379,30,part,358.7891849540149
379,31,by,70.69794034731366
379,32,the,38.82362248265564
379,33,publicity,107.66376836691929
379,34,on,24.40370930824412
379,35,the,14.99012120995438
379,36,incident.,17.131321450777094
380,1,Of,0.0
380,2,the,14.531980901702154
380,3,hundreds,19.9098027218158
380,4,of,30.46432641047111
380,5,witnesses,55.14902243017296
380,6,that,50.07694999090201
380,7,the,103.01922656753229
380,8,various,90.24124512718465
380,9,researchers,94.84279160782127
380,10,"interviewed,",67.84519963470709
380,11,a,94.13160172670204
380,12,seemingly,71.298654259695
380,13,impressive,103.65863725353945
380,14,"figure,",72.23630960560048
380,15,a,127.42467693676797
380,16,comparable,96.37879325619608
380,17,few,121.91169850888149
380,18,were,160.61605450581243
380,19,true,70.96322910046328
380,20,'witnesses',209.97345987039895
380,21,who,134.0047507010094
380,22,claimed,114.35810000914
380,23,to,133.38295671387806
380,24,have,87.72997787042428
380,25,actually,42.7549374760278
380,26,seen,17.91016313821176
380,27,debris,6.509190735789062
380,28,or,26.283445669918184
380,29,aliens.,9.60796725771369
381,1,Most,0.0
381,2,of,15.149311939043603
381,3,these,26.380998053414324
381,4,so-called,8.9664993521863
381,5,witnesses,43.76594961927616
381,6,were,59.14360361180092
381,7,repeating,105.85265656290095
381,8,the,121.79610183195658
381,9,claims,72.53965595885401
381,10,of,124.41312812153637
381,11,"others,",102.1869512691772
381,12,and,167.33350921544167
381,13,their,155.57130770200646
381,14,testimony,111.94788595291045
381,15,would,253.97359173001428
381,16,be,201.7816486298049
381,17,inadmissible,356.3548232007386
381,18,hearsay,76.26857485176357
381,19,in,35.703756715140514
381,20,an,16.508995270050733
381,21,American,25.553810722049104
381,22,court.,5.669739709055639
382,1,As,0.0
382,2,for,27.945947993565017
382,3,the,31.86290377383014
382,4,several,39.9343777217196
382,5,accounts,36.386629308829875
382,6,from,40.308858249153104
382,7,those,78.80918752973851
382,8,who,71.1853156289846
382,9,claimed,128.163270361493
382,10,to,74.05033505369843
382,11,have,136.75991190791837
382,12,seen,159.65306534151293
382,13,"aliens,",110.88586229893811
382,14,critics,129.30830195785225
382,15,identified,113.4217609324529
382,16,a,95.41225234918662
382,17,variety,101.19615457402499
382,18,of,48.22983675760891
382,19,problems,20.515232457602842
382,20,with,20.12631977626411
382,21,them.,5.267502900423721
383,1,These,0.0
383,2,problems,14.737595103906488
383,3,ranged,41.152717266974406
383,4,from,33.418228876907946
383,5,the,30.135680635353747
383,6,reliability,50.637639574077696
383,7,of,58.209831032212634
383,8,second-hand,74.42156958057956
383,9,"accounts,",68.23578908911631
383,10,to,63.32363368585424
383,11,serious,96.37625358839078
383,12,credibility,70.52284998069868
383,13,problems,76.20145931019496
383,14,with,78.48712043498196
383,15,witnesses,109.00568415414241
383,16,making,81.7239701344795
383,17,demonstrably,87.00951070767174
383,18,false,88.88187507869945
383,19,or,83.85833175794438
383,20,internally-inconsistent,100.09018410728635
383,21,"claims,",84.39607971540823
383,22,to,50.115777998039356
383,23,dubious,62.13249388476399
383,24,death-bed,69.8658494251092
383,25,'confessions',132.3551209751228
383,26,or,84.78667854287193
383,27,accounts,101.48982389347108
383,28,from,89.49406770438975
383,29,elderly,178.78249919279585
383,30,or,51.412680690809744
383,31,easily,39.61981738482694
383,32,confused,31.312029904284735
383,33,witnesses.,8.35202764095858
384,1,A,0.0
384,2,basic,11.250817464452698
384,3,problem,11.513127811305765
384,4,with,33.15194676271586
384,5,all,43.41428637409793
384,6,the,52.45651157926828
384,7,witness,73.8408729116637
384,8,"accounts,",67.91258209334984
384,9,according,63.0906806055208
384,10,to,62.45748743630763
384,11,the,63.47114509730843
384,12,"critics,",80.53511667074982
384,13,is,86.37582859178215
384,14,that,65.06459780817795
384,15,they,56.591245980624585
384,16,all,111.89933077902296
384,17,came,102.99212278968692
384,18,a,97.76105084184944
384,19,minimum,122.71053986396089
384,20,of,94.39875063345448
384,21,thirty-one,116.40872809541402
384,22,years,171.85859152157406
384,23,after,112.12078793703346
384,24,the,121.5700184266292
384,25,events,98.089110457097
384,26,in,137.37843272123848
384,27,"question,",111.15274785725641
384,28,and,93.5789489787925
384,29,in,201.22358169606355
384,30,many,129.7590211905347
384,31,cases,204.79077412349451
384,32,were,219.61795077666048
384,33,recounted,181.41787181764775
384,34,more,271.852097215513
384,35,than,159.61472168051608
384,36,forty,140.1326108968129
384,37,years,106.541093268298
384,38,after,30.634699751145455
384,39,the,7.351144877800251
384,40,fact.,3.9187781544524594
385,1,Not,0.0
385,2,only,25.45854777966294
385,3,are,51.36065395037434
385,4,memories,61.43768294338233
385,5,this,56.81039478749519
385,6,old,67.11084713016967
385,7,of,74.14673304933355
385,8,dubious,67.34786949200517
385,9,"reliability,",119.67336537577677
385,10,they,118.53189038063736
385,11,were,118.0334543894904
385,12,also,114.85792923174161
385,13,subject,228.35918983248644
385,14,to,183.820660436935
385,15,contamination,215.98665061224185
385,16,from,200.02173279327803
385,17,other,138.72265195809592
385,18,accounts,183.38608504370637
385,19,the,44.275231481321484
385,20,witnesses,65.05439132577985
385,21,may,71.42347281834182
385,22,have,26.796687247080826
385,23,been,46.66287837181469
385,24,exposed,27.542834977498277
385,25,to.,5.064229669783332
386,1,Though,0.0
386,2,there,22.125100240689985
386,3,had,30.839640021865392
386,4,always,51.38735804053911
386,5,been,60.94321356009486
386,6,skeptics,66.95865486690694
386,7,who,65.81878962937962
386,8,had,93.20136098283187
386,9,many,80.6882961144285
386,10,objections,72.75262895472345
386,11,to,75.18018109793444
386,12,the,85.2777030276713
386,13,plausibility,81.23257064150992
386,14,of,79.39350684121214
386,15,these,113.07276651405074
386,16,"accounts,",106.26389494230335
386,17,it,89.51521082153019
386,18,was,115.59645265952777
386,19,not,109.05643434260287
386,20,until,108.68743816992273
386,21,the,201.86896456561325
386,22,mid,300.7766796351266
386,23,nineteen,255.35152240415457
386,24,nineties,301.8608365963517
386,25,that,246.6360840136284
386,26,a,185.14623494862107
386,27,strong,230.54664336018595
386,28,counter-argument,259.01898467263953
386,29,to,114.11043097531152
386,30,the,130.11594869566883
386,31,presence,230.09890340446222
386,32,of,140.9707876723432
386,33,aliens,185.56362822163473
386,34,was,64.06542979300148
386,35,widely,23.837900467985023
386,36,publicized.,4.215982204601975
387,1,The,0.0
387,2,General,22.60768080728861
387,3,Accounting,23.637171019145192
387,4,Office,29.37903539564618
387,5,launched,28.17572300649316
387,6,an,51.01033423366464
387,7,inquiry,61.186586553296124
387,8,and,67.95930943562396
387,9,directed,113.53572076449821
387,10,the,93.28505668383956
387,11,Office,172.74644370148604
387,12,of,271.805133397094
387,13,the,206.53758359215576
387,14,Secretary,172.1561265810549
387,15,of,214.6902701555397
387,16,the,308.079749889469
387,17,Air,111.6240115784673
387,18,Force,60.40454519447926
387,19,to,64.41755362921657
387,20,conduct,25.1001897873324
387,21,an,15.764109287664105
387,22,internal,12.346860487957036
387,23,investigation.,1.1858330248060727
388,1,The,0.0
388,2,result,12.433949409353476
388,3,was,29.718905790454755
388,4,summarized,15.625882915873131
388,5,in,23.6474950086895
388,6,two,9.813086487802575
388,7,reports.,9.374929770848079
389,1,The,0.0
389,2,"first,",8.807166885207705
389,3,released,12.466594124244349
389,4,in,16.287547468971344
389,5,nineteen,35.18962266357074
389,6,"ninety-five,",48.88823411329302
389,7,concluded,49.997464425187445
389,8,that,57.103264043649475
389,9,the,68.39253235728617
389,10,reported,81.66054878025142
389,11,recovered,55.32894397218225
389,12,material,39.16027486708825
389,13,in,38.18444221040496
389,14,nineteen,43.29909832795147
389,15,forty-seven,88.23235069493433
389,16,was,56.33678767367931
389,17,likely,48.724418316580405
389,18,debris,58.405940441234385
389,19,from,67.20069112495437
389,20,a,65.09788242751702
389,21,secret,69.26231027847973
389,22,government,64.29987497331598
389,23,program,95.44701438548792
389,24,called,83.28095839578248
389,25,Project,77.5705550635778
389,26,"Mogul,",75.30299554275075
389,27,which,87.29345784786454
389,28,involved,98.26471949114024
389,29,high,65.19866331501804
389,30,altitude,193.92061703906876
389,31,balloons,129.48367485971585
389,32,meant,324.37419300282664
389,33,to,203.23100249496997
389,34,detect,200.0422821403164
389,35,sound,160.52818074427603
389,36,waves,366.6047485884335
389,37,generated,458.9476184414913
389,38,by,414.3965859072221
389,39,Soviet,337.5367307246934
389,40,atomic,229.4616491874164
389,41,bomb,91.2842911835649
389,42,tests,38.302205094808805
389,43,and,91.19822887766881
389,44,ballistic,21.828062477777586
389,45,missiles.,6.540268768297744
390,1,The,0.0
390,2,second,9.08118684282742
390,3,"report,",20.172716039842793
390,4,released,62.04857082269186
390,5,two,54.56335443075126
390,6,years,54.05691264720663
390,7,"later,",74.01211534919719
390,8,in,89.82582653747038
390,9,nineteen,84.96261464492144
390,10,"ninety-seven,",78.12865080441317
390,11,concluded,106.6023437285199
390,12,that,77.80810988370037
390,13,reports,82.47917570741669
390,14,of,64.49041885177316
390,15,recovered,60.55558857063856
390,16,alien,58.33620491596253
390,17,bodies,80.5379633275869
390,18,were,75.64973535459141
390,19,likely,112.41296057746041
390,20,a,106.80311997276414
390,21,combination,113.03588474858189
390,22,of,98.30763195724859
390,23,innocently,95.63011330697191
390,24,transformed,100.40788150984544
390,25,memories,83.38793573220276
390,26,of,78.05892654400495
390,27,military,81.96876004974555
390,28,accidents,74.26721007794198
390,29,involving,72.67867662983076
390,30,injured,79.08517729064988
390,31,or,71.28468028235143
390,32,killed,77.01417656951129
390,33,"personnel,",68.97300149315494
390,34,innocently,76.70167029128584
390,35,transformed,95.6904058238285
390,36,memories,74.66158074291307
390,37,of,76.6797268528796
390,38,the,69.11576889217207
390,39,recovery,77.53782805498848
390,40,of,76.84170630483761
390,41,anthropomorphic,99.56294613860372
390,42,dummies,158.51241268141862
390,43,in,101.18631811230021
390,44,military,109.20683738435734
390,45,programs,100.18711714094829
390,46,US,310.0830316679084
390,47,conducted,399.9472885886273
390,48,in,80.67514107547267
390,49,the,94.82043919467128
390,50,nineteen,85.11789926373584
390,51,"fifties,",270.6265454488073
390,52,and,726.9696986545943
390,53,hoaxes,555.939620912827
390,54,that,315.9960305950762
390,55,various,132.88967652612783
390,56,witnesses,232.26467062931636
390,57,and,345.93763065774476
390,58,UFO,222.31341254888434
390,59,proponents,152.97826441458733
390,60,perpetrated.,80.2315728142324
391,1,The,0.0
391,2,psychological,22.60768080728861
391,3,effects,21.920589479173586
391,4,of,32.69015752274534
391,5,time,72.61221440735711
391,6,compression,56.09168823263736
391,7,and,63.443028857597426
391,8,confusion,83.86967796936976
391,9,about,81.57292740325514
391,10,when,140.1862452128305
391,11,events,289.24879708823795
391,12,occurred,250.17908278164924
391,13,explained,238.10054996684644
391,14,the,243.482660346342
391,15,discrepancy,354.0054259934725
391,16,with,69.57433800423024
391,17,the,19.476295566576294
391,18,years,32.21801561512348
391,19,in,21.33597664705951
391,20,question.,26.72438538661569
392,1,In,0.0
392,2,January,14.00316451924557
392,3,nineteen,30.378020700753925
392,4,"ninety-seven,",30.457993321335735
392,5,Karl,61.931981719880156
392,6,"Pflock,",54.261028536556644
392,7,one,81.65515093277145
392,8,of,73.95151313458206
392,9,the,82.86216301270983
392,10,more,63.66239444859945
392,11,prominent,58.8546923643736
392,12,pro-UFO,63.93376432555201
392,13,"researchers,",87.09802424466936
392,14,"said,",104.40766692948417
392,15,'Based,135.57189900939477
392,16,on,137.70307680403553
392,17,my,104.770945968893
392,18,research,257.5519535707055
392,19,and,162.08997712454916
392,20,that,102.87662035925469
392,21,of,133.04149831726275
392,22,"others,",101.28566380457978
392,23,I'm,108.61272684259612
392,24,as,116.66655795024681
392,25,certain,150.20565219258884
392,26,as,129.0708002803688
392,27,it's,124.77228413486475
392,28,possible,144.01655828337408
392,29,to,140.5336228223319
392,30,be,146.8349251782669
392,31,without,135.16254667773302
392,32,absolute,120.93605993461969
392,33,"proof,",119.40515335826801
392,34,that,196.78304563113866
392,35,no,176.19059182928783
392,36,flying,270.0436478749127
392,37,saucer,171.71341967611087
392,38,or,343.13324888682104
392,39,saucers,209.5332205725295
392,40,crashed,338.4991959653449
392,41,in,248.0547762958497
392,42,the,304.37881799130827
392,43,general,492.7840986343559
392,44,vicinity,547.0243126051288
392,45,of,503.7810666104474
392,46,Roswell,559.0486797205184
392,47,or,916.7167058394556
392,48,on,375.8947339782373
392,49,the,228.48877929735735
392,50,Plains,721.2511754839966
392,51,of,191.50584901123136
392,52,San,273.3385949047112
392,53,Agustin,321.11589652932076
392,54,in,693.1863275212337
392,55,nineteen,560.6640869304284
392,56,forty-seven.',234.6395229134943
393,1,He,0.0
393,2,then,13.109213834533966
393,3,"added,",47.840815741979895
393,4,'The,151.28563126526788
393,5,debris,187.7966385991844
393,6,found,248.95266073973448
393,7,was,208.32658461864855
393,8,the,219.86764275641974
393,9,remains,207.16086832490475
393,10,of,226.95277074817866
393,11,something,176.09060851133017
393,12,very,192.0086189221844
393,13,"earthly,",185.95020155867883
393,14,all,153.27504591058562
393,15,but,222.57793902118075
393,16,certainly,324.0245938074327
393,17,something,307.01768272388597
393,18,from,264.4378545379392
393,19,the,55.439990633100265
393,20,Top,110.12066075036746
393,21,Secret,41.43952413468577
393,22,Project,41.54957137217287
393,23,Mogul.',12.242470635893438
394,1,Although,0.0
394,2,most,33.40921767393334
394,3,now,25.324924139248573
394,4,agree,40.8913958203638
394,5,with,44.2392830227032
394,6,this,74.72637787235674
394,7,"conclusion,",69.5140439502787
394,8,each,69.30379533158158
394,9,"year,",68.46421919771471
394,10,during,83.74624774067203
394,11,July,75.31462010809655
394,12,Fourth,81.67203274978014
394,13,"weekend,",98.90593625295544
394,14,the,150.51435958903505
394,15,City,160.38219714070075
394,16,of,235.5313720024591
394,17,Roswell,237.33642692147936
394,18,hosts,214.87148793078856
394,19,the,269.02931483804196
394,20,Roswell,181.10720553880822
394,21,UFO,371.7449672612997
394,22,Festival,212.29759248228805
394,23,celebrating,144.55638989664445
394,24,all,150.58968936597418
394,25,things,262.32047663120363
394,26,"UFO,",187.76982646091923
394,27,featuring,66.66356737852183
394,28,prominent,113.68907381391402
394,29,UFOlogists,85.13306785407013
394,30,and,28.62067430652879
394,31,discussions.,7.176530353253939
395,1,Tulip,0.0
395,2,mania,8.112772485806444
395,3,was,21.498852934797206
395,4,a,56.04230926185224
395,5,period,54.18723284486322
395,6,in,41.909077015481536
395,7,the,46.0309508121803
395,8,Dutch,52.20840373170611
395,9,Golden,65.12848084983226
395,10,Age,73.24705224666049
395,11,during,75.16681477829204
395,12,which,59.42097740309511
395,13,contract,107.84517463515348
395,14,prices,143.71582451856983
395,15,for,91.68064928004937
395,16,bulbs,132.56618565149827
395,17,of,274.7021653284741
395,18,the,221.78074474394867
395,19,recently,176.0052411389561
395,20,introduced,247.88196107697408
395,21,tulip,215.3681800178558
395,22,reached,299.8587624800866
395,23,extraordinarily,191.55794784464422
395,24,high,151.43403520218658
395,25,levels,43.349540269757
395,26,and,32.58957407938919
395,27,then,71.46442776716914
395,28,suddenly,29.46818051877489
395,29,collapsed.,5.3242779909875155
396,1,At,0.0
396,2,the,14.420566412889606
396,3,peak,20.569211034517345
396,4,of,34.73150834888386
396,5,tulip,52.627626749640136
396,6,mania,52.51017394995579
396,7,in,50.99075538472512
396,8,February,62.262972306459375
396,9,sixteen,49.02764496990892
396,10,"thirty-seven,",68.50279868992156
396,11,tulip,63.06172853012661
396,12,contracts,179.20874993779208
396,13,sold,158.2067682959843
396,14,for,108.0234377484605
396,15,more,203.57842705573503
396,16,than,274.12137131737785
396,17,ten,143.20875701914568
396,18,times,77.72567442856254
396,19,the,92.92204619534004
396,20,annual,220.3658341237437
396,21,income,142.94115429317327
396,22,of,76.28811086089966
396,23,a,12.430692654510954
396,24,skilled,24.407564578835018
396,25,craftsman.,7.119345246813138
397,1,It,0.0
397,2,is,29.8802712643492
397,3,generally,36.48434589544915
397,4,considered,32.645808184584695
397,5,the,27.68863051804481
397,6,first,29.426895415658887
397,7,recorded,22.679343742128683
397,8,economic,5.931321711565676
397,9,bubble.,8.70066904179248
398,1,The,0.0
398,2,"tulip,",14.949364909150502
398,3,introduced,56.353280035975125
398,4,to,76.32146880396704
398,5,Europe,57.84651802623025
398,6,in,54.6902150254031
398,7,the,48.10939107283859
398,8,mid,64.32115335481133
398,9,sixteenth,61.22590109935276
398,10,century,73.83618466460118
398,11,from,68.32287921170408
398,12,the,90.57696730045443
398,13,Ottoman,82.20961405605529
398,14,"Empire,",90.06960592567563
398,15,became,93.13542231854312
398,16,very,111.92961133440375
398,17,popular,97.65265310071568
398,18,in,150.24078506648107
398,19,the,92.43191860006493
398,20,United,81.43092016755483
398,21,"Provinces,",124.74744201486955
398,22,which,125.36385823349539
398,23,we,77.63015973582226
398,24,now,79.99554676132948
398,25,know,60.86834568018585
398,26,as,29.74233551905312
398,27,the,31.454236701666318
398,28,Netherlands.,16.79256969965407
399,1,Tulip,0.0
399,2,cultivation,10.271700283103229
399,3,in,22.614657111538207
399,4,the,38.01214758301349
399,5,United,39.37433685710296
399,6,Provinces,56.54866677389795
399,7,is,38.906843124585976
399,8,generally,43.11882000793297
399,9,thought,42.870604843196666
399,10,to,49.91092963457931
399,11,have,52.404959521698174
399,12,started,53.72148869185346
399,13,in,43.55935825464529
399,14,earnest,35.37977278774877
399,15,around,40.65523939117539
399,16,fifteen,53.305779881415845
399,17,"ninety-three,",49.86647392514911
399,18,after,64.14354300165567
399,19,the,72.20649950876114
399,20,Flemish,71.3112905129845
399,21,botanist,69.40058372783415
399,22,Charles,82.5822637851747
399,23,de,64.66121761706309
399,24,l'Ecluse,73.19382292828786
399,25,had,70.82881309298072
399,26,taken,117.05106446428634
399,27,up,78.6983577819389
399,28,a,75.44358353462049
399,29,post,94.18924549575704
399,30,at,164.90177711989278
399,31,the,119.20417847406203
399,32,University,134.06554966377712
399,33,of,173.37967298705593
399,34,Leiden,124.72895413787576
399,35,and,144.3862032606046
399,36,established,173.067951508662
399,37,a,266.9350759071101
399,38,botanical,81.42908214596939
399,39,"garden,",83.9414420730042
399,40,which,61.4826911900741
399,41,is,52.84426592117586
399,42,famous,55.7161881705517
399,43,as,60.23744580825614
399,44,one,51.88483419651162
399,45,of,85.38082606090309
399,46,the,120.9354594464453
399,47,oldest,102.21678555645128
399,48,in,24.820009162590104
399,49,the,26.650796798983308
399,50,world.,6.919941510198089
400,1,"There,",0.0
400,2,he,21.000058531805834
400,3,planted,27.64728017035425
400,4,his,36.72411997969846
400,5,collection,53.489753764636085
400,6,of,79.34002986782227
400,7,tulip,100.12344254226682
400,8,bulbs,113.87583709449751
400,9,that,110.39168941374072
400,10,the,122.57306097445345
400,11,Emperor's,113.7504744687347
400,12,ambassador,130.6683923556706
400,13,sent,107.97690096296353
400,14,to,150.41946678556027
400,15,him,154.69099644538684
400,16,from,220.69306626596446
400,17,"Turkey,",191.93088964330045
400,18,which,347.21555988050665
400,19,were,195.19310884759207
400,20,able,121.40477078835684
400,21,to,228.27429472447164
400,22,tolerate,233.12870471693205
400,23,the,305.39639814661865
400,24,harsher,188.68946959084758
400,25,conditions,66.6047833429938
400,26,of,30.865306766424737
400,27,the,16.08733907919351
400,28,northern,19.60004823855933
400,29,climate.,5.680505804357001
401,1,It,0.0
401,2,was,28.414648872308412
401,3,shortly,46.28086430559387
401,4,thereafter,88.2882871922142
401,5,that,98.14204280442726
401,6,the,54.193667231779955
401,7,tulips,136.3369914349734
401,8,began,90.91680329873283
401,9,to,47.608066858797606
401,10,grow,42.61272636026934
401,11,in,8.038454654785003
401,12,popularity.,17.04066420781188
402,1,The,0.0
402,2,flower,30.46223578936722
402,3,rapidly,26.44714533265857
402,4,became,44.09063635377066
402,5,a,54.189103328174006
402,6,coveted,92.87331714699253
402,7,luxury,157.56998602083027
402,8,item,137.59088667346762
402,9,and,151.86133974937812
402,10,a,304.9463236768943
402,11,status,250.4570150006108
402,12,"symbol,",154.08483189760062
402,13,and,117.54495435203172
402,14,a,93.19260603400706
402,15,profusion,78.28473292827745
402,16,of,38.049845277173695
402,17,varieties,19.042702355517864
402,18,followed.,8.58031188643531
403,1,They,0.0
403,2,were,15.624903130711166
403,3,classified,17.246363818212966
403,4,in,19.401687547078268
403,5,groups:,25.232563608325115
403,6,one-colored,45.34974679416961
403,7,tulips,57.358657248284835
403,8,of,74.01954190402675
403,9,"red,",68.06677606268595
403,10,"yellow,",72.58845070457414
403,11,or,69.46699388256025
403,12,white,64.04092748922656
403,13,were,64.48941335520489
403,14,known,70.02122629111796
403,15,as,69.47235724751873
403,16,"Couleren,",66.81252645393967
403,17,but,89.12690779047287
403,18,it,73.05899919293576
403,19,was,83.11271886132437
403,20,the,69.62024702080481
403,21,multicolored,87.63582164714533
403,22,Rosen,87.44094586967822
403,23,(red,84.98433304402903
403,24,or,92.16399516944433
403,25,pink,95.92389329725383
403,26,on,80.37795720456488
403,27,white,95.23544923959844
403,28,"background),",80.61188929613834
403,29,Violetten,137.16940165371813
403,30,(purple,115.7317557105278
403,31,or,206.49527414021696
403,32,lilac,140.7697756398846
403,33,on,142.50777925285638
403,34,white,153.44863849104314
403,35,"background),",150.4551254104162
403,36,"and,",132.4502885208823
403,37,to,142.74510645394054
403,38,a,123.24963607941618
403,39,lesser,141.52903368301978
403,40,"extent,",92.67375931383833
403,41,the,102.7658272437597
403,42,Bizarden,128.72903816239204
403,43,"(red,",317.42308747924943
403,44,brown,60.18713078964695
403,45,or,68.64637840599437
403,46,purple,92.73246946132
403,47,on,173.530417586355
403,48,yellow,82.18988115365626
403,49,background),160.63343541647393
403,50,that,332.3587496276968
403,51,were,155.53799940280615
403,52,the,58.54282076124886
403,53,most,21.257417288536708
403,54,popular.,10.838860179094977
404,1,These,0.0
404,2,spectacular,14.310673626571893
404,3,and,17.7361814147599
404,4,highly,22.95806312568322
404,5,sought-after,21.09169363990795
404,6,tulip,29.788496850299882
404,7,bulbs,35.32310682605526
404,8,would,36.96889875908788
404,9,grow,54.52862941371555
404,10,flowers,38.243772097369
404,11,with,39.77186873517957
404,12,vivid,33.58127410535337
404,13,"colors,",43.045702099866595
404,14,"lines,",47.752680996770785
404,15,and,47.49672257115336
404,16,flames,55.80555837463112
404,17,on,53.3025269155661
404,18,the,57.9556501332832
404,19,"petals,",89.0983253917867
404,20,as,102.28809168640986
404,21,a,89.63864724160335
404,22,"result,",86.96075371214346
404,23,it,82.70174688304814
404,24,is,82.65753590493011
404,25,now,90.5866833743236
404,26,"understood,",86.5325620569409
404,27,of,121.12593858418333
404,28,being,89.78226573976394
404,29,infected,230.24769107767065
404,30,with,183.54554288603745
404,31,tulip-specific,241.38000527240752
404,32,virus,164.58308015416685
404,33,known,169.82595264859762
404,34,as,66.31613814197844
404,35,the,31.440398493876692
404,36,'Tulip,11.741958042915853
404,37,breaking,15.40903027893371
404,38,virus'.,13.047726764729424
405,1,The,0.0
405,2,Dutch,32.846479433420576
405,3,Golden,51.71164990286723
405,4,Age,68.82457444606756
405,5,growers,46.65369861509332
405,6,named,58.534422488318555
405,7,their,72.78727279594796
405,8,new,60.32591145883442
405,9,varieties,48.1177935647183
405,10,with,30.941733910914433
405,11,exalted,39.2904954222965
405,12,titles.,15.662724437401684
406,1,Many,0.0
406,2,early,32.33031134303905
406,3,forms,23.797499437654935
406,4,were,19.328407459372137
406,5,prefixed,39.40732588126086
406,6,with,23.88873107445813
406,7,"'admiral',",27.082762038392044
406,8,often,33.79239321423785
406,9,combined,47.213654004332476
406,10,with,23.32113213127969
406,11,the,17.41381472622554
406,12,growers',17.775121221369222
406,13,names.,16.654216465801216
407,1,'General',0.0
407,2,was,20.220279561765413
407,3,another,77.71950614180236
407,4,prefix,98.39903991926458
407,5,that,51.67336071737504
407,6,found,101.02166527602586
407,7,its,87.02827453082882
407,8,way,116.6821055258501
407,9,into,82.87954443931928
407,10,the,70.5606645800658
407,11,names,54.40822706857325
407,12,of,35.69927390135445
407,13,around,63.21806441439223
407,14,thirty,34.271795541448526
407,15,varieties.,21.8964940218571
408,1,Later,0.0
408,2,came,28.121128145872667
408,3,varieties,21.12233544484688
408,4,with,22.14528756424826
408,5,even,23.471629462522497
408,6,more,39.89426620805886
408,7,superb,106.60198634857142
408,8,"names,",121.12860689501147
408,9,such,66.29353466640494
408,10,as,38.38613606808287
408,11,even,24.474538809783656
408,12,'Admiral,63.54878769693635
408,13,of,93.64491713810588
408,14,Admirals',147.25434245060507
408,15,and,170.58350053924826
408,16,'General,112.19068684582362
408,17,of,15.07711040291115
408,18,Generals'.,10.593564036591044
409,1,Most,0.0
409,2,of,21.9264121238012
409,3,these,43.44734694303858
409,4,varieties,14.139478140302083
409,5,have,21.244826476288246
409,6,now,26.813446881164996
409,7,died,67.09401278037261
409,8,"out,",51.911542242277356
409,9,though,165.07565699736858
409,10,similar,196.4296255831819
409,11,'broken',123.26477657208488
409,12,tulips,115.4591467845671
409,13,continue,74.39922449819007
409,14,in,30.32020595944615
409,15,the,19.38943126258357
409,16,trade.,16.44867350539458
410,1,Tulips,0.0
410,2,grow,17.272371722607044
410,3,from,35.47950630090604
410,4,"bulbs,",41.57285506062836
410,5,and,54.50752301487107
410,6,can,105.0384494178802
410,7,be,82.79073242643106
410,8,propagated,112.33971557421505
410,9,through,46.42766491275204
410,10,both,39.39338024880794
410,11,seeds,32.058886410140374
410,12,and,14.489130752432455
410,13,buds.,10.055879120174044
411,1,Seeds,0.0
411,2,from,10.203638492989574
411,3,a,37.9091368544527
411,4,tulip,33.989356775095104
411,5,will,46.70614231671682
411,6,form,105.8843206327166
411,7,a,77.8563320991758
411,8,flowering,63.580111413085945
411,9,bulb,57.041074429166876
411,10,after,27.74496683199228
411,11,seven-twelve,24.609713002782538
411,12,years.,10.001788827091664
412,1,When,0.0
412,2,a,32.73517501350458
412,3,bulb,60.221274419331415
412,4,grows,61.41149480117016
412,5,into,88.06417591194426
412,6,the,100.55311986959885
412,7,"flower,",135.96526675753734
412,8,the,111.12115933082016
412,9,original,109.79652246854657
412,10,bulb,157.09283357065817
412,11,will,111.1204696803902
412,12,"disappear,",74.59096251668568
412,13,but,222.14495240368083
412,14,a,147.5512264697611
412,15,clone,159.62473584331485
412,16,bulb,258.1650414520849
412,17,forms,192.16372293771758
412,18,in,224.75360132159685
412,19,its,329.2114342897189
412,20,"place,",178.76831561159653
412,21,as,34.83552964750111
412,22,do,55.736185361915
412,23,several,28.979936932977328
412,24,buds.,6.232709668814297
413,1,Properly,0.0
413,2,"cultivated,",30.865729102070677
413,3,these,29.112734707327796
413,4,buds,67.78701068064886
413,5,will,51.32868753505847
413,6,become,19.59104766894956
413,7,bulbs,36.22879893832392
413,8,of,20.85252222586293
413,9,their,13.969826198323767
413,10,own.,26.989761455894605
414,1,The,0.0
414,2,'tulip,14.789803533263608
414,3,breaking',50.699786536862874
414,4,"virus,",40.704508465046615
414,5,which,58.25427169316089
414,6,many,73.13474998340419
414,7,botanists,75.86111665102713
414,8,have,60.7797509297558
414,9,"studied,",63.14123181005421
414,10,spreads,43.74727974164211
414,11,only,115.56633230598625
414,12,through,110.9521980711677
414,13,"buds,",112.6513962927207
414,14,not,156.5026360641607
414,15,"seeds,",262.4390669241408
414,16,and,230.20852306083253
414,17,so,245.72266007732492
414,18,cultivating,188.7626796816148
414,19,the,85.64338664251316
414,20,most,156.6452845156769
414,21,appealing,153.8456318914399
414,22,varieties,44.313067922485274
414,23,takes,59.16868166512082
414,24,years.,15.498420721541827
415,1,Propagation,0.0
415,2,is,16.12131660588399
415,3,greatly,61.605605427823576
415,4,slowed,56.32417713179612
415,5,down,9.379640504642198
415,6,by,22.121635822171005
415,7,the,4.558542154294861
415,8,virus.,5.869758307412704
416,1,Tulips,0.0
416,2,bloom,18.292360924899363
416,3,in,38.90065123320696
416,4,April,46.941905077617406
416,5,and,43.918624809822504
416,6,May,55.20112904580077
416,7,for,81.94928666916667
416,8,about,75.33823367002532
416,9,a,95.2023289066866
416,10,"week,",135.997409627053
416,11,and,266.8090907041512
416,12,the,89.6670074387046
416,13,secondary,79.83479953281814
416,14,buds,47.28849457662121
416,15,appear,25.9773897273131
416,16,shortly,7.550892935858833
416,17,thereafter.,15.415893487039401
417,1,Bulbs,0.0
417,2,can,12.29601657163909
417,3,be,29.7644416369237
417,4,uprooted,41.08788943862757
417,5,and,35.694172981921184
417,6,moved,85.70100151848281
417,7,about,136.8800541722969
417,8,from,137.47534941654857
417,9,June,128.0615935303723
417,10,to,143.8468209520096
417,11,"September,",151.28223701567046
417,12,and,141.00410114177194
417,13,thus,144.0972237360649
417,14,actual,45.02731896580287
417,15,purchases,61.43751199262738
417,16,occurred,31.437974715505792
417,17,during,27.02053521116337
417,18,these,9.492318899330396
417,19,months.,3.3556232621188227
418,1,As,0.0
418,2,the,23.222542173763667
418,3,flowers,90.26084289421578
418,4,grew,202.10399502438645
418,5,in,260.8033798317596
418,6,"popularity,",262.98460139612246
418,7,professional,159.71639141735244
418,8,growers,163.421169793491
418,9,paid,76.92407623458547
418,10,higher,93.69713451056084
418,11,and,90.44723528346378
418,12,higher,128.72107119507783
418,13,prices,132.41041253746192
418,14,for,48.10385744505575
418,15,bulbs,17.92371319981878
418,16,with,51.62501181517943
418,17,the,18.394116451518972
418,18,virus.,10.783105674057788
419,1,By,0.0
419,2,sixteen,15.49236229306663
419,3,"thirty-four,",49.39983709619004
419,4,in,88.85447058918905
419,5,part,62.53014838647066
419,6,as,71.73208080881584
419,7,a,175.21703914660702
419,8,result,178.79728316542932
419,9,of,320.9179328248552
419,10,demand,280.0421998084708
419,11,from,288.565503137054
419,12,the,131.21840972742964
419,13,"French,",202.76131684356773
419,14,speculators,231.78279549255592
419,15,began,145.21519919377303
419,16,to,71.34737055982852
419,17,enter,29.691603705864022
419,18,the,15.576359737635256
419,19,market.,9.293724453867295
420,1,In,0.0
420,2,sixteen,21.28808406858121
420,3,"thirty-six,",20.235752496898236
420,4,the,41.19113887910776
420,5,Dutch,51.2956651462663
420,6,created,54.81680216764007
420,7,a,51.96781049409075
420,8,type,51.77369298813129
420,9,of,74.17142391058732
420,10,formal,92.46131275686318
420,11,futures,75.60096984592191
420,12,"markets,",72.10001756836667
420,13,which,56.22600891873567
420,14,merchants,81.81350309864011
420,15,used,68.88436301076145
420,16,to,85.08460279909168
420,17,sell,66.8339359722063
420,18,and,70.3713906215026
420,19,buy,64.39574463824765
420,20,contracts,61.91755168754216
420,21,to,86.21677645652447
420,22,buy,72.0979436295799
420,23,bulbs,78.64153677788563
420,24,at,77.4961978485293
420,25,the,53.38239818462197
420,26,end,100.52938925197833
420,27,of,31.826481836225113
420,28,the,9.843526583964328
420,29,season.,3.0773835690806726
421,1,Traders,0.0
421,2,met,13.962374362044532
421,3,at,53.24446110108589
421,4,taverns,52.266584258614444
421,5,and,66.63463542509778
421,6,buyers,86.134021500617
421,7,were,70.08558701458504
421,8,required,86.04490559438472
421,9,to,95.45787087631497
421,10,pay,52.670769328535336
421,11,a,19.133371566057075
421,12,fee,67.10026469369677
421,13,per,25.614630580708905
421,14,trade.,9.784396469629016
422,1,People,0.0
422,2,were,22.739412638543488
422,3,purchasing,27.473105772588845
422,4,bulbs,46.6199686896755
422,5,at,71.27768131938758
422,6,higher,114.23459290419734
422,7,and,198.27053475732342
422,8,higher,284.6667596315846
422,9,"prices,",263.140915739561
422,10,intending,273.51897353361085
422,11,to,134.0987160880394
422,12,re-sell,160.26712630073087
422,13,them,75.7943080984903
422,14,for,15.554087328664666
422,15,a,5.554049744474931
422,16,profit.,2.9153148063976935
423,1,"However,",0.0
423,2,such,43.70926688927419
423,3,a,55.7252104019138
423,4,scheme,73.46647975141683
423,5,could,65.6011964915774
423,6,not,78.30917273785661
423,7,last,108.83692978961895
423,8,unless,126.58011984136681
423,9,someone,113.5051009733386
423,10,was,196.32188189206934
423,11,ultimately,333.559118576776
423,12,willing,286.35541738043156
423,13,to,239.051241511696
423,14,pay,239.15125320679104
423,15,such,325.0561773061243
423,16,high,122.89363973134945
423,17,prices,67.70485701908449
423,18,and,50.505197411479095
423,19,take,37.153579061046536
423,20,possession,20.23442042677381
423,21,of,26.145219682400946
423,22,the,6.97108110155829
423,23,bulbs.,3.716410750571597
424,1,In,0.0
424,2,February,21.802024639668765
424,3,sixteen,33.424021940519616
424,4,"thirty-seven,",34.07361141971809
424,5,tulip,56.765922825704486
424,6,traders,111.64174806325946
424,7,could,112.39642582144116
424,8,no,112.13286722450812
424,9,longer,180.9230850403781
424,10,find,163.4376956064124
424,11,new,147.9104359696939
424,12,buyers,136.6088282448231
424,13,willing,148.13909515918323
424,14,to,148.64959022984343
424,15,pay,165.59511494387846
424,16,increasingly,148.50515464210858
424,17,inflated,75.3684691229559
424,18,prices,104.09351688407743
424,19,for,40.27814710833359
424,20,their,7.954864956896512
424,21,bulbs.,6.539695809146093
425,1,As,0.0
425,2,this,23.055493361188812
425,3,realization,34.571666297310756
425,4,set,67.69930572008427
425,5,"in,",95.7944163305344
425,6,the,153.10041558681277
425,7,demand,258.5344993981826
425,8,for,229.74296912063465
425,9,tulips,190.18960795501195
425,10,"collapsed,",68.8431413490894
425,11,and,59.037366058753314
425,12,prices,80.35077455117624
425,13,plummeted.,29.485905608372814
426,1,The,0.0
426,2,speculative,8.627354208216415
426,3,bubble,11.62366450066831
426,4,burst.,15.061161597157845
427,1,Some,0.0
427,2,were,10.562231263136374
427,3,left,17.19464313165369
427,4,holding,22.497133111036412
427,5,contracts,34.64059212826235
427,6,to,51.483547249236075
427,7,purchase,59.59702073632744
427,8,tulips,58.710714680446685
427,9,at,65.3373837042864
427,10,prices,77.06489992867822
427,11,now,98.98916467710073
427,12,ten,99.0878655204309
427,13,times,97.81008154776657
427,14,greater,128.74948836143219
427,15,than,129.34996991450328
427,16,those,132.39148275104677
427,17,on,175.8858834594308
427,18,the,286.8786408870821
427,19,open,319.3726700827141
427,20,"market,",424.266866644426
427,21,while,747.67787304687
427,22,others,387.35724170595796
427,23,found,435.16121463653946
427,24,themselves,307.65190658512574
427,25,in,396.4640876723635
427,26,possession,453.21167370783303
427,27,of,352.9558323855913
427,28,bulbs,341.9791603401021
427,29,now,343.75912823583235
427,30,worth,316.60467277867536
427,31,a,191.4308878361087
427,32,fraction,124.3157828454603
427,33,of,78.76983239577628
427,34,the,99.84601289960676
427,35,price,43.22291171732238
427,36,they,52.050614475802625
427,37,had,19.68213663942579
427,38,paid.,5.02686004396611
428,1,The,0.0
428,2,event,14.369530217280767
428,3,was,21.151794009147867
428,4,popularized,27.68879265468891
428,5,in,41.74836335583386
428,6,eighteen,42.17663076939411
428,7,forty-one,53.37744255828194
428,8,by,54.689229220848354
428,9,the,65.15583125079897
428,10,book,56.30381507386457
428,11,'Extraordinary,145.67396222701896
428,12,Popular,120.88212720720503
428,13,Delusions,127.09098570662225
428,14,and,157.40621347775433
428,15,the,155.1519140772828
428,16,Madness,169.93784456124897
428,17,of,205.82290865459942
428,18,"Crowds',",208.69576532871307
428,19,that,150.2073160387446
428,20,a,137.96121338992617
428,21,British,104.93098883170882
428,22,journalist,86.06311045242867
428,23,Charles,64.05784357915289
428,24,Mackay,26.85133774946333
428,25,wrote.,26.91623518627653
429,1,That,0.0
429,2,crowds,36.379170937209906
429,3,of,67.18593337967516
429,4,people,92.95999915474981
429,5,often,81.6128260023941
429,6,behave,106.79763931563777
429,7,irrationally,62.060307606717345
429,8,was,73.14913461232236
429,9,the,129.10422803226905
429,10,main,141.604249736431
429,11,thesis,233.84572188621047
429,12,of,303.4661598077577
429,13,the,257.5630739689103
429,14,"book,",169.4471584523152
429,15,and,202.6618738950991
429,16,tulip,200.82030275973437
429,17,mania,127.36249127788633
429,18,was,90.1115144000639
429,19,one,91.88592506339246
429,20,of,46.99418638462283
429,21,the,45.429559137669735
429,22,primary,7.790678005499965
429,23,examples.,4.583206914494134
430,1,According,0.0
430,2,to,29.870662249680194
430,3,"Mackay,",34.41925389625493
430,4,at,59.884845397366604
430,5,one,115.53938744011027
430,6,point,167.92348606819806
430,7,twelve,318.3405306501036
430,8,acres,303.3920710576272
430,9,of,301.86901746708793
430,10,land,302.01425337608856
430,11,were,176.8911753683457
430,12,offered,110.31679845053529
430,13,for,112.65002425812779
430,14,a,139.95535712818597
430,15,Semper,41.79984909259423
430,16,Augustus,28.180347211516068
430,17,bulb.,14.887971160508148
431,1,He,0.0
431,2,claims,21.840039684815483
431,3,that,44.23066875568678
431,4,many,30.65832352857496
431,5,such,39.800524140501025
431,6,investors,47.63999469625511
431,7,ruined,58.689779232357154
431,8,by,46.16604799994726
431,9,the,85.54946691687698
431,10,fall,249.10466038242825
431,11,in,301.16343594021333
431,12,prices,156.57479018145165
431,13,were,245.6774265763562
431,14,"desperate,",181.54224666105534
431,15,and,130.37107442428646
431,16,Dutch,77.36681646116811
431,17,commerce,77.73032228119995
431,18,suffered,43.6023534444087
431,19,a,20.75303659613736
431,20,severe,11.102291535402754
431,21,shock.,2.8281509731206587
432,1,In,0.0
432,2,Mackay's,13.548165842261717
432,3,"account,",25.3906283911842
432,4,the,101.08163631431232
432,5,panicked,99.77503458470412
432,6,tulip,97.95794225598466
432,7,speculators,112.99717497951701
432,8,sought,127.90104703786129
432,9,help,128.88284990028663
432,10,from,152.15313858551343
432,11,the,111.30450762714788
432,12,government,121.02505029351684
432,13,of,113.38397152854411
432,14,the,115.88833335940488
432,15,"Netherlands,",166.35383412237277
432,16,which,125.6867878642417
432,17,responded,169.38291192532827
432,18,by,174.27453569576505
432,19,declaring,258.6951631828615
432,20,that,213.65047990272296
432,21,anyone,243.37735261749629
432,22,who,222.30336699925178
432,23,had,325.60987613850773
432,24,bought,191.39739309696594
432,25,contracts,222.49900311201836
432,26,to,289.1771443003743
432,27,purchase,310.49010806715995
432,28,bulbs,367.7787628730988
432,29,in,533.9245279129088
432,30,the,497.5473120744739
432,31,future,168.37582606538223
432,32,could,183.42642821799782
432,33,void,230.2012696925324
432,34,their,320.78090599174556
432,35,contract,118.31628983382804
432,36,by,54.39310932061012
432,37,payment,160.11215651765673
432,38,of,56.179107465525384
432,39,a,49.96442374711525
432,40,ten,38.514169656968775
432,41,percent,31.95821996903181
432,42,fee.,6.307623510414953
433,1,Attempts,0.0
433,2,that,28.063386002741385
433,3,were,46.09025249398961
433,4,made,53.39223960159687
433,5,to,52.63496077780353
433,6,resolve,85.33918716932004
433,7,the,158.15445048566121
433,8,situation,78.61619307048919
433,9,to,163.38260887541043
433,10,the,100.57961035731124
433,11,satisfaction,61.9381370219502
433,12,of,70.35680279508244
433,13,all,44.32683930426612
433,14,parties,32.20399447153791
433,15,were,37.64064383610304
433,16,unsuccessful.,5.212748025398166
434,1,The,0.0
434,2,mania,26.724183241835625
434,3,finally,37.472259645424955
434,4,"ended,",41.27344152064346
434,5,Mackay,65.14936848674485
434,6,"says,",109.25699053504532
434,7,with,158.04006138491937
434,8,individuals,154.10313085165242
434,9,stuck,277.8156986517888
434,10,with,242.78095737220966
434,11,the,226.6083032571125
434,12,bulbs,156.46760027447488
434,13,they,112.93337994998429
434,14,held,119.3841205679981
434,15,at,138.60820102959107
434,16,the,156.11125308180038
434,17,end,92.00252547406346
434,18,of,27.954795372315765
434,19,the,10.727613770740998
434,20,crash.,5.760455332908895
435,1,No,0.0
435,2,court,13.964204257449712
435,3,would,34.30510969880788
435,4,enforce,57.0507866334264
435,5,payment,53.22016545596381
435,6,of,76.5611548330991
435,7,a,100.98512652995414
435,8,"contract,",158.0818270277161
435,9,since,176.51017257086087
435,10,judges,289.54606841232373
435,11,regarded,261.99398270301384
435,12,the,185.16280410117048
435,13,debts,214.8004738864902
435,14,as,188.72346067192072
435,15,contracted,116.3995339028989
435,16,through,393.73408701132786
435,17,"gambling,",386.0192369761981
435,18,and,119.73601052930583
435,19,thus,90.0406444342313
435,20,not,19.616347821739673
435,21,enforceable,21.832809921134174
435,22,by,23.19638372274382
435,23,law.,5.416227318278784
436,1,Although,0.0
436,2,Mackay's,33.887700925857814
436,3,book,66.70404624712481
436,4,is,158.3950143142433
436,5,a,145.56092319008638
436,6,classic,130.50220758393368
436,7,that,155.8670069326807
436,8,many,186.0962213646021
436,9,publishing,180.2916493618741
436,10,houses,183.55535518419978
436,11,continue,122.94077742422853
436,12,reprinting,90.60496796782405
436,13,"today,",80.04271099328137
436,14,his,78.2033300569754
436,15,account,52.820994956749296
436,16,is,13.20518753687687
436,17,contested.,3.8021682333424063
437,1,Many,0.0
437,2,modern,20.13078666956244
437,3,scholars,34.988883137622466
437,4,believe,29.160994071055807
437,5,the,33.74538734606065
437,6,mania,44.60804650285672
437,7,was,53.54442704934537
437,8,not,78.43776726159446
437,9,as,139.64121224225877
437,10,extraordinary,183.2624824883925
437,11,as,169.05847800533053
437,12,Mackay,85.44808847565554
437,13,"described,",149.46328245880747
437,14,with,125.11601244449747
437,15,some,155.6312228459314
437,16,arguing,134.31132869426395
437,17,that,205.25383302538503
437,18,the,181.227784123172
437,19,price,156.7586855115961
437,20,changes,201.4748723405539
437,21,may,101.32205318371922
437,22,not,49.92924377684897
437,23,have,37.40163923179321
437,24,constituted,38.73496119106307
437,25,a,20.257195643147572
437,26,bubble.,12.180060472471713
438,1,Research,0.0
438,2,on,20.212825145746415
438,3,the,24.689264566839373
438,4,tulip,28.74243112253579
438,5,mania,42.69905971619765
438,6,is,39.346699933039915
438,7,difficult,58.77900813119105
438,8,because,75.79785661652556
438,9,of,95.6674229652761
438,10,the,113.47597158383135
438,11,limited,82.54958420080136
438,12,data,104.17662259860133
438,13,from,29.762404889385195
438,14,the,18.957108987191642
438,15,sixteen,25.43373543416417
438,16,thirties.,15.461433728555223
439,1,"However,",0.0
439,2,some,41.86122112305245
439,3,modern,67.72826484676715
439,4,economists,54.442397312572936
439,5,have,35.77146817659436
439,6,proposed,85.14267153727695
439,7,rational,82.63825673575973
439,8,"explanations,",67.11234802276374
439,9,rather,42.91767133525829
439,10,than,111.27609746908655
439,11,a,121.49514663948933
439,12,speculative,222.0728703471206
439,13,"mania,",182.6659909328214
439,14,for,98.33783404554491
439,15,the,231.42285781807936
439,16,rise,71.07078459956011
439,17,and,31.695870224715545
439,18,fall,83.4976221447139
439,19,in,19.36306826305739
439,20,prices.,6.712972888774235
440,1,For,0.0
440,2,"example,",19.109022606313218
440,3,other,26.895186537493096
440,4,"flowers,",36.70311573854858
440,5,such,78.68210473350176
440,6,as,87.96591121661669
440,7,the,90.22799420790099
440,8,"hyacinth,",42.830882268300854
440,9,also,39.61443972918506
440,10,had,89.05958810549768
440,11,high,83.87084917122213
440,12,prices,64.66228876800832
440,13,on,127.16434335850391
440,14,the,112.9348727163981
440,15,flower's,97.30000766261836
440,16,"introduction,",108.50865807676722
440,17,which,61.14713156190723
440,18,then,38.37763777111772
440,19,fell,22.878764419118816
440,20,dramatically.,11.427483583477297
441,1,The,0.0
441,2,high,14.369530217280767
441,3,prices,23.804118705921343
441,4,may,33.35216483726671
441,5,also,54.92469307590174
441,6,have,59.917511782071486
441,7,been,68.6027711729722
441,8,driven,77.43492988907269
441,9,by,48.626248297702126
441,10,expectations,42.38241231071773
441,11,of,57.37835786094117
441,12,a,55.907513903637536
441,13,parliamentary,68.6106018870313
441,14,decree,108.69179947796596
441,15,that,139.69120415921157
441,16,contracts,95.82504437686126
441,17,could,228.42311028036733
441,18,be,187.2056142001016
441,19,voided,107.77659208157301
441,20,for,135.39732191425236
441,21,a,159.5412570124299
441,22,small,117.88716388287469
441,23,"cost,",75.46384954024153
441,24,thus,85.1973881831121
441,25,lowering,36.0072905509813
441,26,the,247.43934902046198
441,27,risk,55.08162954508201
441,28,to,31.071504504419835
441,29,buyers.,10.600506277526858
442,1,Despite,0.0
442,2,these,19.944478551813365
442,3,disagreements,17.702708775387777
442,4,about,27.79053931076586
442,5,whether,38.45109357134845
442,6,the,60.638505706185796
442,7,phenomenon,69.22462879368436
442,8,technically,63.549112228198524
442,9,constituted,65.04826160612912
442,10,an,57.49805847387229
442,11,economic,65.45032780679571
442,12,"bubble,",68.174829838518
442,13,the,81.33333665251166
442,14,term,72.84831838183702
442,15,'tulip,86.71259968723953
442,16,mania',111.06967477644051
442,17,is,202.34853337202998
442,18,still,163.7086222840737
442,19,often,113.74760270243058
442,20,used,184.00278972023338
442,21,metaphorically,211.91296773017606
442,22,to,302.57705009070264
442,23,refer,321.01815468274964
442,24,to,225.84066531631845
442,25,any,147.90910705975068
442,26,large,312.06011292138476
442,27,economic,115.32726803713273
442,28,"bubble,",139.07742284378392
442,29,when,189.4461596320357
442,30,asset,64.05246840651054
442,31,prices,69.6140976306384
442,32,deviate,53.96139062370585
442,33,from,27.75674641013831
442,34,intrinsic,10.797810632083909
442,35,values.,7.249541733183763
443,1,Tourette's,0.0
443,2,"syndrome,",15.372482130248011
443,3,a,54.08569566365503
443,4,neurological,41.64975675899637
443,5,disorder,62.746059533947445
443,6,characterized,48.9770125895643
443,7,by,58.85784858998223
443,8,"repetitive,",59.57287368421569
443,9,involuntary,44.78391234999336
443,10,"movements,",46.471268104181924
443,11,was,38.77694359649339
443,12,named,70.05569281822942
443,13,for,56.29659145856303
443,14,Dr.,67.33532266969412
443,15,Georges,71.70690272071216
443,16,Gilles,67.82455973880307
443,17,de,81.29521996561829
443,18,la,100.18673370562819
443,19,"Tourette,",101.4334268266522
443,20,the,74.46517002028702
443,21,pioneering,65.8647884531447
443,22,French,46.93530687722573
443,23,neurologist,66.70016477067749
443,24,who,85.96061216767396
443,25,first,81.67633283199966
443,26,described,170.22891694266704
443,27,the,97.43931120206013
443,28,condition,110.50944262412045
443,29,in,144.1515336214329
443,30,an,82.0885579618614
443,31,eighty-six-year-old,138.24528341172302
443,32,French,43.77400262091149
443,33,noblewoman.,20.4434232407693
444,1,It,0.0
444,2,is,20.945108011063358
444,3,almost,11.962047589512222
444,4,always,24.059803937097872
444,5,in,26.673102674702864
444,6,childhood,36.74324513840501
444,7,that,39.08727545506832
444,8,the,68.52613776753955
444,9,early,119.4578580435642
444,10,symptoms,166.0422682882779
444,11,of,114.35229387484688
444,12,Tourette's,103.94173686322883
444,13,are,67.78931163653476
444,14,first,111.20597747659869
444,15,"noticed,",93.259474866463
444,16,with,58.84553832980745
444,17,the,86.2827661136692
444,18,average,101.14674344248415
444,19,onset,99.59297375050075
444,20,between,221.9303385213395
444,21,the,58.97104869941628
444,22,ages,60.33764882330135
444,23,of,58.67007994181745
444,24,seven,85.68380718749967
444,25,and,59.65214529276367
444,26,ten,7.274513824028801
444,27,years.,0.7929177552291414
445,1,It,0.0
445,2,is,13.423426137660318
445,3,estimated,6.959911207284028
445,4,that,29.267483664678245
445,5,two,26.776136448938868
445,6,hundred,42.12004348976337
445,7,thousand,27.711421271976185
445,8,Americans,29.486780548611243
445,9,have,49.66389599065444
445,10,the,104.71066286808654
445,11,most,97.80956594377928
445,12,severe,68.31481236546536
445,13,form,52.47077005891204
445,14,of,52.545389547503085
445,15,"Tourette's,",62.72336435937429
445,16,and,70.67069873612253
445,17,as,126.38286356603778
445,18,many,82.5894664615885
445,19,as,93.3915946045869
445,20,one,181.30112354489268
445,21,in,209.37195381667667
445,22,a,138.8495190880885
445,23,hundred,169.49922121236702
445,24,people,120.70480750472932
445,25,exhibit,197.0909337882275
445,26,milder,148.3282306717125
445,27,and,100.89783260792511
445,28,less,149.19088558745528
445,29,complex,142.58396713723198
445,30,symptoms,281.4240288133582
445,31,that,209.4551493061443
445,32,include,274.2611655233225
445,33,chronic,162.83447307984315
445,34,motor,261.85356432903353
445,35,and,261.5110533555993
445,36,vocal,282.41807942026475
445,37,tics,350.6377131470896
445,38,or,113.82126953612286
445,39,transient,272.24237991736663
445,40,tics,60.47291524199676
445,41,of,23.812478159142675
445,42,childhood.,8.82626235003469
446,1,For,0.0
446,2,the,16.354867669894478
446,3,majority,29.130896075258907
446,4,of,29.517318390037723
446,5,people,66.14037930029738
446,6,diagnosed,100.56036309092258
446,7,with,105.91370627637362
446,8,the,75.5671621843459
446,9,"disorder,",115.70941292840627
446,10,Tourette's,209.21572666844204
446,11,is,138.08443216595464
446,12,not,118.97154098189293
446,13,a,91.00091975529585
446,14,chronic,89.17275894563434
446,15,condition,45.71654907016402
446,16,with,102.75830569001337
446,17,symptoms,76.95262807410437
446,18,lasting,97.4412219561835
446,19,a,40.12900849108995
446,20,lifetime.,19.023126113862197
447,1,Rather,0.0
447,2,it,46.05561656396704
447,3,is,57.971257042901044
447,4,a,68.96396982424488
447,5,condition,68.7263145662542
447,6,whose,62.75379256186084
447,7,severity,93.24179616784153
447,8,peaks,108.70084198178301
447,9,in,96.5857893390001
447,10,the,254.2692209637496
447,11,early,205.82071759562743
447,12,"teens,",234.67070546413427
447,13,with,373.67241191397994
447,14,improvement,279.0165303631858
447,15,occurring,346.39117033065895
447,16,in,154.77048132317083
447,17,the,154.66809747137242
447,18,late,66.78186788069227
447,19,teens,48.1902418368357
447,20,and,34.40394209811704
447,21,continuing,16.999120613428012
447,22,into,21.426271908196707
447,23,adulthood.,8.209546660592759
448,1,"However,",0.0
448,2,approximately,40.14564327383128
448,3,ten,57.28284351216619
448,4,percent,66.04537745982198
448,5,of,85.1021957643617
448,6,those,121.50027378627686
448,7,affected,76.1418067837779
448,8,have,136.0525390097524
448,9,a,133.9232376318238
448,10,progressive,154.67907735975146
448,11,or,95.1938668443162
448,12,disabling,144.6315693607467
448,13,course,63.11296783724611
448,14,that,36.58146335900632
448,15,lasts,37.47949675599013
448,16,into,24.168617422105036
448,17,adulthood.,11.473741777905891
449,1,It,0.0
449,2,is,22.576093785700543
449,3,not,11.710046914647776
449,4,uncommon,35.39165205940049
449,5,for,42.40369395988345
449,6,symptoms,58.293354750569456
449,7,to,65.28338373165523
449,8,be,100.63037275653991
449,9,present,196.59723712299035
449,10,for,216.15168980754137
449,11,an,141.9282954055944
449,12,extended,151.92447053891757
449,13,period,172.89559152786322
449,14,of,278.10487664430764
449,15,time,149.14372992238918
449,16,before,261.13234205495456
449,17,a,381.7210039141374
449,18,formal,91.36441050534789
449,19,diagnosis,98.99531434673897
449,20,of,38.99287211421792
449,21,Tourette's,275.2686866713579
449,22,is,13.879601528003061
449,23,obtained.,29.316024940889573
450,1,The,0.0
450,2,reasons,9.187657174392962
450,3,for,42.86384076553823
450,4,this,42.37012948177576
450,5,are,39.20012943866859
450,6,many,57.20408508909947
450,7,and,52.66903518447103
450,8,may,46.865434367772465
450,9,include,61.50919350159374
450,10,the,55.31239184591526
450,11,fact,54.385789051058794
450,12,that,71.79207988027439
450,13,for,77.63611966560093
450,14,families,70.28559389444065
450,15,and,87.53424387803153
450,16,physicians,75.48278078850923
450,17,unfamiliar,101.9342812378356
450,18,with,106.58410049684697
450,19,"Tourette's,",150.24403846228745
450,20,mild,218.44402936262668
450,21,and,184.45080796538403
450,22,even,172.30568501601098
450,23,moderate,187.71795584848408
450,24,tic,134.93121573776253
450,25,symptoms,110.23993484632445
450,26,may,85.8785470341791
450,27,be,92.92596284223947
450,28,considered,72.40466858200962
450,29,"inconsequential,",69.69605430757404
450,30,part,185.81042584086913
450,31,of,258.33756490239335
450,32,a,230.19607186087538
450,33,developmental,152.40220790208525
450,34,"phase,",167.26546488156706
450,35,or,55.046253509219284
450,36,the,64.7933693117133
450,37,result,142.33186757234327
450,38,of,25.466722622608813
450,39,another,6.377357488514755
450,40,condition.,6.259118403297174
451,1,For,0.0
451,2,"example,",16.354867669894478
451,3,parents,33.024082477313584
451,4,may,78.00097569992684
451,5,think,63.461700498053645
451,6,that,65.7412471236545
451,7,eye,81.64672722253218
451,8,blinking,124.74553756498521
451,9,is,247.28492708812215
451,10,related,276.5385155865066
451,11,to,186.76673494103514
451,12,vision,156.94203299100622
451,13,problems,261.28806065049054
451,14,or,206.6730409115936
451,15,that,145.40674641901535
451,16,sniffing,150.573926468092
451,17,is,46.47656491185452
451,18,related,54.30664676271535
451,19,to,125.71785702457018
451,20,seasonal,20.82366443995707
451,21,allergies.,32.87047891366896
452,1,There,0.0
452,2,are,17.406906183140382
452,3,many,13.274474715470454
452,4,patients,6.6475760947918445
452,5,who,13.808255549126843
452,6,are,33.68645405108949
452,7,self-diagnosed,32.10291502215499
452,8,after,53.76682263069029
452,9,"they,",56.23057024260186
452,10,their,70.4662558217619
452,11,"parents,",84.87706634679866
452,12,other,99.4273417310037
452,13,"relatives,",84.81934905516043
452,14,or,71.57086530379294
452,15,friends,144.4098842397325
452,16,read,117.851277810963
452,17,or,90.88274952998343
452,18,hear,99.51022713575185
452,19,about,144.68053110162083
452,20,Tourette's,65.5384486214101
452,21,from,22.94648832781702
452,22,others.,12.556435063649774
453,1,Tics,0.0
453,2,are,13.545617747306533
453,3,classified,75.33046486972054
453,4,as,25.879913873409365
453,5,either,26.17737713013349
453,6,simple,30.547985135208858
453,7,or,28.991903007497616
453,8,complex.,8.120808732569454
454,1,Simple,0.0
454,2,motor,9.370139022125644
454,3,tics,11.059241174142391
454,4,are,26.011505022855836
454,5,"sudden,",43.927607807642374
454,6,"brief,",128.96926567890037
454,7,repetitive,138.7017226153905
454,8,movements,138.6041107662056
454,9,that,131.10042997290307
454,10,involve,120.74018545389902
454,11,a,62.29563520851558
454,12,limited,63.905826517841284
454,13,number,29.033297769707758
454,14,of,29.487423806721136
454,15,muscle,13.65687303392896
454,16,groups.,8.816739335424609
455,1,Some,0.0
455,2,of,12.699925394427034
455,3,the,23.015367057020107
455,4,more,21.353795543788173
455,5,common,39.199244415947256
455,6,simple,25.96886553621007
455,7,tics,37.035089721925445
455,8,include,24.304455105360347
455,9,eye,35.588067941506075
455,10,"blinking,",158.70825113177395
455,11,facial,150.1066812505055
455,12,"grimacing,",184.2748549230434
455,13,shoulder,145.65423117343343
455,14,"shrugging,",183.16539828198043
455,15,and,95.23980712948648
455,16,head,52.64031336159958
455,17,or,16.979949481609108
455,18,shoulder,23.91614152961674
455,19,jerking.,3.2335405490655433
456,1,Simple,0.0
456,2,"vocalizations,",11.372261981463565
456,3,which,26.991229646928154
456,4,motor,39.01722898516371
456,5,tics,35.730899533047634
456,6,typically,37.51844799407127
456,7,"precede,",46.344966367154065
456,8,might,126.99232648309359
456,9,include,102.15829036041092
456,10,repetitive,158.76037150601383
456,11,"throat-clearing,",147.06204383316114
456,12,"sniffing,",84.21848389478656
456,13,or,36.07761963137694
456,14,grunting,13.384936468767343
456,15,sounds.,6.051885127194005
457,1,Complex,0.0
457,2,tics,8.040239146770356
457,3,are,20.76590346472552
457,4,"distinct,",30.676028798515983
457,5,coordinated,39.484308755440075
457,6,patterns,88.69909733481596
457,7,of,66.77367617504903
457,8,movement,60.48585459321057
457,9,that,55.78844573540714
457,10,involve,23.925679182234553
457,11,several,11.731795647195405
457,12,muscle,20.190504828858643
457,13,groups.,9.132416332827876
458,1,Complex,0.0
458,2,motor,7.469390892373504
458,3,tics,17.278471603267846
458,4,might,28.26263203134957
458,5,include,43.96405230722141
458,6,facial,55.13402210336471
458,7,grimacing,81.2572993389469
458,8,combined,90.76378861443368
458,9,with,93.18287009614171
458,10,a,131.76318713178222
458,11,head,142.5695990186483
458,12,twist,142.69536202002232
458,13,and,33.92470899108589
458,14,a,18.708720603679172
458,15,shoulder,10.539214104794056
458,16,shrug.,4.195267336522658
459,1,Other,0.0
459,2,complex,11.515371496968923
459,3,motor,22.62660302646714
459,4,tics,25.41787181894208
459,5,may,32.40540275202407
459,6,actually,50.11548304779313
459,7,appear,51.79881827756114
459,8,"purposeful,",58.389479637755
459,9,including,114.00815435469593
459,10,sniffing,102.26736313344931
459,11,or,111.84286904672736
459,12,touching,82.95053578190773
459,13,"objects,",130.79812093300822
459,14,"hopping,",144.30832057319608
459,15,"jumping,",85.7631336047687
459,16,"bending,",27.948094487532607
459,17,or,18.219822232903265
459,18,twisting.,3.304071679516431
460,1,Complex,0.0
460,2,vocal,16.352732333301365
460,3,tics,21.743100631760754
460,4,include,37.680084168658176
460,5,words,36.82372889142518
460,6,or,15.3152176689295
460,7,phrases.,15.574896659726535
461,1,Perhaps,0.0
461,2,the,29.02440304198345
461,3,most,41.70958333185611
461,4,dramatic,34.694267913596626
461,5,and,21.970136992956558
461,6,disabling,28.331539116192214
461,7,tics,33.080652214713936
461,8,include,43.84343743451831
461,9,motor,36.84661427881019
461,10,movements,30.45609575075744
461,11,that,40.408851886069804
461,12,result,56.69197458539975
461,13,in,62.877652403220424
461,14,self-harm,54.35189135656506
461,15,such,66.02417440672771
461,16,as,81.03982710494822
461,17,punching,108.03079774600417
461,18,oneself,99.12118853489677
461,19,in,203.43534161780082
461,20,the,183.6279930886876
461,21,"face,",164.93874074910343
461,22,or,241.49516863904358
461,23,vocal,261.3544318511462
461,24,tics,241.03554173694238
461,25,including,178.25505480193652
461,26,"coprolalia,",148.53297188998104
461,27,which,125.01958959736932
461,28,involves,107.6141328840104
461,29,uttering,78.16381214143412
461,30,swear,126.1854660929524
461,31,"words,",296.85057781748856
461,32,or,213.4663189023786
461,33,"echolalia,",439.5422972449656
461,34,which,207.19796984120575
461,35,involves,152.89018162963663
461,36,repeating,63.99425281663926
461,37,the,99.76732611806304
461,38,words,131.67345006721067
461,39,or,112.16129857943118
461,40,phrases,61.01008873441106
461,41,of,30.3301163468385
461,42,others.,12.488824056859212
462,1,Tics,0.0
462,2,are,12.006754135638708
462,3,often,23.812320902506293
462,4,worse,31.758339697966758
462,5,with,52.18316441777874
462,6,excitement,41.9705621890262
462,7,or,82.2505982096865
462,8,anxiety,86.50356887769316
462,9,and,51.02060710136598
462,10,better,35.76871877594635
462,11,during,78.88956839413781
462,12,"calm,",27.236776823303792
462,13,focused,24.55812006171165
462,14,activities.,7.258684955684354
463,1,Certain,0.0
463,2,physical,30.65166160861114
463,3,experiences,42.220735032277275
463,4,can,50.902241761736164
463,5,trigger,43.4386999993185
463,6,or,33.75020217235421
463,7,worsen,48.17102492538492
463,8,tics.,13.755793402364038
464,1,For,0.0
464,2,"example,",19.408236646423127
464,3,tight,27.31991910563883
464,4,collars,31.906772764446924
464,5,may,50.9602840145932
464,6,trigger,53.67043667384074
464,7,neck,58.66642054871697
464,8,"tics,",63.012520854061734
464,9,or,76.36106617549302
464,10,hearing,97.74175284057877
464,11,another,148.11504390140803
464,12,person,170.36229155220295
464,13,sniff,256.8626120215866
464,14,or,306.1794736801108
464,15,throat-clear,293.50121397210887
464,16,may,239.2162267904345
464,17,trigger,128.05578307501509
464,18,the,88.2400430489508
464,19,production,39.89937121208009
464,20,of,36.150913886153944
464,21,similar,15.010130002084916
464,22,sounds.,5.343562518660328
465,1,Tics,0.0
465,2,come,14.19317507950242
465,3,and,28.031137191912798
465,4,go,95.89197589699344
465,5,over,78.59084248378672
465,6,"time,",69.56338852453366
465,7,varying,127.36689850529734
465,8,in,107.73952397290195
465,9,"type,",92.15471274982932
465,10,"frequency,",106.01885646911114
465,11,"location,",68.8401207532988
465,12,and,4.744815402561476
465,13,severity.,1.6379817789619966
466,1,The,0.0
466,2,first,14.789803533263608
466,3,symptoms,19.185538375612687
466,4,Tourette's,36.3117368837719
466,5,patients,70.88942162795827
466,6,experience,71.8557776106224
466,7,usually,76.38857024295828
466,8,occur,114.07638537573804
466,9,in,84.6443177538371
466,10,the,76.97635104924582
466,11,head,102.32766145472037
466,12,and,59.31691121700597
466,13,neck,65.53478797068648
466,14,"area,",58.70360835731304
466,15,though,140.59565816837664
466,16,they,147.59345818554166
466,17,may,131.7382131870851
466,18,progress,130.98957494365376
466,19,to,219.75829240338285
466,20,include,163.95753277466744
466,21,muscles,249.2952295423351
466,22,of,301.25900446352335
466,23,the,266.1319094463355
466,24,trunk,104.31785617034674
466,25,and,87.90750676829693
466,26,extremities.,60.91606907610581
467,1,The,0.0
467,2,symptoms,12.175518647138572
467,3,of,23.182167870612417
467,4,Tourette's,49.735414116102476
467,5,are,84.45175325121494
467,6,"involuntary,",75.05598881411073
467,7,but,57.703638279546446
467,8,there,70.54664223260168
467,9,are,70.46107845604033
467,10,some,73.82625679409747
467,11,people,53.987753263815165
467,12,who,75.76414904885236
467,13,can,89.41247810292452
467,14,sometimes,86.2466973961823
467,15,"suppress,",124.6097524466148
467,16,"camouflage,",76.85663985938167
467,17,or,85.54539402373925
467,18,otherwise,104.17977891020129
467,19,manage,93.07888843952547
467,20,their,110.89094855685039
467,21,tics,93.8637582680141
467,22,in,159.61916308947895
467,23,an,125.3050629975972
467,24,effort,143.21582572107445
467,25,to,52.58728860584122
467,26,minimize,128.6706166447942
467,27,their,35.79973725245018
467,28,impact,60.66006638645362
467,29,on,31.998367692430428
467,30,functioning.,2.48785925978229
468,1,"However,",0.0
468,2,people,44.429089955501425
468,3,affected,38.766535034480526
468,4,by,35.30419888143675
468,5,Tourette's,32.64107711384211
468,6,often,107.25245775480352
468,7,report,100.81589835322755
468,8,a,114.15064129300517
468,9,substantial,119.50775708988553
468,10,buildup,106.88937073402437
468,11,in,79.5778371584763
468,12,tension,77.68483237559661
468,13,when,98.93419902188498
468,14,suppressing,151.19509478233948
468,15,their,156.57096391143523
468,16,tics,116.94994821061613
468,17,to,98.17532867064055
468,18,the,216.95241058902943
468,19,point,144.31796776801357
468,20,where,186.86901801100012
468,21,they,216.76107627830888
468,22,often,384.4433592584116
468,23,feel,168.30415887397157
468,24,that,318.5472138964657
468,25,the,296.3106328676513
468,26,tic,131.70475559619496
468,27,must,23.46532211166572
468,28,be,18.424611936843217
468,29,expressed.,8.55078492812747
469,1,Tics,0.0
469,2,in,13.960190870309178
469,3,response,16.694888377539904
469,4,to,52.72072027062157
469,5,an,66.54897361842544
469,6,environmental,86.71933865543093
469,7,trigger,70.91523029045133
469,8,can,80.84778869725504
469,9,appear,84.22348343044715
469,10,to,156.3597846946143
469,11,be,94.23513889415712
469,12,voluntary,125.48710646155284
469,13,or,87.56000804001367
469,14,"purposeful,",179.65637675042936
469,15,but,34.089114957013855
469,16,are,18.311724473057836
469,17,not.,4.060091951737748
470,1,Many,0.0
470,2,people,15.980407780379073
470,3,with,22.566969074176367
470,4,Tourette's,34.96011938323096
470,5,experience,64.66551249680742
470,6,additional,80.52514855630581
470,7,neurobehavioral,86.07002882002276
470,8,problems,78.36820750259179
470,9,that,99.37325215541144
470,10,include,183.38105764685636
470,11,"inattention,",104.9108974529719
470,12,hyperactivity,154.58281867006355
470,13,and,71.6985248653472
470,14,impulsivity.,63.534001295047936
471,1,People,0.0
471,2,with,12.646120966069907
471,3,Tourette's,27.682884706666474
471,4,have,60.715031106513706
471,5,also,55.92468000796811
471,6,reported,50.32085303463323
471,7,problems,67.50456598089399
471,8,with,60.15335898645365
471,9,depression,56.23805888316838
471,10,or,69.57437262648764
471,11,anxiety,64.58213633956504
471,12,"disorders,",45.8305662584234
471,13,as,46.842246978852536
471,14,well,63.62255931105865
471,15,as,75.11504249693749
471,16,other,111.65491608690542
471,17,difficulties,102.97994590205788
471,18,Tourette's,124.53295514171587
471,19,syndrome,96.76204231908383
471,20,may,75.59155161375729
471,21,or,150.48029894097962
471,22,may,97.04988228657892
471,23,not,53.38414057310461
471,24,directly,37.63592547326601
471,25,cause.,2.6350004051855587
472,1,Tourette's,0.0
472,2,is,21.767750561143618
472,3,a,29.58296829545568
472,4,diagnosis,51.51755441068708
472,5,doctors,40.867487480171455
472,6,make,55.56353535924781
472,7,after,65.02903428972795
472,8,verifying,57.91216517992579
472,9,that,73.15513302321915
472,10,the,89.10695006375349
472,11,patient,91.75638717181899
472,12,has,138.8326203307887
472,13,had,92.57572120565327
472,14,both,119.37785824972354
472,15,motor,229.6701317162718
472,16,and,216.96923840348572
472,17,vocal,353.0190827890644
472,18,tics,163.3965147046286
472,19,for,69.23865079718318
472,20,at,22.91454250742359
472,21,least,75.44621491486157
472,22,one,18.564801667950903
472,23,year.,2.36445315030773
473,1,The,0.0
473,2,existence,21.111711044607176
473,3,of,35.698932773766465
473,4,other,35.48248435248838
473,5,neurological,45.829540897858955
473,6,or,67.08708463126526
473,7,psychiatric,83.93569247800754
473,8,conditions,59.36392508237643
473,9,can,79.91661787120901
473,10,also,73.58352564014923
473,11,help,64.92962728563334
473,12,doctors,110.7246423223663
473,13,establish,102.45788173045682
473,14,the,99.42028717464795
473,15,diagnosis,125.10874119000165
473,16,of,188.94917276670486
473,17,Tourette's,213.57442229520538
473,18,is,61.63243475360492
473,19,the,85.59400240475935
473,20,correct,50.32151858868147
473,21,one.,13.992061733978879
474,1,Knowledgeable,0.0
474,2,clinicians,13.314574878276229
474,3,consulted,24.412607083286026
474,4,by,38.29512921260436
474,5,patients,56.498178858980054
474,6,do,62.08441200713167
474,7,not,106.25817204761324
474,8,often,66.67511876524969
474,9,misdiagnose,54.51360724511064
474,10,common,16.193209718004407
474,11,tics.,21.410096246578
475,1,"However,",0.0
475,2,atypical,43.70926688927419
475,3,symptoms,42.46962144529989
475,4,or,59.419246397714176
475,5,atypical,71.01856813001406
475,6,presentation,111.02922910048916
475,7,such,91.09776344397068
475,8,as,94.17566333788778
475,9,onset,177.95081757855155
475,10,of,140.47372934822096
475,11,symptoms,91.95523179292006
475,12,in,104.88682263357352
475,13,adulthood,42.23758215178616
475,14,may,73.85223950303319
475,15,require,23.248503814824662
475,16,specialty,43.71836054718097
475,17,expertise,24.885161760018875
475,18,for,8.173175278476213
475,19,diagnosis.,1.828565710902126
476,1,There,0.0
476,2,are,38.9650030135762
476,3,no,28.489080211879426
476,4,blood,25.008702562812193
476,5,or,49.095991219327104
476,6,laboratory,59.100340688045776
476,7,tests,60.330963578190506
476,8,needed,19.013801229983983
476,9,for,21.712967708705975
476,10,diagnosis.,5.843253486021248
477,1,"However,",0.0
477,2,neuroimaging,35.52535825148727
477,3,"studies,",58.9178798221965
477,4,which,62.8017034887382
477,5,include,68.72232525668478
477,6,magnetic,67.34647161701895
477,7,resonance,67.15181408553579
477,8,"imaging,",71.23212311517403
477,9,computerized,141.9220791786703
477,10,"tomography,",70.45229323826895
477,11,and,98.70528736186417
477,12,"electroencephalograms,",111.58148775015424
477,13,as,118.95613030447971
477,14,well,111.08160676077472
477,15,as,83.89197190841845
477,16,certain,83.11881194867046
477,17,lab,165.46414516774956
477,18,tests,135.56937215429696
477,19,may,132.23385863073486
477,20,be,140.15840311346497
477,21,used,117.92290910099531
477,22,to,189.12146154668622
477,23,rule,97.69465874530168
477,24,out,149.69676679354941
477,25,other,130.19997817200618
477,26,conditions,165.82652224414596
477,27,that,149.99876781251658
477,28,Tourette's,103.36704922513844
477,29,might,83.25236923602834
477,30,be,23.922711768047893
477,31,confused,23.783475609527677
477,32,with.,1.6370227108601754
478,1,In,0.0
478,2,terms,20.807058225146385
478,3,of,50.82709222261515
478,4,the,36.310746607668236
478,5,role,38.05407901708564
478,6,of,38.18458014049095
478,7,genes,61.99364093986749
478,8,in,43.53671428790642
478,9,the,47.76289917398915
478,10,"disorder,",32.85336957436209
478,11,evidence,46.581805911431694
478,12,from,32.968825483487265
478,13,twin,59.12030856174155
478,14,and,53.548584213982025
478,15,family,54.55123343748375
478,16,studies,55.061402429037884
478,17,suggests,90.518218370885
478,18,that,67.3156542177935
478,19,Tourette's,102.56150196553226
478,20,is,34.027424145963344
478,21,an,25.004732966754133
478,22,inherited,11.776427276738644
478,23,disorder.,1.0730413082467405
479,1,Although,0.0
479,2,early,40.38037345089608
479,3,family,39.91602579701133
479,4,studies,37.06784588157408
479,5,suggested,64.36868832761391
479,6,an,64.29024222504115
479,7,autosomal,82.79272192173624
479,8,dominant,123.79079582870783
479,9,mode,83.47824029652648
479,10,of,103.52434167690816
479,11,inheritance,82.71756894296222
479,12,characterized,108.06894745356651
479,13,the,48.96284586266478
479,14,"condition,",87.00306153024704
479,15,more,216.57202314546936
479,16,recent,124.88837001644004
479,17,studies,315.52155545257466
479,18,discovered,210.67561120330208
479,19,the,233.62652544014557
479,20,pattern,121.26721012109891
479,21,of,121.73738467618189
479,22,inheritance,125.61073654752703
479,23,was,39.28007080677807
479,24,much,31.899051831750896
479,25,more,19.118123390751094
479,26,complex.,7.480377999993031
480,1,Although,0.0
480,2,there,33.40921767393334
480,3,may,36.315841421717394
480,4,be,34.43852145659639
480,5,a,37.42964165661055
480,6,few,32.3809712406078
480,7,genes,34.779490132613375
480,8,that,44.72216989040301
480,9,have,63.9005429528328
480,10,substantial,63.97482432353225
480,11,"effects,",63.72984191668422
480,12,it's,113.41397974939726
480,13,also,77.87186092867015
480,14,possible,74.19039222111628
480,15,that,110.9668877973085
480,16,many,151.7899101949953
480,17,genes,109.88954031716162
480,18,with,232.6252786491703
480,19,smaller,245.20314038904337
480,20,effects,196.87076864988163
480,21,and,391.8531079433271
480,22,environmental,288.8976435996369
480,23,factors,549.7808226934662
480,24,may,419.14006451013626
480,25,play,332.90243498521204
480,26,a,327.65265648444023
480,27,role,267.59643054747147
480,28,in,136.60985291745692
480,29,the,165.42188290355062
480,30,development,285.8008914619823
480,31,of,211.97646395060184
480,32,Tourette's.,89.20699486550883
481,1,Genetic,0.0
481,2,studies,10.23364671384272
481,3,also,33.49958836558632
481,4,suggest,41.83787963767735
481,5,that,31.349615360954658
481,6,some,30.909895966638757
481,7,forms,35.959649529376634
481,8,of,38.877193143594575
481,9,Attention,46.07718559614235
481,10,Deficit,38.899146041046606
481,11,Hyperactivity,52.2630469194515
481,12,Disorder,80.89707118577303
481,13,and,87.78892627837088
481,14,Obsessive,79.43862666164866
481,15,Compulsive,80.44571269357733
481,16,Disorder,115.82408167293843
481,17,are,142.5817568162031
481,18,genetically,134.33580027763787
481,19,related,115.34252990655727
481,20,to,92.22956991844386
481,21,"Tourette's,",127.57186175316816
481,22,but,139.28340061731217
481,23,there,151.55502007406517
481,24,is,104.66261805271549
481,25,less,105.13720770341575
481,26,evidence,106.10759143377176
481,27,for,170.25222334358136
481,28,a,124.34077760005815
481,29,genetic,108.18391699575504
481,30,relationship,118.55579184152369
481,31,between,129.6160217439259
481,32,Tourette's,104.81134142591031
481,33,and,95.2942537195641
481,34,other,213.67884396943387
481,35,neurobehavioral,105.42833421637317
481,36,problems,240.3775937289293
481,37,that,458.6837682049781
481,38,Tourette's,107.85930885733198
481,39,commonly,94.21391536437848
481,40,co-occurs,58.87545050103732
481,41,with.,19.332090661509792
482,1,An,0.0
482,2,important,15.415633265280093
482,3,role,28.790378681717787
482,4,in,17.000547639473545
482,5,Tourette's,38.020508003637225
482,6,gene,93.39533815094823
482,7,expression,98.6262998579065
482,8,is,110.03277658388066
482,9,played,110.28321445239672
482,10,by,71.65113109030098
482,11,the,87.01929143626872
482,12,sex,113.84853742841281
482,13,of,53.22884979247431
482,14,the,46.10813678443403
482,15,person.,12.315068324992755
483,1,In,0.0
483,2,"particular,",18.615878177367996
483,3,males,21.272702112270693
483,4,affected,38.24640446382311
483,5,by,37.40744419982899
483,6,the,45.08791060348497
483,7,gene,69.78000032933006
483,8,are,86.40771262740826
483,9,more,98.66421721690753
483,10,likely,88.62288459894732
483,11,to,142.66371239674933
483,12,have,126.99120343638344
483,13,tics,138.29026581802148
483,14,and,95.57334406969655
483,15,females,102.96154994979098
483,16,who,96.63835618020161
483,17,have,131.77013007139755
483,18,a,84.69417930794054
483,19,genetic,91.94130291802668
483,20,predisposition,116.22051716161579
483,21,are,289.97805581062215
483,22,more,236.85139663400184
483,23,likely,128.92578382123068
483,24,to,223.96378674467087
483,25,have,364.5506516120916
483,26,obsessive-compulsive,297.2775081519297
483,27,symptoms.,4.994009497920949
484,1,Much,0.0
484,2,current,9.936629236149631
484,3,research,22.8633185712535
484,4,is,34.72772473056487
484,5,aimed,55.71520789093962
484,6,at,49.68410309221756
484,7,better,48.389004594194965
484,8,understanding,62.491484106816934
484,9,the,50.16655312398419
484,10,genetic,52.628095918311686
484,11,basis,54.442583225818524
484,12,and,59.703571555773586
484,13,symptomology,52.848705115862096
484,14,of,104.14364845094273
484,15,"Tourette's,",95.31328127811628
484,16,as,165.44363950430454
484,17,well,127.02562499003172
484,18,as,216.80709651391396
484,19,its,205.43985621087728
484,20,relationship,91.63955219831003
484,21,to,38.00318867888811
484,22,related,8.824620316116059
484,23,disorders.,6.01387200274416
485,1,The,0.0
485,2,hope,27.435866713162824
485,3,is,43.44008927517217
485,4,that,58.468679712269136
485,5,this,78.46890747225558
485,6,research,82.72395913033768
485,7,leads,76.57071741245238
485,8,to,76.86550771481679
485,9,better,91.89257920114133
485,10,diagnostic,126.52026712714414
485,11,tools,128.49286100929422
485,12,and,110.74639331218621
485,13,better,139.56855610760996
485,14,treatments,129.20374665310408
485,15,for,36.73999173184972
485,16,Tourette's.,14.078858077112466
