sent_id,word_pos,word,stor
1,1,If,0.0
1,2,you,11.89997629909342
1,3,were,12.981394608586218
1,4,to,14.370247728900166
1,5,journey,30.389168616182854
1,6,to,28.619324049239033
1,7,the,36.372136158859014
1,8,North,40.73471549784416
1,9,of,32.38622720240082
1,10,"England,",39.31114595962705
1,11,you,44.75894010362495
1,12,would,27.794548882041326
1,13,come,16.658923580569788
1,14,to,16.518392611697735
1,15,a,17.615406361715348
1,16,valley,12.265706607225004
1,17,that,12.285732879779664
1,18,is,14.00255133391452
1,19,surrounded,11.31521680608659
1,20,by,15.658798976391402
1,21,moors,8.29121349769879
1,22,as,6.260855690411612
1,23,high,17.626549024955352
1,24,as,27.136851947872497
1,25,mountains.,5.494690512299272
2,1,It,0.0
2,2,is,6.282121044892967
2,3,in,7.3091869893029875
2,4,this,8.869455217731895
2,5,valley,18.255182747331745
2,6,where,23.695541500891405
2,7,you,20.454558542345676
2,8,would,22.897213191557352
2,9,find,23.012642034912847
2,10,the,18.309033310034966
2,11,city,22.077724222852467
2,12,of,14.347223637507234
2,13,"Bradford,",18.542913806813182
2,14,where,28.474508121871818
2,15,once,25.819026404069945
2,16,a,29.185464934252373
2,17,thousand,25.92500395159619
2,18,spinning,27.101355566478027
2,19,jennies,26.03138327746714
2,20,that,19.350486992487014
2,21,hummed,22.84999821128731
2,22,and,16.983781733397077
2,23,clattered,28.195542891805097
2,24,spun,12.816416410695943
2,25,wool,10.458246432902786
2,26,into,12.454058072346815
2,27,money,13.787056462382457
2,28,for,16.945040580185648
2,29,the,14.87256049384385
2,30,long-bearded,17.347226551988815
2,31,mill,10.63950947183555
2,32,owners.,5.613497882947592
3,1,That,0.0
3,2,all,7.668739422641602
3,3,mill,10.911005887710719
3,4,owners,16.63588456968189
3,5,were,15.919326078133336
3,6,generally,18.353860544986695
3,7,busy,21.880429982353263
3,8,as,19.638156984691246
3,9,beavers,28.312590239702804
3,10,and,26.026953794426216
3,11,quite,33.101270526795275
3,12,pleased,34.33829142952608
3,13,with,31.86010213345192
3,14,themselves,35.09256554442619
3,15,for,35.2217070589851
3,16,being,38.88440990108791
3,17,so,39.55642174737962
3,18,successful,43.33672832544073
3,19,and,35.8122209705645
3,20,well,41.01547906718685
3,21,off,40.481362050443686
3,22,was,33.85427674259757
3,23,known,34.6178293000139
3,24,to,33.430523529657165
3,25,the,33.30350965546775
3,26,residents,34.10279526323216
3,27,of,27.508766160266937
3,28,"Bradford,",34.4474733578032
3,29,and,46.14559488795099
3,30,if,31.00767678877813
3,31,you,28.929730150574564
3,32,were,23.353060430940562
3,33,to,22.460769948502318
3,34,go,27.81506810524348
3,35,into,24.135176763444285
3,36,the,24.432231131415982
3,37,city,22.177441080564893
3,38,to,18.90124874271959
3,39,visit,24.953346598344762
3,40,the,21.98877190436791
3,41,stately,22.541091838975742
3,42,City,23.526431081223304
3,43,"Hall,",24.66656108066717
3,44,you,16.17567441529256
3,45,would,19.15383085061817
3,46,see,13.122452927323168
3,47,there,18.48742667332772
3,48,the,21.6115937994961
3,49,Crest,22.332637308358432
3,50,of,24.082678693805278
3,51,the,25.79363664831873
3,52,City,24.339980790314378
3,53,of,19.224844730995574
3,54,"Bradford,",42.986220113058465
3,55,which,20.518921662820958
3,56,those,16.176021100069953
3,57,same,34.88477474054146
3,58,mill,39.03843380645461
3,59,owners,30.95547531934391
3,60,created,16.093891243322947
3,61,to,27.483458998511992
3,62,celebrate,22.560220346305424
3,63,their,11.931878971323894
3,64,achievements.,4.139898369058343
4,1,It,0.0
4,2,shows,6.84580381412427
4,3,a,20.34071557251162
4,4,sinister,16.188098501109923
4,5,looking,21.54856675580356
4,6,boar's,20.98280574821923
4,7,head,21.67894671743133
4,8,sitting,12.99283816219198
4,9,on,20.90256870431172
4,10,top,14.149920045451386
4,11,of,21.083291169526074
4,12,a,10.25595820587072
4,13,well,10.103102143320243
4,14,which,21.721283783334467
4,15,seems,24.819434231306346
4,16,puzzling,14.154706102272128
4,17,at,20.964364209800944
4,18,"first,",28.32094397450099
4,19,but,15.29931911973145
4,20,the,8.862063513574197
4,21,reason,13.861083684375988
4,22,for,23.820391919324294
4,23,this,12.28374630011786
4,24,symbol,8.674555401658484
4,25,is,7.920623585306354
4,26,a,6.891717374802944
4,27,matter,14.752619733341284
4,28,of,11.332894444428296
4,29,legend.,4.928816240367301
5,1,There,0.0
5,2,was,10.420494857115507
5,3,"once,",12.014635756562448
5,4,legend,16.890399630901953
5,5,has,17.412340490942345
5,6,"it,",50.70723544943704
5,7,a,23.931574704510467
5,8,fearsome,19.817515713475586
5,9,"boar,",20.624357916451444
5,10,which,16.71482518686937
5,11,lived,12.355208077062688
5,12,in,16.051668302688416
5,13,a,11.268382923247486
5,14,wood,14.837831703938736
5,15,located,11.710051679104652
5,16,just,7.509732843975791
5,17,outside,14.06136885768936
5,18,the,6.8343749972819055
5,19,manor,8.555550647999745
5,20,of,11.613514131640892
5,21,Bradford.,9.86361257850221
6,1,A,0.0
6,2,source,8.432591423350923
6,3,of,17.882859742253313
6,4,great,13.571640270225934
6,5,trouble,20.052624080389638
6,6,to,10.436997538370372
6,7,the,15.015568641699897
6,8,local,14.793579670337277
6,9,folk,23.963344371673752
6,10,the,18.255903784595485
6,11,boar,20.103302466093357
6,12,"was,",17.292014742573173
6,13,bringing,19.985820794821503
6,14,terror,23.220093527776346
6,15,to,17.86649665716637
6,16,the,12.337676525722408
6,17,peaceful,12.488537057451548
6,18,flocks,13.58943031149046
6,19,and,9.484903969453145
6,20,ravaging,15.613884143151349
6,21,the,6.363008494939294
6,22,countryside,4.22969545305575
6,23,around.,5.4312906696746035
7,1,Even,0.0
7,2,"worse,",4.933641195834365
7,3,"however,",8.863863717787044
7,4,the,10.309757034042779
7,5,boar,13.439367037586141
7,6,most,18.767205711862182
7,7,liked,20.192455090621596
7,8,to,19.955403233761473
7,9,go,22.188100151432117
7,10,to,18.008495992413657
7,11,the,32.757059719835546
7,12,well,33.09775262167187
7,13,that,39.61620078853423
7,14,was,39.164080843151844
7,15,in,32.09825123962455
7,16,the,30.3667331354125
7,17,wood,22.335670273463748
7,18,and,15.881743311379566
7,19,drink,20.90625745270092
7,20,its,14.900870638619246
7,21,fresh,15.74167487909809
7,22,"water,",13.406820927873248
7,23,so,10.371187608470247
7,24,that,14.016838972679286
7,25,the,16.675138196258917
7,26,people,22.927540278994115
7,27,of,18.875264674046033
7,28,Bradford,34.528732352181656
7,29,had,24.85540564423406
7,30,second,20.894023585069867
7,31,thoughts,36.54327904799718
7,32,about,17.354648631238607
7,33,visiting,13.012216108523006
7,34,the,9.81635312492945
7,35,well.,9.293808329671759
8,1,That,0.0
8,2,the,10.291351708721416
8,3,people,9.67203375581455
8,4,of,29.78347908447831
8,5,Bradford,33.157715748756395
8,6,bore,32.11839432064589
8,7,the,24.858605134228302
8,8,brunt,32.321049862311774
8,9,of,19.19988989787056
8,10,the,21.666636908711006
8,11,beast's,24.867542277173882
8,12,ferocity,25.985532202922535
8,13,was,19.067096030750943
8,14,unfair,29.19335353122239
8,15,in,15.546243898638332
8,16,the,20.95743953796781
8,17,eyes,27.508114872717034
8,18,of,15.320142714604426
8,19,the,10.290328544966615
8,20,people,11.143718702906444
8,21,of,12.972690956946053
8,22,the,9.509404419711927
8,23,region.,9.349143721050481
9,1,"Eventually,",0.0
9,2,the,6.837038202375094
9,3,issue,14.0047054837973
9,4,reached,21.973185901391055
9,5,the,30.886859062538335
9,6,ears,40.4855631996433
9,7,of,45.41590129668519
9,8,the,35.95441257166654
9,9,kindly,39.750310494915595
9,10,Lord,28.687272717764085
9,11,of,19.12010835001386
9,12,the,23.049388173250893
9,13,Manor,30.12294012833108
9,14,who,20.145676806548842
9,15,the,25.220017468570216
9,16,people,41.609889105985644
9,17,had,34.33299362220432
9,18,often,12.865137872996218
9,19,asked,13.34553072353563
9,20,for,12.867294429292496
9,21,help.,5.709158291347853
10,1,The,0.0
10,2,Lord,6.833705866531977
10,3,saw,17.689583059473925
10,4,the,25.482934145633358
10,5,severity,27.263838400906213
10,6,of,29.071228672342542
10,7,the,27.253043286387697
10,8,problem,28.95385519965591
10,9,the,19.561723229618412
10,10,people,32.122850821086374
10,11,faced,35.151699016454046
10,12,and,17.47438884317509
10,13,suggested,20.073472970148433
10,14,a,16.52001878827851
10,15,contest,16.409179538437435
10,16,could,18.81575994521955
10,17,solve,22.170289106786356
10,18,the,10.220830023880183
10,19,problem.,2.5170020993741264
11,1,He,0.0
11,2,said,10.795877949500742
11,3,that,26.108001048601942
11,4,whoever,17.048383581915132
11,5,could,18.86557050109256
11,6,kill,18.253138045595637
11,7,the,19.44174755193507
11,8,boar,22.79288574232373
11,9,and,23.810224004035646
11,10,bring,23.591069865702863
11,11,as,28.17154909504588
11,12,proof,38.51056130240717
11,13,its,36.00489431670683
11,14,head,40.187400876439085
11,15,to,25.812022088146087
11,16,the,42.673895429701716
11,17,Manor,36.93487487232407
11,18,House,37.85411391826529
11,19,would,43.02702613834627
11,20,be,11.645465959334572
11,21,rewarded,14.971802391906401
11,22,with,12.529625373450147
11,23,land,11.055172489205146
11,24,and,12.12390365197994
11,25,fame.,5.520415844495331
12,1,It,0.0
12,2,was,8.151443128818247
12,3,the,11.270671141668302
12,4,people,14.148479540265592
12,5,of,25.638867289526324
12,6,Bradford,25.95086978757174
12,7,and,32.46195761292512
12,8,the,39.95257159437172
12,9,people,31.68453944873309
12,10,who,29.10936268648799
12,11,knew,26.942135135447554
12,12,them,13.276792439664806
12,13,who,15.492854872876531
12,14,rejoiced,13.179486719598438
12,15,at,11.568019836449118
12,16,this,15.097261153283828
12,17,proclamation,11.694571066558803
12,18,but,9.885577459987516
12,19,one,14.940192913146253
12,20,question,20.392136453002006
12,21,remained:,27.400715700475384
12,22,who,18.861899617401217
12,23,would,11.075522466699091
12,24,kill,12.490421705145968
12,25,the,9.253163979496485
12,26,boar?,9.053915439672874
13,1,By,0.0
13,2,the,8.22925564730522
13,3,handsome,10.548783251734807
13,4,reward,30.167122159619183
13,5,many,25.76027964578148
13,6,felt,25.364158713372557
13,7,"tempted,",16.41572364491096
13,8,but,15.736156299797205
13,9,the,17.999227675376012
13,10,thought,29.999781492485813
13,11,of,22.864028924095063
13,12,the,36.54439690566827
13,13,boar,31.096068433071967
13,14,with,22.247762502358114
13,15,its,27.225863191241
13,16,deadly,26.07164120748279
13,17,tusks,23.83809507172893
13,18,and,22.870209314134296
13,19,face,19.702373527577876
13,20,like,19.07360835805526
13,21,thunder,24.034563159974354
13,22,soon,20.092099040576635
13,23,put,14.752298233945135
13,24,an,15.394783410806115
13,25,end,34.206076567529266
13,26,to,9.86800476314163
13,27,their,6.43304625687859
13,28,ambitions.,4.374303113127712
14,1,"However,",0.0
14,2,there,8.67054386736229
14,3,was,16.57989045821398
14,4,one,10.55161030254969
14,5,"huntsman,",15.837225688195053
14,6,who,35.130399835806855
14,7,was,31.864504416361722
14,8,still,29.327706399574247
14,9,wet,31.580386196426957
14,10,behind,20.01237315329255
14,11,the,21.50588130679435
14,12,"ears,",17.5491130584516
14,13,who,16.26833578149358
14,14,decided,13.51281313154602
14,15,the,18.282083252432717
14,16,prize,24.851493071173678
14,17,was,22.109277347734942
14,18,worth,13.39465891405628
14,19,a,16.57737449714222
14,20,"shot,",19.737979716535886
14,21,in,13.02858963886876
14,22,spite,23.184373155774313
14,23,of,18.77268756211819
14,24,the,8.899120744342596
14,25,boar's,9.116932177842504
14,26,reputation.,7.356965331664485
15,1,The,0.0
15,2,huntsman,4.6968087028454155
15,3,discovered,20.513119924834346
15,4,the,27.21437988814506
15,5,boar,25.51034757824161
15,6,preferred,18.07304314507428
15,7,to,18.487414532427465
15,8,come,15.005553962953167
15,9,out,11.726799895153142
15,10,in,10.93194595783399
15,11,the,11.28095955230171
15,12,middle,11.90867158068731
15,13,of,11.094382717035117
15,14,the,3.0068027410181433
15,15,day.,2.9526626764253265
16,1,So,0.0
16,2,he,7.565442514949779
16,3,went,12.172933747896103
16,4,to,19.069299773443436
16,5,the,17.223047442304892
16,6,wood,13.95086683089265
16,7,by,23.14946936814749
16,8,the,25.350773991586507
16,9,well,15.259126516250836
16,10,with,13.400748311837066
16,11,his,16.521869789179625
16,12,good,14.94737145824435
16,13,"bow,",20.262254808417882
16,14,to,11.268780815859174
16,15,bide,12.235182674895416
16,16,his,16.291744018138903
16,17,time.,10.99785806096427
17,1,Around,0.0
17,2,"noontime,",8.355684909468694
17,3,the,19.62439132133354
17,4,"boar,",23.571001726121633
17,5,feared,23.36688222513595
17,6,by,35.716091138877744
17,7,the,32.307740597913785
17,8,"locals,",29.137607526226176
17,9,came,35.06728052610936
17,10,"out,",16.36053471321872
17,11,as,17.981647608804813
17,12,slow,15.888886352809175
17,13,as,23.864443931728342
17,14,a,17.475193947708355
17,15,"snail,",17.649913304749763
17,16,from,11.303676525675865
17,17,among,18.362556721427815
17,18,the,15.015020246801718
17,19,"trees,",9.20065394093987
17,20,just,8.052346494961217
17,21,as,14.147059138239344
17,22,the,18.499959067906698
17,23,huntsman,19.910929188024735
17,24,had,11.154678321517736
17,25,predicted.,6.275420293799447
18,1,The,0.0
18,2,huntsman,9.156534505962226
18,3,leaped,30.44894256235143
18,4,from,31.964196051743507
18,5,his,29.871522506899808
18,6,hiding,27.684541931490187
18,7,place,30.31661253244119
18,8,and,16.806501721292513
18,9,through,17.582853023356662
18,10,the,18.003269891108395
18,11,heart,13.689996451779594
18,12,with,22.16795919869608
18,13,his,18.57537838062619
18,14,fine,21.462323540282135
18,15,arrows,18.443990288945812
18,16,shot,20.694253197482574
18,17,the,15.497257311645606
18,18,boar.,13.26137429578604
19,1,Now,0.0
19,2,the,6.589123147364545
19,3,problem,12.673410829143513
19,4,was,11.347581439168847
19,5,no,12.144339568398351
19,6,longer,15.23256401080339
19,7,to,10.432405171635708
19,8,kill,16.898110860014352
19,9,the,9.30341814849402
19,10,boar.,8.88474686165288
20,1,It,0.0
20,2,was,11.708589877629667
20,3,to,8.626933882617706
20,4,find,21.535087787524837
20,5,a,16.497943046843638
20,6,way,15.22588785927521
20,7,to,9.828460758638384
20,8,carry,7.27433654317022
20,9,the,6.887278596637188
20,10,boar,10.27590947249177
20,11,back.,7.185064801845656
21,1,The,0.0
21,2,head,7.496356396167585
21,3,was,13.239003637695301
21,4,too,18.218046189565637
21,5,heavy,20.19664433002264
21,6,for,14.71527674332137
21,7,the,14.603978514780804
21,8,little,15.815845664953041
21,9,huntsman,17.029253521703033
21,10,to,21.801139788930076
21,11,carry,25.10835687795874
21,12,back,17.813954183756692
21,13,to,20.5968330175876
21,14,the,23.5581427767971
21,15,Manor,20.736769345695382
21,16,"House,",17.016314578948023
21,17,but,21.202469342159535
21,18,the,13.205455492564987
21,19,"huntsman,",15.357246068970001
21,20,who,18.701061173591427
21,21,was,19.304036055892343
21,22,as,13.788644109474982
21,23,quick-witted,22.368476721914384
21,24,and,25.434539834643456
21,25,cunning,36.950787137138526
21,26,as,22.881150810073756
21,27,"ever,",11.67468427999568
21,28,asked,15.19008886164221
21,29,"himself,",18.479893255465715
21,30,'What,74.97916281766862
21,31,else,16.71635557448807
21,32,can,19.34564682428113
21,33,I,13.148367838816863
21,34,do,13.102157642999428
21,35,to,11.575174451773686
21,36,prove,17.468983196013166
21,37,I,14.853457532319986
21,38,killed,18.10499687599784
21,39,the,12.366621162866956
21,40,boar?',11.993170147094766
22,1,The,0.0
22,2,next,9.96254151818983
22,3,instance,16.20381513565902
22,4,he,11.430248081985097
22,5,opened,20.032318690741544
22,6,the,34.58400054906534
22,7,boar's,32.946682136747235
22,8,mouth,42.19603363708614
22,9,and,19.921665289652555
22,10,cut,13.273473346485805
22,11,out,12.226592356463131
22,12,its,16.421639235412442
22,13,"tongue,",11.436900881493965
22,14,taking,9.150524190641319
22,15,that,6.618239283458751
22,16,as,17.350003283098562
22,17,proof,26.636722029057417
22,18,for,13.474310002323385
22,19,the,9.050213020006545
22,20,Lord.,8.082451026770654
23,1,He,0.0
23,2,set,11.498837084914971
23,3,out,19.541688992117237
23,4,for,30.59196299084364
23,5,the,24.713154332905425
23,6,Manor,32.355176594700794
23,7,House,28.202750424041554
23,8,as,28.937177569049453
23,9,quickly,24.478230159410447
23,10,as,63.157257755400884
23,11,he,31.546721753403457
23,12,could,22.675544430392808
23,13,and,17.247574232109738
23,14,he,22.67035681020568
23,15,had,19.329951315382186
23,16,only,16.3767757228703
23,17,been,21.20203716050683
23,18,gone,26.38346215634239
23,19,a,21.940228113582116
23,20,few,21.968263478451554
23,21,minutes,16.72018834759845
23,22,when,9.499042222475033
23,23,a,11.433683400502106
23,24,second,23.180313822393707
23,25,"huntsman,",19.166396733443943
23,26,not,20.32904803031371
23,27,so,26.67047136970418
23,28,bold,24.56629282776547
23,29,as,17.50420847564626
23,30,the,36.18132370665107
23,31,first,32.74271844263793
23,32,but,16.60122044122266
23,33,a,20.068614097485654
23,34,little,24.50952662168434
23,35,more,21.420162958810106
23,36,"cunning,",27.164851045228623
23,37,came,9.190975360632203
23,38,on,4.7648059699054786
23,39,the,7.244960072033211
23,40,scene.,6.341598770763745
24,1,Seeing,0.0
24,2,the,7.6806653875830335
24,3,slain,6.71642952104742
24,4,carcass,24.737805294184195
24,5,of,20.072535113819303
24,6,the,20.689258278481276
24,7,"boar,",17.12994652606947
24,8,the,19.41545239351839
24,9,huntsman,15.942123582383758
24,10,rejoiced,15.291848107386645
24,11,in,11.045353843808112
24,12,his,10.484475305443704
24,13,good,11.499049343752883
24,14,fortune.,11.30863917340916
25,1,The,0.0
25,2,second,7.974114569236019
25,3,huntsman,11.017112132004385
25,4,knew,31.93829752831538
25,5,a,32.40171097244065
25,6,shortcut,30.721450104539453
25,7,to,30.719678597244243
25,8,the,31.009897686740047
25,9,Manor,35.10114859659148
25,10,House,29.563991428789837
25,11,was,34.66297803503359
25,12,just,42.462313902464736
25,13,around,31.510959509000394
25,14,the,47.95505152018852
25,15,nearby,34.6397412440972
25,16,"pond,",26.919755377056077
25,17,"and,",25.174606126791577
25,18,being,18.707771361561104
25,19,a,20.83771597072726
25,20,bigger,33.616424854692376
25,21,man,42.314218026782186
25,22,than,32.77007152411549
25,23,the,23.000104765700613
25,24,"first,",25.272616567267686
25,25,was,16.00003296789409
25,26,able,22.971163896051007
25,27,to,13.39749094699358
25,28,pick,9.662164265359126
25,29,up,13.007807087386691
25,30,the,12.361274621305126
25,31,boar's,13.518439901370444
25,32,head,17.541047571950713
25,33,and,10.56859694903035
25,34,carry,11.451720728633513
25,35,it,10.558213060481616
25,36,through,8.398639707158312
25,37,the,10.421207954625501
25,38,wood,9.922973435443655
25,39,towards,11.731633414146966
25,40,the,14.385767681637642
25,41,prize,7.5609174097229275
25,42,that,8.239169297329386
25,43,awaited,21.744338317000217
25,44,him.,5.381597421085146
26,1,The,0.0
26,2,Lord,9.30663202053744
26,3,of,21.41202267799489
26,4,the,17.56452329515927
26,5,Manor,32.05874850155221
26,6,was,14.572271750272074
26,7,seated,29.14575597823273
26,8,in,27.67602522163247
26,9,his,27.099955530959765
26,10,hall,25.05620064533616
26,11,when,16.498311852889497
26,12,the,28.153058788797157
26,13,second,23.54540993375132
26,14,huntsman,22.451889280359715
26,15,burst,17.291588397581684
26,16,through,18.33095669096455
26,17,the,16.00594887548859
26,18,door,10.318344154672648
26,19,and,6.618739477531797
26,20,began,6.230979090702761
26,21,to,12.93523590813657
26,22,spin,10.24193280437093
26,23,a,7.139918397997059
26,24,line.,13.146985258194048
27,1,'The,0.0
27,2,woes,15.681794991616583
27,3,of,23.9946885537588
27,4,Bradford,14.431747950926779
27,5,are,15.965934107443424
27,6,ended!',26.959713460694413
28,1,he,0.0
28,2,announced.,1.0201630767523402
29,1,'With,0.0
29,2,my,15.234410330551727
29,3,own,22.459123569334523
29,4,hand,22.354756585589033
29,5,I,20.029690107905758
29,6,have,18.879774032279368
29,7,slain,14.728344006631758
29,8,the,13.674301444048842
29,9,boar!',12.843308131245575
30,1,"And,",0.0
30,2,with,8.401971632191307
30,3,"that,",10.905297439563281
30,4,at,10.996989301940184
30,5,the,23.753156978800327
30,6,feet,21.682520602907584
30,7,of,24.842430939836586
30,8,his,19.688124050151
30,9,lord,21.569060638437
30,10,he,10.738902832868932
30,11,dropped,19.972304033355254
30,12,the,17.482504897949784
30,13,boar's,14.40936426918108
30,14,enormous,9.463838511884864
30,15,head.,11.777576824228577
31,1,'Then,0.0
31,2,you,25.03555576193526
31,3,will,22.25219335588579
31,4,be,19.226145199307904
31,5,"rewarded,",17.553836121252004
31,6,as,14.396217592881655
31,7,I,19.840564618740366
31,8,promised.',19.148522702839532
32,1,'But,0.0
32,2,"first,",19.04665069022071
32,3,let,18.923425808808112
32,4,me,24.94405376840491
32,5,examine,24.869729402042736
32,6,the,19.326264899507688
32,7,head,16.72003761555389
32,8,of,21.817274255329448
32,9,this,20.142715214243637
32,10,"monster,'",23.07114651264191
32,11,said,12.085716406516818
32,12,the,8.660578157988166
32,13,Lord,7.50317669065502
32,14,of,9.000031607732012
32,15,the,12.445652436409269
32,16,Manor.,13.268194943644078
33,1,To,0.0
33,2,not,6.213947810021553
33,3,examine,22.956316813846357
33,4,the,12.278775482872744
33,5,head,18.730723720065257
33,6,in,17.79030822459607
33,7,advance,27.568414086148092
33,8,had,22.522124941929192
33,9,not,35.42498582278204
33,10,been,38.369237138800415
33,11,very,21.1652101177677
33,12,clever,21.263556676837087
33,13,on,9.476944709111455
33,14,the,29.901037997458236
33,15,part,26.861028955716076
33,16,of,11.60945903736391
33,17,the,7.740950992886842
33,18,huntsman.,8.89167164634963
34,1,Right,0.0
34,2,"away,",17.697642166493356
34,3,the,36.30427593241217
34,4,Lord,43.10746932495868
34,5,noticed,32.400729983400126
34,6,the,23.09430468600902
34,7,tongue,24.800700123526653
34,8,of,21.013741256530167
34,9,the,20.542387738877693
34,10,boar,22.432999469161956
34,11,was,17.38929555740191
34,12,missing,22.788806991026952
34,13,and,14.94330193757891
34,14,"exclaimed,",19.260099164375216
34,15,'What,36.55884240703954
34,16,is,16.07437765844039
34,17,this?,8.953294784242452
35,1,A,0.0
35,2,boar,4.650295994919569
35,3,with,11.373496988879412
35,4,no,12.80065563303738
35,5,tongue?',12.681382654967633
36,1,He,0.0
36,2,looked,4.851126327707502
36,3,at,15.81695529701641
36,4,the,28.564113834693757
36,5,"huntsman,",21.01197555364942
36,6,dubiously.,10.04932723148557
37,1,'How,0.0
37,2,come,28.13641671560377
37,3,this,29.6373891096335
37,4,creature,26.753274451194372
37,5,has,27.204465604270773
37,6,no,24.27190968895252
37,7,tongue?',14.312130513105183
38,1,he,0.0
38,2,demanded.,1.0201630767523402
39,1,All,0.0
39,2,eyes,11.491406746467096
39,3,were,16.711883703098167
39,4,on,28.079110376509774
39,5,the,16.634947780182642
39,6,huntsman.,11.011792622621876
40,1,The,0.0
40,2,huntsman,3.9953612949322697
40,3,questioned,18.271015126204873
40,4,by,28.32581983313777
40,5,the,25.41180495895024
40,6,Lord,29.386618110722722
40,7,"replied,",27.175998132991044
40,8,'I,35.906890486813865
40,9,cannot,13.174684426540566
40,10,"say,",13.255533169741533
40,11,my,15.075130963216587
40,12,Lord.',17.17359525259339
41,1,He,0.0
41,2,was,5.361219302929954
41,3,suddenly,18.995736946259285
41,4,realizing,22.780896229792802
41,5,his,18.882815373477225
41,6,tricky,16.588847658636215
41,7,situation,30.782439516595172
41,8,could,15.553496149051242
41,9,end,18.1844894936729
41,10,badly,9.839537032544312
41,11,for,10.255041807064512
41,12,him.,4.354255158330611
42,1,Through,0.0
42,2,the,5.55035963097344
42,3,door,13.04500479976494
42,4,at,18.887934093114854
42,5,this,33.43444279929202
42,6,"moment,",30.984984623901365
42,7,the,13.681873281222718
42,8,first,14.60747356770947
42,9,huntsman,17.047297060020476
42,10,burst.,14.623246064373351
43,1,'The,0.0
43,2,woes,15.681794991616583
43,3,of,23.9946885537588
43,4,Bradford,14.431747950926779
43,5,are,15.965934107443424
43,6,ended!',26.959713460694413
44,1,he,0.0
44,2,cried.,1.0201630767523402
45,1,'I,0.0
45,2,have,23.653183979801728
45,3,slain,17.065644104721024
45,4,the,32.18800877013154
45,5,boar,18.00264841030167
45,6,the,15.545096774357077
45,7,people,19.39738131647898
45,8,of,27.90135491299244
45,9,Bradford,22.916164916509423
45,10,dreaded!',26.498720048942925
46,1,All,0.0
46,2,eyes,7.9391931480130244
46,3,turned,18.688472742227788
46,4,to,22.29784408676551
46,5,the,18.465886604105712
46,6,man,13.481666600522477
46,7,who,10.434286747827473
46,8,now,9.981803972796344
46,9,stood,19.644932800165602
46,10,in,8.922476205995308
46,11,the,8.363553868169765
46,12,doorway.,5.16868967516471
47,1,'The,0.0
47,2,reward,13.277572466977794
47,3,is,21.441636026681657
47,4,already,26.96089293921186
47,5,"given,'",28.11206723991196
47,6,said,13.819244681573362
47,7,the,10.87197108218463
47,8,Lord,9.626571431928848
47,9,of,11.200632464727557
47,10,the,15.956204747914477
47,11,Manor.,17.203808003814075
48,1,'The,0.0
48,2,man,13.277572466977794
48,3,here,24.832453194364128
48,4,has,16.187719451347423
48,5,brought,22.146274572681563
48,6,to,29.041744912583198
48,7,me,44.85223159813536
48,8,the,35.068584713546514
48,9,boar's,24.565011057191963
48,10,head.',15.711586401466027
49,1,'Then,0.0
49,2,where,26.427013731479175
49,3,is,22.205949972791192
49,4,its,13.966753900248754
49,5,tongue?',15.907140419389105
50,1,the,0.0
50,2,first,4.670810429479786
50,3,huntsman,9.354994573855967
50,4,replied.,14.89583748035042
51,1,"And,",0.0
51,2,so,7.6047756351327065
51,3,"saying,",10.517306643008595
51,4,he,4.235763373831202
51,5,drew,8.98855303147174
51,6,out,14.170158125389499
51,7,the,14.671152960407333
51,8,boar's,13.965714351115613
51,9,tongue,17.61326648907982
51,10,he,16.45352777483422
51,11,had,15.339348447182903
51,12,put,16.458498567894278
51,13,in,14.870224641603205
51,14,his,14.007064655810511
51,15,hunting,13.64400164810899
51,16,pouch,21.652137739347364
51,17,and,9.943561061386152
51,18,related,12.033134307229494
51,19,how,17.491091314525676
51,20,he,20.917699345599207
51,21,had,13.454314141138411
51,22,ambushed,9.966139787581302
51,23,the,16.7874999171423
51,24,creature,16.555348289398026
51,25,in,11.015099932302062
51,26,the,15.672668968724691
51,27,wood,9.407972499275939
51,28,and,5.855916600851024
51,29,cut,10.98012062279368
51,30,out,10.323688136648931
51,31,its,12.363875282488824
51,32,tongue,7.3109154754068095
51,33,as,7.04852013150301
51,34,proof,12.110052284830292
51,35,of,18.363913259779267
51,36,his,6.860880367203965
51,37,victory.,6.3920873558093465
52,1,Listening,0.0
52,2,to,12.28697303592612
52,3,the,11.653556805214775
52,4,"tale,",10.11860880855047
52,5,the,9.827037849427555
52,6,Lord,25.244875244361108
52,7,of,27.616769244212634
52,8,the,25.18494135432723
52,9,Manor,42.89762026495516
52,10,tried,15.881986666830537
52,11,to,33.20275789752821
52,12,discern,22.34752075951928
52,13,which,17.873916794893265
52,14,huntsman,16.400626255394123
52,15,was,18.346228847101404
52,16,telling,18.938358890399876
52,17,him,29.149102749869606
52,18,the,30.17685604444163
52,19,truth,22.484488188746422
52,20,and,11.683576640271312
52,21,what,12.42801204961051
52,22,the,19.142548361452175
52,23,two,32.96606186202381
52,24,huntsmen,27.138731712200162
52,25,were,21.42175143289733
52,26,thinking,14.38181457794322
52,27,as,9.8351186638822
52,28,they,18.38110014613059
52,29,waited,9.365252507282582
52,30,for,16.532581408808372
52,31,him,10.203708383782933
52,32,to,11.219195571366747
52,33,make,5.41233082492445
52,34,a,7.743600164598805
52,35,decision.,3.3235892470401995
53,1,Almost,0.0
53,2,"instantly,",10.211229119268054
53,3,the,17.68174684197001
53,4,Lord,23.75985518710348
53,5,saw,39.62329146124665
53,6,that,34.300992692120204
53,7,the,38.098921945454265
53,8,second,37.865643022490936
53,9,huntsman,32.36081315410017
53,10,had,18.400240632790894
53,11,fed,18.33649962730836
53,12,him,18.250222724685198
53,13,a,25.1414406860551
53,14,pack,19.977163618133694
53,15,of,18.56519268125655
53,16,lies,12.453329440974144
53,17,and,14.734103023053006
53,18,it,12.920543739304687
53,19,was,18.911877216798334
53,20,the,16.613821947298607
53,21,first,22.785967568210122
53,22,huntsman,29.76746990744009
53,23,who,20.821453045380228
53,24,was,11.97539185372327
53,25,the,14.146542936343623
53,26,true,19.62507728085458
53,27,savior,19.965835607309796
53,28,of,6.851987258870982
53,29,Bradford.,7.030931041553004
54,1,The,0.0
54,2,Lord,8.212038120162042
54,3,believed,21.857389294634523
54,4,the,32.72786282713785
54,5,second,36.27516425711797
54,6,huntsman,30.764952858101225
54,7,had,22.963690612997766
54,8,tried,19.975953827674033
54,9,to,22.624485705056706
54,10,steal,18.227035765721897
54,11,the,15.020046408870051
54,12,first,14.915397002739551
54,13,huntsman's,18.379289187627606
54,14,prize,16.630820615769647
54,15,and,8.25731384018433
54,16,so,10.796828830828446
54,17,proclaimed,12.717412696512307
54,18,the,11.512624708307413
54,19,first,13.845016312708287
54,20,huntsman,16.09329127781457
54,21,the,16.84989875792497
54,22,true,33.139715279664564
54,23,victor.,10.823258573395211
55,1,The,0.0
55,2,Lord,6.833705866531977
55,3,wondered,17.689583059473925
55,4,for,31.07066122108169
55,5,a,29.088574240569287
55,6,moment,35.95306053005678
55,7,why,23.77232388629537
55,8,he,13.762609214553635
55,9,always,14.59934602234391
55,10,encountered,14.119920364611747
55,11,so,13.489853796995595
55,12,much,25.47276767069941
55,13,chicanery,12.708820192019296
55,14,in,10.203961903677293
55,15,his,10.763654086905445
55,16,everyday,10.492503041752727
55,17,interactions.,3.314647751287625
56,1,The,0.0
56,2,huntsman,8.036113626941459
56,3,who,33.7843763289592
56,4,had,24.73037323590981
56,5,earned,19.898898333820494
56,6,his,24.702906961632078
56,7,prize,21.199908284012043
56,8,fair,19.829140020847404
56,9,and,27.841557878152987
56,10,square,34.56022927904573
56,11,received,17.143347328233375
56,12,as,23.586672355311627
56,13,his,28.96079362472666
56,14,reward,32.331141589286084
56,15,a,28.654666612978332
56,16,piece,14.835570341683747
56,17,of,16.217977853212997
56,18,land,13.055392616370549
56,19,just,11.681555599585844
56,20,outside,18.59659984661302
56,21,the,21.054570147448853
56,22,"town,",15.1539999980001
56,23,known,18.046074774006943
56,24,thereafter,13.64568908007299
56,25,as,29.806516694648128
56,26,Hunt,7.020325085444899
56,27,Yard.,2.7262488297796215
57,1,His,0.0
57,2,fame,17.598293980465343
57,3,was,21.402840180300025
57,4,indeed,28.014388489475873
57,5,"assured,",14.767623962677737
57,6,but,14.595985105134003
57,7,it,10.83425639398873
57,8,was,12.861046566965928
57,9,not,10.705678584814773
57,10,nearly,13.943403418031231
57,11,as,19.47425981868695
57,12,lasting,23.756818145471893
57,13,as,12.198135354627274
57,14,that,7.899685374073687
57,15,of,10.845095947211888
57,16,the,9.574544602814894
57,17,fearsome,10.074165452311611
57,18,Bradford,6.874342961860975
57,19,Boar.,10.662166225753229
58,1,A,0.0
58,2,clear,7.301120315046918
58,3,and,11.52245529037531
58,4,joyous,26.200789816326047
58,5,day,28.404116998734874
58,6,it,13.125153702563884
58,7,was,20.814684838794555
58,8,and,12.492083694426558
58,9,out,13.777807160176645
58,10,on,17.5698016146969
58,11,the,18.330063219595484
58,12,wide,17.940582408349385
58,13,open,17.251032910707746
58,14,"sea,",13.268315791015826
58,15,thousands,13.403424211399672
58,16,upon,25.16564974866139
58,17,thousands,35.90448901781746
58,18,of,16.0482142138774
58,19,sparkling,16.013240853893848
58,20,water,19.426615561658664
58,21,"drops,",20.408110494522095
58,22,excited,11.979888134557067
58,23,by,14.291491138523572
58,24,getting,18.289236529517282
58,25,to,20.457858360031636
58,26,play,18.462436762460005
58,27,in,12.009437228913132
58,28,the,11.715154482285389
58,29,"ocean,",10.356022543780298
58,30,danced,18.10732969637246
58,31,all,11.521706653926948
58,32,around.,12.219170778717437
59,1,One,0.0
59,2,of,7.183142968277445
59,3,these,14.097441968795543
59,4,was,7.3519454019518236
59,5,a,16.566010770358748
59,6,merry,15.957319109500741
59,7,little,18.046189515994584
59,8,fellow,17.949654020230106
59,9,named,19.509203447169735
59,10,"Aqua,",16.17721122538838
59,11,who,20.39167035583311
59,12,danced,19.939454250651057
59,13,on,19.93832651741369
59,14,the,23.078125117159466
59,15,silver,23.04082079031744
59,16,backs,23.331289254656998
59,17,of,22.46434242587062
59,18,the,20.965527984152587
59,19,fishes,19.62293019972747
59,20,as,16.03497868166652
59,21,they,16.785450593372445
59,22,plunged,15.750661445557961
59,23,up,16.81863214135907
59,24,and,15.208021151369604
59,25,down,21.51680148494679
59,26,in,13.226251425103463
59,27,the,13.389908632314148
59,28,"waves,",10.883712477494937
59,29,"and,",13.182166593572617
59,30,no,14.555399972750624
59,31,matter,27.522947271902865
59,32,how,20.288884545645672
59,33,high,11.427224206431603
59,34,he,12.899076872885678
59,35,"sprung,",13.708837770587882
59,36,he,8.804879014783037
59,37,always,5.018693459714468
59,38,came,8.394690671424621
59,39,down,9.093098447217502
59,40,again,6.634937010506683
59,41,into,9.864452079901554
59,42,his,12.386764274119624
59,43,mother's,11.626370061863732
59,44,lap.,9.74060207044078
60,1,His,0.0
60,2,"mother,",18.80782732606537
60,3,you,56.99582923337789
60,4,"know,",69.26286604041599
60,5,was,44.125847221795055
60,6,the,34.642970648323775
60,7,"ocean,",33.39469029941496
60,8,and,34.65591836219399
60,9,very,41.509095244543396
60,10,beautiful,35.42933878966671
60,11,she,25.02848667304552
60,12,looked,26.932889584613314
60,13,that,24.367147081166113
60,14,summer,27.229983981547
60,15,day,10.401915420857977
60,16,in,11.384760229424657
60,17,her,16.22558046453246
60,18,dark,15.422231497918517
60,19,blue,21.322986851184417
60,20,dress,14.085917027087492
60,21,and,7.601242725866634
60,22,white,9.709817984120434
60,23,ruffles.,6.520382277707694
61,1,By,0.0
61,2,and,4.423643499000491
61,3,"by,",10.785986195353715
61,4,the,14.171293554850495
61,5,happy,21.62047459393846
61,6,water,25.814060254541463
61,7,drop,28.505065225355192
61,8,tired,24.352646320962954
61,9,of,21.214269630778848
61,10,his,18.378155158212877
61,11,"play,",18.855779593272434
61,12,and,21.210626285809475
61,13,looking,26.856073125146644
61,14,up,26.498908885893574
61,15,to,27.1917717797889
61,16,the,29.36025282638015
61,17,clear,30.726442943625567
61,18,sky,28.854714059241704
61,19,above,20.85354988669533
61,20,"him,",20.611849209795395
61,21,thought,16.18194001198638
61,22,he,15.453870624875337
61,23,would,18.471854332222698
61,24,like,14.389433307261745
61,25,to,22.43406647102574
61,26,have,11.9917737910647
61,27,a,14.282175894407299
61,28,sail,11.950487082329417
61,29,on,13.244251255642522
61,30,one,13.635018459495871
61,31,of,22.92510731567477
61,32,the,14.47822440276004
61,33,"white,",10.350591775058822
61,34,marshmallow-like,18.214156001122156
61,35,"clouds,",15.20268250690176
61,36,instead,10.203790124584021
61,37,of,16.959951080320995
61,38,spending,13.089187549886777
61,39,his,17.81011015989063
61,40,whole,12.80761136856502
61,41,life,12.416521319013835
61,42,in,4.541669904157025
61,43,the,4.578263370271228
61,44,ocean.,3.192765112000673
62,1,Of,0.0
62,2,the,8.18068499497915
62,3,"sky,",9.099352338342152
62,4,little,21.683475020628546
62,5,Aqua,14.546371206047798
62,6,had,27.202118986991074
62,7,always,24.127793150532863
62,8,been,25.568765613190784
62,9,"afraid,",20.285199916778407
62,10,but,23.339419390511235
62,11,he,21.186818104013426
62,12,decided,18.86441640076503
62,13,to,16.407306502259175
62,14,finally,14.751468718624361
62,15,face,18.114421762413077
62,16,his,14.547741832532765
62,17,demons,14.711092308685636
62,18,and,9.745352346136647
62,19,suggested,11.322472743377578
62,20,a,14.370672039659363
62,21,solution,16.392235547013225
62,22,involving,9.889569326455247
62,23,the,9.592572657319298
62,24,sun,10.160377152012265
62,25,carrying,10.362556954731879
62,26,him,13.418103838934186
62,27,up,10.225650705645553
62,28,to,8.539895129769777
62,29,the,8.973282202825969
62,30,sky,6.5251920063279885
62,31,would,7.825860793997572
62,32,be,19.35269192612577
62,33,ideal.,9.128837106988
63,1,The,0.0
63,2,sun,7.844065416237184
63,3,understood,31.95949886158314
63,4,Aqua's,31.763331494408053
63,5,request,28.946989437255155
63,6,came,32.90973981188745
63,7,from,35.69483167547399
63,8,his,34.03123541049345
63,9,"heart,",31.205670009766106
63,10,so,21.687610386464208
63,11,he,23.062832333853418
63,12,acquiesced,18.99021290650923
63,13,and,14.946047847516564
63,14,also,18.154203305860296
63,15,took,17.622574071906442
63,16,ever,13.855055758300354
63,17,so,24.356412724893474
63,18,many,37.76749569457366
63,19,other,21.29674686157746
63,20,"drops,",20.28517948846416
63,21,so,15.10547674839217
63,22,that,17.017506504709825
63,23,Aqua,16.862043384027213
63,24,might,16.393407858691145
63,25,not,10.444776937106006
63,26,be,11.910095121396935
63,27,lonesome,11.930106995779042
63,28,on,10.820568520533788
63,29,the,8.983790833212963
63,30,way.,8.62894278912099
64,1,It,0.0
64,2,was,7.758257080346298
64,3,only,10.472409540104955
64,4,the,11.006138349009458
64,5,sun,8.87377464799964
64,6,that,13.800936397462749
64,7,knew,15.702632925543073
64,8,"this,",8.455264455157781
64,9,"however,",11.043509168643872
64,10,for,11.696188423654263
64,11,all,10.56036403674704
64,12,the,12.366240312661079
64,13,other,14.870924310022579
64,14,drops,17.365389409988364
64,15,had,22.5201658768043
64,16,been,22.227968153782605
64,17,changed,15.351658916961544
64,18,into,16.760147624366425
64,19,fine,21.17978510192085
64,20,mist,19.364019315695934
64,21,or,9.699704646451146
64,22,vapor,11.8270924338862
64,23,and,10.582599331055407
64,24,Aqua,13.070746856601989
64,25,could,16.242233051508997
64,26,not,17.555233711391953
64,27,see,9.329867129268523
64,28,them.,1.6847102337488926
65,1,Do,0.0
65,2,you,19.85555113856643
65,3,know,7.835670255117966
65,4,what,8.839727156617005
65,5,vapor,7.635180361987417
65,6,is?,4.500284188167135
66,1,If,0.0
66,2,you,11.89997629909342
66,3,breathe,12.981394608586218
66,4,into,16.039545046774155
66,5,the,24.003579196895153
66,6,"air,",22.124351772193428
66,7,when,13.937578892343375
66,8,it,29.30120137932785
66,9,is,36.502287168582825
66,10,cold,26.33524301505685
66,11,"enough,",15.536986846464316
66,12,you,14.695824495110713
66,13,will,13.942826749453973
66,14,see,11.617795345482556
66,15,it,11.253673032140878
66,16,coming,14.410441514761505
66,17,out,13.984039570142878
66,18,of,15.816567245037026
66,19,your,10.760317072596777
66,20,mouth,8.381090017358726
66,21,thick,5.805051088617864
66,22,and,23.898449118066097
66,23,fast,21.478431905627005
66,24,like,9.027675718788807
66,25,steam.,11.51835636672284
67,1,When,0.0
67,2,the,9.019238691986635
67,3,vapor,15.44951659922248
67,4,is,20.95643650827569
67,5,quite,15.678918323806926
67,6,near,21.993367721504505
67,7,the,18.50193945619307
67,8,"earth,",22.609596393049586
67,9,we,8.873045538300223
67,10,call,14.505872505695395
67,11,it,22.193527671293833
67,12,'fog'.,19.986084906428648
68,1,Into,0.0
68,2,vapor,10.462803965088964
68,3,the,13.569805043358578
68,4,water,37.15874043238158
68,5,drops,31.33983333173888
68,6,that,27.016835799849815
68,7,danced,27.588022516103564
68,8,in,24.338234389798963
68,9,the,24.131802410089776
68,10,ocean,23.17513137243502
68,11,had,16.85667382231884
68,12,been,19.806906555198317
68,13,"changed,",17.376579181694943
68,14,because,19.727549868982745
68,15,in,15.934873385013743
68,16,their,20.91770276912885
68,17,own,20.909819170404624
68,18,shape,31.34109654430947
68,19,they,24.299165940166798
68,20,were,12.87897226492078
68,21,too,10.754239326640588
68,22,heavy,16.20014228491611
68,23,for,9.414406797514115
68,24,the,13.28298684091563
68,25,sunbeams,10.744328536163895
68,26,that,12.538330243076821
68,27,the,13.72355189139281
68,28,sun,27.168223153403368
68,29,let,10.872263683792783
68,30,out,14.676904015912907
68,31,to,11.806866480740396
68,32,carry.,14.490000127419798
69,1,Higher,0.0
69,2,and,13.215777036730977
69,3,higher,14.151353026396208
69,4,they,20.923980974300765
69,5,"sailed,",16.81458735663584
69,6,and,28.87394591168528
69,7,though,38.4290273373295
69,8,it,28.894847866153555
69,9,was,34.91465052400453
69,10,"grand,",26.22794583390162
69,11,Aqua,20.48199843878433
69,12,and,21.251226574163958
69,13,his,26.436898262354866
69,14,friends,31.14933973670925
69,15,were,17.061505266985602
69,16,like,12.789030551743634
69,17,fish,16.383187069486272
69,18,out,10.227981333913178
69,19,of,24.451921888660255
69,20,"water,",19.382409925751734
69,21,so,17.78381711363588
69,22,they,9.40821182925799
69,23,grew,7.013392644161149
69,24,quite,11.499515094941058
69,25,dizzy.,15.205806167326731
70,1,They,0.0
70,2,enjoyed,9.341592653804831
70,3,looking,18.071910123370394
70,4,down,19.170259436910033
70,5,on,21.432304592011143
70,6,the,20.69129721879858
70,7,world,18.439224477707754
70,8,"below,",16.376667846752543
70,9,while,13.532605948401049
70,10,the,27.30067924525308
70,11,wind,29.331417548703723
70,12,scattered,29.9080913391865
70,13,them,20.471085494652144
70,14,across,16.631069399423037
70,15,the,15.401663394022314
70,16,four,13.296950553044725
70,17,corners,18.582905523808673
70,18,of,15.156960394488436
70,19,the,12.545351961495163
70,20,"earth,",11.24098171215636
70,21,but,13.12093334773918
70,22,after,17.64919610216169
70,23,a,28.809887952926122
70,24,while,23.235756041535
70,25,it,19.469410136347076
70,26,grew,14.475121983536065
70,27,nearly,19.87174876559433
70,28,time,20.820441425960865
70,29,for,22.390536767245134
70,30,the,17.146718244622093
70,31,sun,20.572412929581468
70,32,to,13.401337856271693
70,33,go,9.988141139801602
70,34,to,8.94132883837325
70,35,bed.,14.678473973985165
71,1,He,0.0
71,2,became,10.19112365945159
71,3,very,25.49293192708464
71,4,red,29.12946139598541
71,5,in,21.36198879727528
71,6,the,24.381845922387406
71,7,"face,",22.636572344789705
71,8,and,27.51417385375368
71,9,began,21.62559331357609
71,10,to,26.744709715181404
71,11,sink,20.63675197517286
71,12,lower,17.7108785962387
71,13,and,23.85511202410554
71,14,"lower,",27.970494163664835
71,15,until,15.25202595453599
71,16,suddenly,13.437063899670365
71,17,he,15.585495112083787
71,18,went,8.31127358768579
71,19,clear,8.328149675522425
71,20,out,12.555951190461572
71,21,of,12.520025275006695
71,22,sight!,5.54216658507477
72,1,Poor,0.0
72,2,little,11.417858709790917
72,3,"Aqua,",28.514837709533843
72,4,frightened,32.09512764772392
72,5,by,20.111432773930247
72,6,the,20.671792494381577
72,7,impending,13.61660633817257
72,8,cold,18.492346736880233
72,9,and,18.942668689639174
72,10,"darkness,",16.288644933262162
72,11,wished,25.452434054398744
72,12,he,19.605592800676643
72,13,could,25.126479850763047
72,14,sleep,14.540677602152913
72,15,not,12.93594921424271
72,16,in,19.824206623264995
72,17,the,32.803147447882196
72,18,"sky,",33.53846081948999
72,19,but,36.09489595240166
72,20,somewhere,29.212576747584027
72,21,closer,12.976705145552613
72,22,to,13.196030675345897
72,23,earth.,5.82329703573561
73,1,Then,0.0
73,2,Aqua,8.941538994118629
73,3,heard,22.009942033533456
73,4,the,39.30737644388543
73,5,wind,32.21050100517668
73,6,blow,24.249865662193358
73,7,and,22.572617457382993
73,8,conjectured,20.776672846339896
73,9,that,21.913102171472612
73,10,maybe,12.514119788485946
73,11,the,13.388499352728399
73,12,wind,13.41567202037436
73,13,could,10.31015548559808
73,14,take,13.819372437810664
73,15,him,9.52834019797578
73,16,back,10.4550285219543
73,17,down,9.056380621523353
73,18,to,8.979331249177296
73,19,the,5.7796980202594765
73,20,ocean.,4.637162811196552
74,1,"Indeed,",0.0
74,2,the,7.613257819473261
74,3,wind,13.455203028094939
74,4,took,20.404882299548532
74,5,pity,28.491069363219303
74,6,on,21.588552894111814
74,7,him,21.970568841392875
74,8,and,16.517410966973355
74,9,fanned,17.143721347503337
74,10,"him,",19.03772513460623
74,11,together,15.663953468420411
74,12,with,18.98778352257881
74,13,all,17.938154421778
74,14,of,19.964110586387665
74,15,his,20.130188255928765
74,16,brothers,17.165389162213735
74,17,and,15.470072997549508
74,18,"sisters,",27.180839982058618
74,19,into,17.01606841803006
74,20,a,18.33127008635008
74,21,heavy,13.366918625732833
74,22,gray,14.019977575440665
74,23,"cloud,",12.386264800895734
74,24,after,8.881043580729683
74,25,which,13.854875112023455
74,26,he,13.16502963761414
74,27,blew,11.985141908945744
74,28,them,11.123521178627188
74,29,apart,13.869390963704229
74,30,and,9.665926447653014
74,31,told,16.08936098516669
74,32,them,16.96932904771929
74,33,to,18.147417182175808
74,34,hurry,19.412293211957945
74,35,"down,",9.73835284169617
74,36,fast,10.398799611172295
74,37,and,14.785907586088554
74,38,furious,16.36254321126321
74,39,to,8.27522419406205
74,40,the,15.245932950493993
74,41,"earth,",14.335551735280404
74,42,so,9.85049843010115
74,43,they,13.514444033618853
74,44,could,9.872143951560428
74,45,have,6.492813200800409
74,46,a,12.55505049649298
74,47,fighting,11.09700016668149
74,48,chance,21.772725360190186
74,49,of,10.727668041344453
74,50,reaching,13.269187704090882
74,51,the,5.6353866671484445
74,52,ocean.,8.194958116325578
75,1,Down,0.0
75,2,they,9.3721835518791
75,3,"went,",22.765077953497045
75,4,rolling,26.137929469505085
75,5,over,22.63103226765746
75,6,each,24.318848333411058
75,7,other,34.04935498664041
75,8,until,20.821000600677856
75,9,with,25.36995461469796
75,10,a,26.047131830921344
75,11,patter,26.60504028264993
75,12,and,20.844149508479653
75,13,clatter,20.71814110936067
75,14,and,19.960173086591826
75,15,spatter,23.164537069159216
75,16,they,23.14489235086441
75,17,touched,22.96394540529502
75,18,the,15.48500410134079
75,19,"ground,",15.768939073761057
75,20,and,11.718617723798102
75,21,all,12.129463993505466
75,22,the,15.428183368697649
75,23,people,18.354445513070473
75,24,that,12.056184378751622
75,25,the,24.41608938531347
75,26,raindrops,34.403185756039754
75,27,fell,33.5308968411171
75,28,on,29.622976357521075
75,29,"cried,",43.460680443554196
75,30,'It's,24.376003892762174
75,31,"raining',",29.05865498916302
75,32,and,22.106125201339808
75,33,took,13.793739296377154
75,34,out,14.482760015891724
75,35,their,27.11183984687607
75,36,umbrellas.,9.676344546641317
76,1,Some,0.0
76,2,of,10.328301149363385
76,3,the,19.902631733205425
76,4,drops,15.687721513765315
76,5,that,18.9667676726
76,6,were,15.880961220274767
76,7,the,15.187024982655403
76,8,most,27.354739702032763
76,9,"fortunate,",16.554435306059776
76,10,including,19.021091230588755
76,11,"Aqua,",15.80439343697233
76,12,fell,20.693361365323153
76,13,on,40.19023038875566
76,14,a,22.478877819080097
76,15,"mountainside,",27.555482302170923
76,16,and,21.618867985758676
76,17,down,18.85430311684032
76,18,the,14.182741257537709
76,19,rocky,19.476732550307077
76,20,cliff,17.884704960237794
76,21,they,9.081648242720165
76,22,ran.,25.635713843856006
77,1,Together,0.0
77,2,they,12.353519314920371
77,3,plunged,20.27085346800873
77,4,into,33.630483673227396
77,5,a,18.082827582047166
77,6,mountain,16.778267286504704
77,7,"brook,",15.727700256819581
77,8,which,21.540625155930332
77,9,came,23.193197676955865
77,10,foaming,19.135988540063927
77,11,and,20.910333119058897
77,12,dashing,24.734614758036713
77,13,"along,",16.33517638729695
77,14,leaping,14.057931513001746
77,15,over,11.643743475156542
77,16,rocks,13.12445336771174
77,17,and,12.113872562326197
77,18,rushing,9.834043122004909
77,19,down,10.18196487386471
77,20,the,9.546864492295875
77,21,"hillside,",12.785005330046937
77,22,until,10.399022178220344
77,23,in,11.617361914268406
77,24,the,19.764614970644647
77,25,valley,18.432251247648036
77,26,below,13.389316862853974
77,27,they,14.375633384422537
77,28,heard,8.418679447768412
77,29,the,14.053127754060496
77,30,strangest,12.861545327402345
77,31,clattering,16.432471001718
77,32,noise.,5.879345946267342
78,1,The,0.0
78,2,little,6.833705866531977
78,3,water,22.24956081744903
78,4,drops,27.12002126278388
78,5,were,15.988588823097967
78,6,then,17.5790004507436
78,7,able,34.5230679557779
78,8,to,27.991292122373913
78,9,make,21.490344641340467
78,10,out,30.58684599103252
78,11,a,26.90111818687461
78,12,flour,23.486947715384247
78,13,mill,18.28726471886562
78,14,that,21.36732131553299
78,15,was,21.113702864365372
78,16,standing,14.661317678376056
78,17,on,9.162857137746256
78,18,the,8.248304424216954
78,19,bank.,6.243724453883987
79,1,Inside,0.0
79,2,the,8.715976180275417
79,3,"mill,",11.259854808790237
79,4,the,32.28089488003603
79,5,water,36.466287029177956
79,6,drops,25.074668228377128
79,7,saw,18.96088629589712
79,8,two,21.039707584118396
79,9,great,30.334457796260015
79,10,"stones,",34.923374859917494
79,11,which,16.52269597233654
79,12,the,17.874885852637384
79,13,big,25.4764434558963
79,14,wheel,22.211489117455002
79,15,kept,15.153820587848502
79,16,whizzing,12.573082336631124
79,17,round,10.399806175914062
79,18,and,14.40786437825158
79,19,round.,3.3597361174996885
80,1,The,0.0
80,2,"stones,",9.85213347185013
80,3,smoothed,37.03118502782026
80,4,by,27.996091083267928
80,5,the,25.62978170405522
80,6,"spinning,",20.568123846189913
80,7,were,26.201570961526265
80,8,busy,11.951514619549286
80,9,grinding,12.716118850875649
80,10,the,12.311563341073713
80,11,wheat,13.018909829153863
80,12,into,10.584003723915364
80,13,flour,12.828684161596446
80,14,and,13.926713813132707
80,15,the,9.084259127466288
80,16,corn,17.907064951373336
80,17,into,10.847815570676246
80,18,golden,9.143387191445933
80,19,meal.,10.527693887906251
81,1,But,0.0
81,2,what,6.533771563080256
81,3,giant,10.56330890642668
81,4,do,13.129947546974034
81,5,you,30.5612680432656
81,6,suppose,10.54258701779386
81,7,it,13.817511999361582
81,8,was,16.30270249417405
81,9,who,11.9893200178446
81,10,could,13.912270484386019
81,11,turn,16.52708916166367
81,12,and,20.249443412296316
81,13,swing,15.713119761159914
81,14,that,11.591646049851638
81,15,tremendous,15.650809328865089
81,16,wheel?,15.80968387322516
82,1,No,0.0
82,2,giant,6.982376613035633
82,3,at,10.083014247231997
82,4,all.,14.040957835759661
83,1,It,0.0
83,2,was,8.553873588739375
83,3,just,11.661535940301556
83,4,our,13.563146563047772
83,5,tiny,12.177844970465467
83,6,little,26.597086085047525
83,7,water,20.817577629977734
83,8,"drops,",24.283592491923457
83,9,who,15.140911790427511
83,10,sprang,25.36646740847774
83,11,on,19.12829932473084
83,12,it,12.234110180335719
83,13,by,14.374519992925912
83,14,hundreds,19.403065923531443
83,15,and,20.134368466240634
83,16,"thousands,",23.980732623844656
83,17,and,14.389345133906431
83,18,whirled,9.749789014827702
83,19,it,10.948600260606195
83,20,over,10.503147862244989
83,21,and,10.327195567625807
83,22,over.,8.995734606588396
84,1,It,0.0
84,2,was,8.151443128818247
84,3,lucky,11.270671141668302
84,4,for,10.027335379963114
84,5,the,11.98663612108873
84,6,water,10.51811874508597
84,7,drops,13.421915270072489
84,8,that,11.946437971167624
84,9,the,18.456279051289236
84,10,brook,23.154337939019438
84,11,where,20.626544073917888
84,12,they,19.87318735747313
84,13,were,21.669091832065085
84,14,swimming,23.822446101604033
84,15,next,21.90158133316312
84,16,emptied,24.347151905224514
84,17,into,13.962043951125478
84,18,a,17.553348206471508
84,19,beautiful,11.191571800617453
84,20,pond,10.380345039693752
84,21,where,9.24862633549154
84,22,ducks,14.217626825752456
84,23,and,11.60739752432368
84,24,geese,21.902811436386187
84,25,were,10.002452354969295
84,26,living,6.483948512936385
84,27,peacefully.,7.067244507483168
85,1,Aqua,0.0
85,2,liked,23.712844073455432
85,3,to,17.13877456752091
85,4,play,16.798009174997247
85,5,hide-and-seek,17.82419319237364
85,6,in,16.309937460330545
85,7,this,18.775545064611194
85,8,"pond,",15.918684582845618
85,9,and,26.422479064923877
85,10,it,32.36058054756488
85,11,was,30.373377728124247
85,12,his,28.461415297639945
85,13,brother,28.65650682734256
85,14,water,33.14404989982968
85,15,drop,30.75295289762426
85,16,who,29.6282691813768
85,17,he,21.56688559534937
85,18,fooled,19.87347519193718
85,19,by,18.57995924602108
85,20,swimming,26.00167580590023
85,21,to,20.358523225874485
85,22,a,26.185414105135536
85,23,big,22.346956871402764
85,24,pool,17.540785647747906
85,25,of,12.468114786781591
85,26,water,18.012589128446844
85,27,and,11.962997713041371
85,28,pretending,19.18097220398553
85,29,to,15.539411938890156
85,30,hide,11.509523065692598
85,31,"there,",11.852199060511202
85,32,but,12.72514155115919
85,33,then,10.113287712359279
85,34,sneaking,12.438968802963968
85,35,under,14.100054271390825
85,36,a,8.489124969152183
85,37,rock,9.929263521526432
85,38,into,6.513684317973215
85,39,an,11.019252323076543
85,40,obscured,14.64326572197812
85,41,little,7.655985776497111
85,42,puddle.,13.097657770684181
86,1,His,0.0
86,2,brother,19.327516245275365
86,3,had,20.472111693632012
86,4,blatantly,21.869432895709142
86,5,peeked,27.72978196779965
86,6,and,26.0616290224845
86,7,even,32.9248003326235
86,8,followed,40.14564413374453
86,9,Aqua,32.34229324533767
86,10,as,31.73895153479138
86,11,he,39.35735666601798
86,12,entered,30.910842860118745
86,13,the,25.687070113957862
86,14,big,23.449716465045466
86,15,pool,24.236532535202567
86,16,of,12.419832299448728
86,17,"water,",25.630123745301038
86,18,so,12.788037749644783
86,19,when,15.420362159367253
86,20,he,24.97418978311656
86,21,searched,18.493333919983414
86,22,there,17.061199782802007
86,23,and,20.865436542852123
86,24,could,20.727837636326676
86,25,not,34.06665859110034
86,26,find,38.290126041123045
86,27,"him,",29.415378231980725
86,28,he,19.016327059903954
86,29,was,7.9128460669591565
86,30,extremely,12.207194026157135
86,31,surprised,10.806626988792196
86,32,and,5.871697622748653
86,33,gave,9.62461334293986
86,34,up.,14.065720586769203
87,1,Aqua,0.0
87,2,liked,16.468458771136344
87,3,this,18.313580832293418
87,4,pond,10.133381516320306
87,5,where,10.933220370774716
87,6,he,15.334651794468321
87,7,could,11.767590073852011
87,8,play,16.83926712500863
87,9,all,11.833009264543833
87,10,"day,",13.26249646780316
87,11,so,18.756529458853244
87,12,he,20.230071179013972
87,13,stayed,27.73125534316959
87,14,a,28.701982264905393
87,15,good,31.874309061296085
87,16,"while,",27.23741722220211
87,17,sailing,27.2973720296259
87,18,up,25.35413104993569
87,19,and,27.831072461393013
87,20,"down,",36.492290526516605
87,21,taking,30.890294201011006
87,22,the,30.762746514171138
87,23,ducks',30.945421175953268
87,24,backs,29.688334971354976
87,25,for,23.295783651364683
87,26,ships,27.653354920050194
87,27,and,22.57276544845406
87,28,the,21.306922145247807
87,29,frogs,38.54562769425593
87,30,for,32.32422556495562
87,31,"horses,",27.749191575061808
87,32,but,20.932228746288192
87,33,after,23.683785755778665
87,34,a,28.770770875199425
87,35,time,26.218789203472337
87,36,he,21.698549985220048
87,37,tired,18.38104140868086
87,38,of,20.09197117550656
87,39,the,24.708921587268172
87,40,dull,20.181569419175716
87,41,"life,",20.958033582167264
87,42,and,18.807581382812952
87,43,he,13.137135217901543
87,44,and,13.666739923146793
87,45,his,33.62672863090075
87,46,brothers,23.155569282398652
87,47,floated,12.758109104358022
87,48,under,12.934166033625072
87,49,a,17.31876320963632
87,50,bridge,14.724561699680487
87,51,for,9.3344334795964
87,52,a,14.859927587497975
87,53,long,15.901238752092457
87,54,"distance,",10.388853164526875
87,55,until,8.33457261685938
87,56,they,8.854439528035908
87,57,saw,9.821816317419168
87,58,another,9.152780639298228
87,59,brook,11.237775635092229
87,60,tumbling,6.415616312350996
87,61,down,9.140971081082757
87,62,a,4.699529388269053
87,63,hillside.,16.868761011338226
88,1,"'Come,",0.0
88,2,let's,23.216491136175712
88,3,join,16.168809958885056
88,4,hands!',18.225562175373643
89,1,cried,0.0
89,2,Aqua,15.416001996083542
89,3,and,27.285420417771657
89,4,because,26.51969277427203
89,5,the,22.865616775416985
89,6,water,21.867852891095666
89,7,drops,20.532365815361796
89,8,were,16.143446645466412
89,9,all,23.31036158878242
89,10,"together,",23.397669527397504
89,11,overcoming,21.870141550222023
89,12,the,32.614887810747035
89,13,brook,32.36688620546744
89,14,was,29.70723896037251
89,15,child's,29.12684111131253
89,16,play.,20.270092539839386
90,1,It,0.0
90,2,was,6.2630330344390055
90,3,by,8.526497734340335
90,4,the,13.290972323237119
90,5,help,14.49517515256498
90,6,of,17.037056718537983
90,7,Aqua,11.431019854130843
90,8,and,15.196039926252666
90,9,his,17.528566581373745
90,10,brothers,21.018773210920436
90,11,that,17.100215369266863
90,12,the,23.189429053374255
90,13,bewitching,17.69690043756693
90,14,river,23.608144303280522
90,15,was,17.186311174158668
90,16,able,16.03397519514548
90,17,to,19.654584025826484
90,18,float,12.521459180358264
90,19,heavy,10.68699702042215
90,20,"ships,",19.759659239502685
90,21,though,10.61070662901218
90,22,not,14.08283257333246
90,23,so,16.706216599311272
90,24,long,26.707514422652796
90,25,ago,20.539205647347092
90,26,it,10.911476175613117
90,27,was,14.493207121500797
90,28,only,9.773058732380042
90,29,a,10.024310111081427
90,30,little,12.386918365872146
90,31,stream.,10.797711024905444
91,1,As,0.0
91,2,the,10.187835351167092
91,3,river,9.343841498947514
91,4,grew,26.33675895613288
91,5,wider,25.667979824733777
91,6,and,18.793242165376302
91,7,he,30.365379116002256
91,8,could,27.939278291386245
91,9,almost,29.69324890265109
91,10,see,36.189814727943926
91,11,the,19.46534249674188
91,12,"ocean,",18.621715225542616
91,13,Aqua,24.920128896380252
91,14,realized,19.07533430069691
91,15,his,19.63605802242879
91,16,journey,22.454737431296074
91,17,was,22.514380799636985
91,18,almost,9.75399124429334
91,19,over,18.792343123381684
91,20,and,4.826835850126627
91,21,he,10.46435104980456
91,22,had,7.615746150457269
91,23,come,9.416636680225926
91,24,full,15.085901486903255
91,25,circle.,9.770374965351198
92,1,Back,0.0
92,2,in,9.476330053866187
92,3,the,10.069460036543523
92,4,"ocean,",27.766647136942694
92,5,he,15.47142951070819
92,6,felt,13.189435082909887
92,7,right,9.822189438146962
92,8,at,20.166131426080533
92,9,home.,4.387646385079481
93,1,For,0.0
93,2,"him,",8.752231498938503
93,3,this,32.07707032929658
93,4,was,27.700149185073336
93,5,the,14.841066917954238
93,6,"safest,",12.29800129442571
93,7,sweetest,33.49225115574388
93,8,place,29.413128634413948
93,9,in,21.740225726773268
93,10,the,17.991347854895647
93,11,whole,7.070865900479494
93,12,wide,9.015382548046338
93,13,world.,5.623900104443824
94,1,During,0.0
94,2,the,19.426587883200792
94,3,warm,16.649170573426346
94,4,summer,20.015190938542116
94,5,"evenings,",9.453556885160863
94,6,if,10.604735915383863
94,7,you,22.541110536714562
94,8,take,17.771873705219726
94,9,a,17.171813552638884
94,10,walk,20.259997665112294
94,11,on,30.070164919399126
94,12,the,36.1075062389981
94,13,sea,26.860922218983383
94,14,"beach,",17.838475470116713
94,15,you,16.520585326002738
94,16,will,25.372386685857304
94,17,hear,13.684468187705683
94,18,the,16.961969603744773
94,19,gentle,17.06441833062375
94,20,rippling,17.310960480379205
94,21,swash,16.477711040042884
94,22,of,16.98965564497802
94,23,the,10.859034697671548
94,24,waves,9.126919609431603
94,25,and,9.792484019622949
94,26,some,12.700212153999516
94,27,say,14.947723705585606
94,28,that,30.71004793425906
94,29,it,23.2892193476786
94,30,must,17.355771393102476
94,31,be,22.869987597594204
94,32,the,16.111987153044804
94,33,gurgling,13.996019929972102
94,34,voices,15.989107314512728
94,35,of,12.540721866738274
94,36,Aqua,8.606053825706091
94,37,and,15.277216172790997
94,38,his,18.103378237765995
94,39,brother,14.019104439676452
94,40,water,10.427670455667094
94,41,drops,11.917354112723588
94,42,telling,13.615460146359752
94,43,each,17.51206205399261
94,44,other,20.507090666564974
94,45,about,11.829506494565518
94,46,their,14.510557071926103
94,47,wonderful,10.684273409110075
94,48,journey,12.33223078174597
94,49,around,6.794587108279494
94,50,the,5.5776373402145
94,51,world.,5.292190612917004
95,1,It,0.0
95,2,was,8.687167022464086
95,3,cold,11.632864196628265
95,4,and,22.044570138345403
95,5,nearly,15.160867883311703
95,6,dark,21.507402278362918
95,7,on,14.156928316976215
95,8,the,21.03127269500683
95,9,last,16.525521668788045
95,10,evening,19.04912814330205
95,11,of,15.795948089165808
95,12,the,16.289598878030834
95,13,old,14.39617579034858
95,14,"year,",11.74627249106118
95,15,and,10.118482369055338
95,16,the,7.554515384936126
95,17,snow,7.343206361522207
95,18,was,8.23500603234718
95,19,falling,7.415171289835506
95,20,fast,6.823288533403915
95,21,and,16.70160430207152
95,22,furious.,5.0065832518081805
96,1,A,0.0
96,2,little,7.660408583033808
96,3,girl,29.953756011409858
96,4,no,20.252876465479346
96,5,one,26.820678407668474
96,6,sheltered,36.20762159663595
96,7,from,19.742998898527098
96,8,the,15.87936793000151
96,9,gelid,18.0336968252229
96,10,air,22.74456906537732
96,11,roamed,17.92259009936407
96,12,through,18.745854216242382
96,13,the,19.789202360148863
96,14,streets,18.254328842721296
96,15,with,17.494774097266674
96,16,a,31.603862838667805
96,17,bare,23.80845038995296
96,18,head,23.459160978308923
96,19,and,14.55263422300186
96,20,naked,15.13635923767652
96,21,"feet,",17.361631739551832
96,22,looking,14.22000964806739
96,23,as,10.375564789974707
96,24,poor,25.225748532436242
96,25,as,23.831408689920252
96,26,a,11.27541452663741
96,27,church,8.594455681866844
96,28,mouse.,4.375172361311438
97,1,It's,0.0
97,2,true,16.04377306826297
97,3,she,13.5122035820357
97,4,had,21.77120534863415
97,5,on,18.790073213051503
97,6,a,21.758877632220305
97,7,pair,21.078990485367274
97,8,of,35.79768899551021
97,9,slippers,37.54837865074888
97,10,her,17.792904732667473
97,11,mother,19.04741554006476
97,12,had,25.253939138520373
97,13,once,24.37458069803327
97,14,given,17.586935988228387
97,15,her,11.129236092247407
97,16,when,9.337450784875188
97,17,she,19.257794102403533
97,18,left,13.211210483517315
97,19,"home,",15.099382881749692
97,20,but,15.689538048268307
97,21,they,8.581776846747887
97,22,were,11.529752944208047
97,23,as,8.920569111877722
97,24,much,13.803688888424025
97,25,use,16.964762486443945
97,26,to,14.467242230236423
97,27,her,13.968668063122013
97,28,as,10.91411413822145
97,29,a,7.616408957485742
97,30,chocolate,9.493696460881397
97,31,teapot.,13.120518612248434
98,1,The,0.0
98,2,slippers,8.574584427486878
98,3,owned,46.465366949474195
98,4,by,38.44157071998753
98,5,her,27.58634121370873
98,6,mother,28.46653586609107
98,7,were,24.70451788012705
98,8,so,32.195470925369825
98,9,large,36.46627056183914
98,10,that,33.25230979686878
98,11,the,24.531488951309882
98,12,emaciated,24.911738228307787
98,13,little,24.972495399291347
98,14,creature,32.64559683940462
98,15,had,14.07500832608977
98,16,lost,15.126079877630113
98,17,them,25.97722238819381
98,18,while,19.395894967167813
98,19,running,18.16959741919445
98,20,across,14.120648012458632
98,21,the,12.313398780232156
98,22,street,11.11681335273173
98,23,to,9.068434850588352
98,24,avoid,13.569747069081863
98,25,two,15.442401139510501
98,26,carriages,15.545573504890811
98,27,that,10.147437894851468
98,28,were,14.05826125211357
98,29,rolling,8.848088558079304
98,30,along,6.920189286728464
98,31,at,6.864046091830927
98,32,a,20.74429757686967
98,33,terrible,14.187878217749342
98,34,rate.,1.4191189767624837
99,1,One,0.0
99,2,of,9.766231577397175
99,3,the,13.119515251355347
99,4,slippers,14.385886799273724
99,5,she,30.822268398267045
99,6,could,38.12466620044457
99,7,not,32.8199143052377
99,8,"find,",29.59198715165825
99,9,and,26.936350026033494
99,10,a,23.663148224636092
99,11,boy,26.840444029766836
99,12,seized,25.142221981740136
99,13,upon,22.545964532056853
99,14,the,23.060431176575566
99,15,"other,",24.392003432725677
99,16,saying,19.620871717881464
99,17,that,25.456641728190174
99,18,he,20.945720957231032
99,19,could,14.076166543252006
99,20,use,17.357084582756514
99,21,it,16.541711003027498
99,22,as,11.721354510593573
99,23,a,16.54863807455606
99,24,home,9.900175613428413
99,25,for,14.30489053526675
99,26,his,13.756273874864041
99,27,little,9.692637732873216
99,28,pet,9.111415900824996
99,29,mouse.,4.299213565552573
100,1,So,0.0
100,2,with,8.579555414027416
100,3,her,11.332062068720289
100,4,naked,14.11416246607773
100,5,"feet,",29.510431172801272
100,6,which,18.851097817057152
100,7,were,24.104756934363046
100,8,quite,32.33652799991978
100,9,red,36.64026571068668
100,10,and,27.251432002429596
100,11,blue,23.228162050845913
100,12,with,21.131204805130185
100,13,the,23.141657572179998
100,14,"cold,",19.000846808790392
100,15,the,28.020303553280492
100,16,little,27.149152006654493
100,17,girl,23.67910997745833
100,18,went,13.606434123317651
100,19,"on,",10.687153124237327
100,20,wondering,33.36073197028788
100,21,how,16.247039212832902
100,22,she,10.792343528668402
100,23,would,17.2649784625438
100,24,get,12.942008762284656
100,25,through,9.849666821429047
100,26,this,9.964765627390305
100,27,dreadful,8.224740429569227
100,28,night.,4.823143329539832
101,1,She,0.0
101,2,approached,14.863213983819096
101,3,an,24.207138378404327
101,4,old,35.03538793434637
101,5,hovel,26.570854173250698
101,6,she,21.154672396784033
101,7,had,26.648670432360326
101,8,used,22.43059869884507
101,9,as,18.386046582147717
101,10,a,17.377878177405826
101,11,shelter,13.739419364132017
101,12,a,10.688827305475524
101,13,few,28.20560649692877
101,14,times,11.024280003429215
101,15,"before,",14.286202430158937
101,16,and,9.528016580371434
101,17,found,5.952414523780746
101,18,the,8.894829382180918
101,19,entrance,8.596425748506936
101,20,was,9.524013778225614
101,21,locked.,8.122630429911007
102,1,Tough,0.0
102,2,luck,5.427647945791016
102,3,for,11.82743212515033
102,4,the,9.104708738003273
102,5,girl!,8.565636987080078
103,1,This,0.0
103,2,day,17.436674316212923
103,3,was,17.62604166135555
103,4,even,29.841373604238257
103,5,worse,24.863212334466603
103,6,than,7.687002690293351
103,7,the,6.932786318568259
103,8,others.,2.7961881788457577
104,1,No,0.0
104,2,Good,9.495460028086958
104,3,Samaritan,13.366384307883349
104,4,had,16.884203439956668
104,5,given,16.39608872962725
104,6,her,16.175646097274203
104,7,even,10.478406102188249
104,8,a,22.063731004949837
104,9,penny.,10.944637492796822
105,1,And,0.0
105,2,she,5.401398577755127
105,3,had,17.79792525021146
105,4,no,12.563094621539376
105,5,luck,14.351425431641788
105,6,selling,11.231890601742595
105,7,any,11.089662239348934
105,8,matches,17.470501712798118
105,9,that,21.892253058673816
105,10,she,24.188631260851484
105,11,carried,22.97717577265192
105,12,in,23.674436004955833
105,13,the,29.021899103573876
105,14,old,27.25202263384832
105,15,apron,20.54501498884794
105,16,her,9.200603254427987
105,17,grandmother,26.862728832237206
105,18,had,8.963425769615863
105,19,given,2.3227090093732
105,20,her.,0.22530501428486935
106,1,Poor,0.0
106,2,little,5.306302834752347
106,3,"child,",23.89417501328854
106,4,she,13.878491887878008
106,5,looked,11.059379448193685
106,6,the,9.313965317774567
106,7,picture,18.706216966239236
106,8,of,11.54800363562845
106,9,misery.,20.734910664694013
107,1,On,0.0
107,2,her,7.620543004563809
107,3,"long,",26.718447276464047
107,4,fair,25.820185502643266
107,5,"hair,",38.7153423346594
107,6,which,30.26573374395355
107,7,hung,29.16507315556897
107,8,in,57.019845578674975
107,9,curls,47.76112362510164
107,10,on,32.08637708445669
107,11,her,30.10744013817749
107,12,"shoulders,",22.43281920984602
107,13,the,18.56665711890311
107,14,snowflakes,16.37066966158298
107,15,kept,20.079199855373492
107,16,"landing,",22.85206539706779
107,17,but,27.378635425685328
107,18,she,17.005799223770655
107,19,did,14.439997800142159
107,20,not,14.719196845997184
107,21,notice,8.90202714096579
107,22,them,9.597336259655187
107,23,as,9.455303772064712
107,24,she,14.975031554282376
107,25,shivered,14.420332095933107
107,26,along.,7.426625240497909
108,1,She,0.0
108,2,was,7.4941068630942995
108,3,losing,27.63351880656281
108,4,strength,34.97871965088708
108,5,and,29.400252551317823
108,6,beginning,23.761113756142493
108,7,to,19.652219662087
108,8,doubt,11.584614119963401
108,9,she,25.356297171423304
108,10,could,23.879162497209908
108,11,weather,9.134985181923815
108,12,this,16.508078336485973
108,13,storm.,10.264979287098834
109,1,It,0.0
109,2,was,6.300724064271495
109,3,New,8.691910647940183
109,4,"Year's,",35.30309079721724
109,5,and,26.37116047380232
109,6,the,24.178550992221282
109,7,girl,23.175560555140244
109,8,asked,22.48553408511427
109,9,herself,24.561531332217058
109,10,"why,",30.754209832828092
109,11,as,20.132622670351726
109,12,lights,19.86156707019578
109,13,shone,30.486877334595853
109,14,from,16.188530768753953
109,15,every,14.543509285750453
109,16,"window,",15.787413245887342
109,17,and,16.142410170523156
109,18,the,14.247895455211298
109,19,savory,11.106713787110655
109,20,smell,25.731308421194
109,21,of,12.731383283916593
109,22,roast,12.67680448755058
109,23,goose,19.226197213310876
109,24,crept,14.014726273302593
109,25,out,9.894879576990515
109,26,on,11.715357362694371
109,27,the,9.480484899424285
109,28,"streets,",9.478596765050343
109,29,she,21.04153268416357
109,30,was,26.90414825917799
109,31,outside,14.73088087132138
109,32,all,10.860547139303717
109,33,alone.,7.485117379311532
110,1,"Exhausted,",0.0
110,2,she,9.65740095593119
110,3,finally,26.303096791879504
110,4,sat,21.37618699699991
110,5,down,19.431731884288098
110,6,in,13.023814989334785
110,7,a,23.359811502411027
110,8,corner,18.041061466298146
110,9,behind,9.094865493712708
110,10,the,7.614398795374747
110,11,little,5.5603845641857275
110,12,bakery.,9.21578136561434
111,1,She,0.0
111,2,put,15.15993358756089
111,3,a,23.682737478525993
111,4,rag,22.556011371559293
111,5,she,25.854194383920785
111,6,had,28.317095411233478
111,7,found,28.978803561933685
111,8,over,20.905927439491744
111,9,her,23.123334583552737
111,10,legs,18.94653361275635
111,11,to,11.167423958460407
111,12,cover,17.38671249622402
111,13,"herself,",8.836987311755026
111,14,but,10.009935841430746
111,15,she,8.728037672920186
111,16,could,9.785490441865853
111,17,not,12.68508041632263
111,18,keep,7.164930782160232
111,19,off,6.906321359530598
111,20,the,17.00903667087339
111,21,cold.,6.785709152558582
112,1,The,0.0
112,2,"girl,",9.96254151818983
112,3,who,40.69255429495044
112,4,the,34.669408853310316
112,5,night,42.10184961711124
112,6,air,37.24534332811945
112,7,had,36.29978787315526
112,8,completely,38.65293413022756
112,9,"enveloped,",36.19704440563391
112,10,dared,22.60251320158247
112,11,not,18.836971979032874
112,12,go,15.607604621237263
112,13,"home,",17.123699385263865
112,14,for,20.194181377228546
112,15,she,21.596645666735153
112,16,had,8.869497090132922
112,17,sold,5.623081935947163
112,18,no,9.931683414164311
112,19,matches.,9.087269081830362
113,1,Her,0.0
113,2,father,7.060501452016573
113,3,had,36.80868040947469
113,4,been,42.41518721647531
113,5,mean,27.37148466384703
113,6,and,33.1335786716384
113,7,moody,21.37595585231715
113,8,ever,19.10195605416758
113,9,since,29.165603872531698
113,10,his,11.148570822562947
113,11,wife,13.151329085813156
113,12,had,14.03448203327082
113,13,gone,9.531951887388477
113,14,to,10.393719748864845
113,15,meet,9.262816957230617
113,16,her,13.766351223820024
113,17,Maker.,3.662297746374002
114,1,He,0.0
114,2,would,10.34746139253071
114,3,certainly,18.28107439145384
114,4,beat,14.042563164818477
114,5,"her,",12.070637521258325
114,6,as,13.897709487259394
114,7,he,13.304807123620476
114,8,has,17.093236657260153
114,9,done,19.982512386064684
114,10,several,14.764265399480362
114,11,times,19.386460955594973
114,12,in,13.002952719863197
114,13,the,20.412833444458887
114,14,weeks,15.16459999282675
114,15,"past,",30.074283194458857
114,16,because,22.1733219724642
114,17,she,13.219650357438528
114,18,had,11.568286836827355
114,19,not,12.56120199680591
114,20,earned,23.8073313176544
114,21,any,11.672153962403415
114,22,money,11.56339239465898
114,23,today.,2.774250525371578
115,1,"Besides,",0.0
115,2,it,5.793034718577501
115,3,was,13.03440619692287
115,4,almost,7.788965442571106
115,5,as,9.997863487006684
115,6,cold,37.39165739635833
115,7,at,18.76784772309785
115,8,home,18.763473000407856
115,9,as,14.65089129734822
115,10,"outside,",17.671274130428372
115,11,for,17.008825852390178
115,12,they,15.293930752795099
115,13,had,24.12043866718293
115,14,only,12.450511435371805
115,15,a,16.893616910351643
115,16,patchy,17.68949510647138
115,17,roof,18.11787776453108
115,18,to,11.406492204412743
115,19,cover,13.45113383661504
115,20,them.,7.912366647349033
116,1,The,0.0
116,2,girl's,9.156534505962226
116,3,little,27.10895245937435
116,4,hands,17.79496396693758
116,5,were,18.78716275065095
116,6,almost,23.785925177234517
116,7,frozen,17.107295937998547
116,8,solid,15.376946928851398
116,9,so,22.876712924068
116,10,she,32.513531254317904
116,11,decided,23.288370554177558
116,12,that,15.640344044824182
116,13,a,21.23079110113832
116,14,burning,39.218718097495774
116,15,match,37.81376327347745
116,16,might,19.0254947442494
116,17,be,12.07267076196309
116,18,of,10.973071182921801
116,19,some,14.207034876489189
116,20,good.,1.1054909997661135
117,1,'Scratch!',0.0
118,1,sounded,0.0
118,2,the,6.03892863347511
118,3,match,8.490864992873371
118,4,as,10.6521508872918
118,5,she,11.521722300317332
118,6,drew,16.25178711637744
118,7,it,19.68617965729601
118,8,out.,16.672782039316555
119,1,How,0.0
119,2,it,19.26827303756735
119,3,sputtered,17.793750199379115
119,4,as,9.728565227075084
119,5,it,19.086714650678477
119,6,burnt!,16.41629806696484
120,1,It,0.0
120,2,gave,8.609739057184443
120,3,a,12.192951840525932
120,4,"warm,",9.411993923918173
120,5,candle-like,28.190434402447966
120,6,bright,29.150509320728602
120,7,light,30.810210522632403
120,8,that,16.817796982857566
120,9,the,18.179235982632658
120,10,girl,25.91071858891432
120,11,hid,27.339484109974965
120,12,from,19.527363525230967
120,13,the,22.765098763397802
120,14,world,21.040661571882733
120,15,as,12.999196145816063
120,16,she,18.112704956349756
120,17,held,7.817640306117174
120,18,her,10.335265038615375
120,19,hand,14.285728166501352
120,20,over,6.58215355043833
120,21,it.,4.081383084134322
121,1,Why,0.0
121,2,had,14.576616590976485
121,3,no,18.757736347105674
121,4,one,18.8269689951064
121,5,wanted,23.447814680892225
121,6,to,11.527254466247637
121,7,buy,13.116938951245423
121,8,even,10.786825169720288
121,9,one,18.1240294872122
121,10,match?,14.750179112091324
122,1,A,0.0
122,2,wonderful,4.486934490379212
122,3,"light,",17.30123023943917
122,4,it,13.417211673558379
122,5,was,13.512393278899602
122,6,really.,6.969442593284001
123,1,It,0.0
123,2,seemed,8.687167022464086
123,3,to,13.75743906135448
123,4,the,14.607977455378666
123,5,girl,26.61630635016
123,6,that,30.078898757353556
123,7,she,22.127368691854862
123,8,was,15.809598803619247
123,9,sitting,14.825724087696791
123,10,by,26.897920588689527
123,11,a,26.534644086024787
123,12,large,21.08376480974655
123,13,iron,21.351375178198005
123,14,"stove,",18.76766826995059
123,15,with,14.156532068948627
123,16,polished,13.713522608900517
123,17,brass,16.795004476852938
123,18,feet,11.745120102498472
123,19,and,10.592355717389216
123,20,a,15.17092833631585
123,21,brass,11.31884015269834
123,22,ornament.,6.859373861996383
124,1,How,0.0
124,2,the,17.339526132254747
124,3,fire,18.778001406822142
124,4,burned!,16.15210132840578
125,1,The,0.0
125,2,girl,7.738973697600956
125,3,was,22.696413192209466
125,4,pleased,22.225220112872417
125,5,and,27.010058307544615
125,6,the,24.862517309578802
125,7,fire,33.94582745021378
125,8,actually,24.99302909590846
125,9,seemed,24.03002135748266
125,10,so,26.501756359648247
125,11,warm,25.454251266083425
125,12,that,18.37304039417622
125,13,the,21.860098537333563
125,14,child,20.17743098721186
125,15,stretched,11.553767763159106
125,16,out,20.10299311230012
125,17,her,17.000242735731398
125,18,feet,27.4727596682529
125,19,as,11.996092834371481
125,20,if,15.854099459640361
125,21,to,19.741082071266366
125,22,warm,19.790050949420507
125,23,"them,",18.024627054093987
125,24,when,14.017560525890982
125,25,suddenly,13.133235958716844
125,26,the,16.596514964991922
125,27,flame,15.128565945967372
125,28,of,8.289115807167422
125,29,the,23.135876963874377
125,30,match,8.851049920626439
125,31,went,4.667637449334741
125,32,out.,1.408878076000472
126,1,It,0.0
126,2,was,9.265645803114419
126,3,a,9.164615626760966
126,4,"short,",9.555728080411464
126,5,stubby,21.971696273660605
126,6,match,24.166716608041437
126,7,that,22.25401662995891
126,8,the,19.93564949996385
126,9,little,25.88792488978005
126,10,girl,36.43026874560342
126,11,next,14.156008381776749
126,12,rubbed,21.39964689243013
126,13,on,20.374657942186143
126,14,the,14.025364319290748
126,15,wall.,12.689818121833417
127,1,It,0.0
127,2,burst,8.54013699044966
127,3,into,18.598986041400252
127,4,a,13.002361701483506
127,5,"flame,",12.533230522147653
127,6,and,16.237421620529183
127,7,lo,11.902235248216842
127,8,and,21.86344592165863
127,9,"behold,",33.81737745639616
127,10,the,11.685103690351697
127,11,girl,13.626290745736151
127,12,was,13.279785743958495
127,13,transported,14.302113372856763
127,14,from,17.60212780696946
127,15,her,17.7590709082307
127,16,dank,20.135524383134914
127,17,city,25.964532207594353
127,18,to,17.42415052345372
127,19,a,8.678436728964602
127,20,"beautiful,",9.437742548342701
127,21,sunny,8.400331555918944
127,22,forest.,3.3911717955726464
128,1,She,0.0
128,2,heard,14.863213983819096
128,3,the,33.60074168151779
128,4,birds,34.80204256158631
128,5,chirping,31.451850275777403
128,6,and,19.37451781388629
128,7,she,21.27446562237264
128,8,was,17.081406658637903
128,9,surrounded,21.88389577673345
128,10,by,23.575028484913272
128,11,wildflowers,16.11466246813512
128,12,and,16.14528665022679
128,13,birches,15.744042548129146
128,14,as,11.482047386113647
128,15,white,11.705197382792724
128,16,as,26.319693743812103
128,17,snow.,8.873228138864356
129,1,A,0.0
129,2,little,4.383601810296009
129,3,squirrel,18.66838860826003
129,4,hid,17.98608166550936
129,5,some,18.22809909145652
129,6,food,19.92220520768711
129,7,in,18.829748406726996
129,8,the,12.089400570493481
129,9,ground,13.197188033938493
129,10,and,14.15711822881843
129,11,scurried,11.760119136749616
129,12,off,8.831267039800341
129,13,into,6.2294192698657005
129,14,the,9.524762029056626
129,15,underbrush.,3.9114174767039653
130,1,The,0.0
130,2,girl,8.944841748945798
130,3,was,27.006866309544602
130,4,"curious,",22.796045665559355
130,5,so,32.79357550622337
130,6,she,30.51228213882902
130,7,dug,13.805715709338902
130,8,some,19.009977496711688
130,9,squirrel,22.782977735816196
130,10,food,21.91351757406794
130,11,up,13.888337744155084
130,12,to,15.925618471873948
130,13,see,20.63827794498722
130,14,what,24.02343659861004
130,15,it,10.182101551702024
130,16,"was,",14.425359042672286
130,17,but,10.307454484630135
130,18,then,7.982838969642482
130,19,she,13.856183594996038
130,20,forgot,9.834224770618196
130,21,to,9.367383689419785
130,22,put,10.401248859770703
130,23,it,4.986099447122949
130,24,back.,3.7039021561073566
131,1,The,0.0
131,2,squirrel,6.833705866531977
131,3,came,22.067413132006976
131,4,back,27.543886436429993
131,5,and,19.84402812897597
131,6,looked,20.098085157401123
131,7,in,16.306765476811524
131,8,its,22.33771852234203
131,9,hiding,25.70785069167029
131,10,"place,",24.471926371819215
131,11,but,13.832502458665243
131,12,the,9.487264076622019
131,13,food,12.89387066244888
131,14,was,10.387796166544552
131,15,nowhere,10.195177411457726
131,16,to,17.01115014417201
131,17,be,5.985757863690387
131,18,found.,1.1410467723627196
132,1,Then,0.0
132,2,the,7.098150518082252
132,3,match,15.56955017056567
132,4,went,30.326943917239483
132,5,"out,",23.018943866201425
132,6,and,24.438036782007906
132,7,it,19.967929934102365
132,8,wasn't,18.816965194262337
132,9,the,14.27372427192125
132,10,forest,20.621272741175446
132,11,that,26.67329546725448
132,12,remained,11.133127769415708
132,13,before,10.026096400822926
132,14,her,9.27770917950666
132,15,eyes.,9.189995858972889
133,1,It,0.0
133,2,was,13.095808818795115
133,3,only,9.10347613834454
133,4,the,17.269278786613928
133,5,"thick,",10.576381307718764
133,6,"damp,",30.738579576565392
133,7,cold,20.06953328563548
133,8,wall.,8.452850517419188
134,1,The,0.0
134,2,girl,7.936936047703101
134,3,looked,24.70972947039614
134,4,despondently,29.38179795296699
134,5,into,26.939173293230056
134,6,the,28.14409617092142
134,7,sky,22.121546047227252
134,8,that,17.565367085040066
134,9,was,22.60407880264894
134,10,now,23.08150281342675
134,11,fully,20.020027563636667
134,12,darkened,25.2006812817766
134,13,and,12.712188101398853
134,14,suddenly,15.91051825539229
134,15,she,16.543497553430203
134,16,saw,19.75088909708555
134,17,a,13.496982827213618
134,18,star,11.928088188180805
134,19,"fall,",9.693571852610535
134,20,leaving,15.71894364191283
134,21,behind,17.219723876233353
134,22,it,18.047954954183282
134,23,a,16.796921626581142
134,24,bright,7.813712222371468
134,25,streak,6.804273179237774
134,26,of,3.4976239466909345
134,27,fire.,1.0183781932713245
135,1,'Someone,0.0
135,2,is,25.168541002749624
135,3,"dying,'",21.266073040993184
135,4,thought,9.169671099778741
135,5,the,16.08495500194267
135,6,little,8.85342673564112
135,7,girl.,7.6673751756380915
136,1,It,0.0
136,2,was,6.209647555819379
136,3,her,9.044662543298383
136,4,old,18.06777858414872
136,5,"grandmother,",20.718583298253872
136,6,the,28.957910593558918
136,7,one,31.94122983251259
136,8,who,33.60564335905003
136,9,had,19.467448725271336
136,10,loved,19.636373610593125
136,11,her,24.344164179618062
136,12,the,16.179277381960183
136,13,"most,",22.224022339700486
136,14,and,10.575327279796204
136,15,the,11.442403998479646
136,16,one,19.137061733303142
136,17,who,8.787359148857714
136,18,the,8.684447417810329
136,19,girl,20.213857976807255
136,20,used,17.247123798798214
136,21,to,15.192308789514488
136,22,visit,7.787476513520177
136,23,every,7.360414929444166
136,24,"Sunday,",10.939485894913359
136,25,who,9.960818595993485
136,26,had,10.250993039868021
136,27,told,7.222802307302312
136,28,her,18.265835997661128
136,29,that,13.48854725688952
136,30,when,5.209382832807047
136,31,a,21.953707740231923
136,32,star,30.20641105338855
136,33,"falls,",28.41116584069832
136,34,a,15.290163601143131
136,35,soul,16.86825781453879
136,36,leaves,9.901711991552185
136,37,this,9.177035758320978
136,38,earth.,6.891036192209202
137,1,It,0.0
137,2,was,8.98238556162915
137,3,her,11.38613410208216
137,4,last,22.450074358194076
137,5,match,21.24218164109195
137,6,that,19.40766179441262
137,7,the,32.69016405808607
137,8,little,38.8969116424466
137,9,girl,45.383865271391386
137,10,now,28.77083539019133
137,11,rubbed,27.9418408328841
137,12,on,23.824971322866652
137,13,the,23.884154831096982
137,14,wall,24.458393551472945
137,15,and,12.35820074717035
137,16,the,16.941066268040835
137,17,light,21.926146432103447
137,18,again,13.645661756329336
137,19,shone,24.929063069937875
137,20,round,7.484228148725607
137,21,her.,6.269539183804037
138,1,Her,0.0
138,2,old,4.3415616831885
138,3,grandmother,24.44506846467108
138,4,in,7.60047675679174
138,5,the,14.298110637891664
138,6,brightness,15.894028290104671
138,7,"stood,",23.258294615155634
138,8,loving,19.625876928969525
138,9,in,12.91351324977115
138,10,her,12.68068144407886
138,11,appearance.,10.549612122120642
139,1,The,0.0
139,2,girl,3.9953612949322697
139,3,understood,20.84943337445777
139,4,her,20.018988315473166
139,5,grandmother,17.350951455699516
139,6,would,23.599787107331483
139,7,soon,17.13417519249322
139,8,"disappear,",14.40995016032799
139,9,but,11.006479906554071
139,10,she,6.704398415587276
139,11,tried,6.655509490555182
139,12,to,11.450950649441985
139,13,play,5.842005467042973
139,14,for,19.239439417911164
139,15,time.,14.218919454074413
140,1,"'Grandmother,'",0.0
140,2,cried,9.92221709000733
140,3,the,22.23553374046201
140,4,little,24.958158065602166
140,5,"one,",31.483011984269886
140,6,'O,17.413763088434617
140,7,take,18.21217293904301
140,8,me,15.309954881575024
140,9,with,11.258941709901144
140,10,you!,8.785578112648754
141,1,I,0.0
141,2,know,10.4504329090471
141,3,you,11.010487876241104
141,4,will,11.264244493970859
141,5,go,11.787220001638842
141,6,away,9.795459684946008
141,7,when,7.446570256456542
141,8,the,9.515134714358677
141,9,match,17.171594360750362
141,10,burns,18.4478817511358
141,11,out!',9.804205325209852
142,1,The,0.0
142,2,girl,5.755206790554925
142,3,decided,24.50674832257652
142,4,to,30.80980120392335
142,5,light,28.66511528994451
142,6,the,27.035107924608084
142,7,whole,24.195979370094417
142,8,bundle,22.966091834769113
142,9,of,18.257745546803577
142,10,"matches,",20.889539298682354
142,11,in,13.542438637256419
142,12,order,23.292688705324334
142,13,to,19.835934023487088
142,14,keep,12.202483452253134
142,15,her,15.72937088016669
142,16,grandmother,14.1054719570024
142,17,there.,9.646254206759615
143,1,The,0.0
143,2,girl,8.574584427486878
143,3,saw,21.745187469246325
143,4,the,23.42735115319666
143,5,matches,28.918747220252392
143,6,glowed,26.187189084330516
143,7,with,28.02327999252548
143,8,a,30.99287742369741
143,9,light,37.071470415941015
143,10,that,27.81981058596006
143,11,was,25.079175022994075
143,12,brighter,25.51576197905174
143,13,than,25.584429459814984
143,14,the,22.23633829680058
143,15,"day,",21.423173904089847
143,16,and,22.67549616776141
143,17,her,22.735859831690878
143,18,grandmother,22.324351504020104
143,19,had,16.08753940136056
143,20,never,18.874472306977847
143,21,appeared,28.098951488242946
143,22,so,20.467989575834928
143,23,large,19.447809967250276
143,24,or,10.042201197527792
143,25,so,14.77747533986663
143,26,beautiful,17.554824410149887
143,27,as,6.782147021021623
143,28,she,15.558495324623149
143,29,did,13.767410725627892
143,30,in,5.7554772366324425
143,31,the,12.36234214449132
143,32,light,8.643790892472627
143,33,of,20.501078538036353
143,34,the,12.346659812419384
143,35,little,11.799085364865482
143,36,matches.,12.34334153951701
144,1,The,0.0
144,2,grandmother,8.959410743265687
144,3,then,37.294861604851775
144,4,took,19.757146105395748
144,5,the,23.516804489389934
144,6,little,19.916131683367553
144,7,girl,28.77558267029876
144,8,in,21.00068957914751
144,9,her,23.917752974808575
144,10,"arms,",31.176292449293673
144,11,and,23.28430853894249
144,12,they,18.362444758034872
144,13,both,18.992067524420474
144,14,flew,19.978586183379225
144,15,upwards,21.161387867845765
144,16,in,13.836938579161599
144,17,brightness,19.855996799359396
144,18,and,16.839841530939136
144,19,joy,16.425789278892463
144,20,far,11.57961239152402
144,21,above,23.02091101451091
144,22,the,14.005766318470714
144,23,"earth,",14.55173735497544
144,24,where,11.07129463465992
144,25,there,10.978121313728483
144,26,was,22.72769415454695
144,27,neither,20.892226569254134
144,28,cold,23.273942604441977
144,29,nor,30.490951907251663
144,30,"hunger,",16.782082329278673
144,31,and,14.922547915062669
144,32,the,9.768348213564236
144,33,little,9.991806978220646
144,34,girl,14.613139157914675
144,35,felt,3.4815568481128722
144,36,safe,5.8729277891216
144,37,and,4.289902679785705
144,38,peaceful.,3.791075768882238
145,1,In,0.0
145,2,the,5.639691547415204
145,3,dawn,8.129352645245524
145,4,of,26.146261684974085
145,5,the,15.021909685032872
145,6,morning,14.840851681666685
145,7,there,13.177135587774156
145,8,lay,18.709674290473867
145,9,the,11.760931271073735
145,10,poor,9.176509194470542
145,11,little,14.947785141013169
145,12,"one,",15.9497541516329
145,13,not,14.18718246227118
145,14,"frowning,",21.406847881264163
145,15,but,24.32958417303406
145,16,smiling,19.13839957290806
145,17,and,11.396424759238945
145,18,with,14.475446576604508
145,19,a,16.196339401853002
145,20,pale,11.900245814717925
145,21,face,12.150565603708019
145,22,leaning,10.278291004936822
145,23,against,16.1021569418145
145,24,the,13.598535989372198
145,25,"wall,",11.660306124611981
145,26,frozen,9.396162351885529
145,27,and,8.331963600409164
145,28,stone,10.304945692245372
145,29,dead.,15.011513436910624
146,1,'She,0.0
146,2,tried,24.84525214324134
146,3,to,25.715575163446807
146,4,warm,21.680150166030742
146,5,"herself,'",23.45147933021247
146,6,said,8.094704120181014
146,7,some.,3.6078013951989587
147,1,Children,0.0
147,2,who,15.933449637387492
147,3,saw,28.837473722899453
147,4,her,18.481819076881642
147,5,were,14.815624320533546
147,6,asking,17.876405921297035
147,7,their,22.54064042213843
147,8,parents,27.475381361033737
147,9,why,22.081730515708657
147,10,no,12.961143178494833
147,11,one,23.582119286612684
147,12,helped,14.90919090129401
147,13,the,13.776242762988735
147,14,girl,23.100553019944265
147,15,who,9.968152882130855
147,16,they,17.119661340110767
147,17,knew,21.21454049270504
147,18,looked,15.699070331802739
147,19,dirt,11.387768160305356
147,20,poor,24.087976482316435
147,21,and,9.15458440274578
147,22,helpless.,5.804259348345822
148,1,Passersby,0.0
148,2,who,12.55651938083159
148,3,saw,13.754490332814111
148,4,her,16.39802912388561
148,5,sitting,16.111470599122093
148,6,motionless,24.295047998323454
148,7,wished,23.93900366709714
148,8,they,25.21453234526938
148,9,could,29.905431208283197
148,10,have,17.013222158902856
148,11,helped,14.749574125495709
148,12,the,13.377896052610176
148,13,"girl,",21.578995871947946
148,14,but,13.058243723258721
148,15,their,8.487222034864963
148,16,good,15.88828686428393
148,17,intentions,23.93570551280588
148,18,were,8.659745727024013
148,19,a,12.505619809315487
148,20,day,18.8580880733993
148,21,late,20.008489647987393
148,22,and,11.7105750384346
148,23,a,10.869685747160446
148,24,dollar,19.931594381501807
148,25,short.,9.195528124666566
149,1,Other,0.0
149,2,people,14.260473954576849
149,3,suspected,20.371095963821233
149,4,the,21.545525586588354
149,5,girl,24.961487649722873
149,6,had,37.046096783563314
149,7,fallen,36.87175711047043
149,8,asleep,42.05720326491256
149,9,and,31.405176592090346
149,10,"frozen,",26.363243252469847
149,11,but,29.52140052724294
149,12,no,21.045606460056003
149,13,one,25.188085928111267
149,14,imagined,17.557598026761315
149,15,what,22.632145844572882
149,16,beautiful,21.87526674070689
149,17,things,30.167551879770194
149,18,she,24.08028645812744
149,19,had,21.93001905144425
149,20,"seen,",15.172130984121045
149,21,nor,20.000735576384326
149,22,into,16.283584883893536
149,23,what,33.040873377306234
149,24,glory,39.85086788558737
149,25,she,20.429827883231606
149,26,had,19.68340975846579
149,27,entered,17.953886755118443
149,28,with,10.640019933810299
149,29,her,13.924310618263526
149,30,"grandmother,",13.342992247516365
149,31,on,9.99621522610684
149,32,New,20.319901634195766
149,33,Year's,44.76614220262043
149,34,day.,0.8842379585470855
150,1,Once,0.0
150,2,upon,12.244209893754384
150,3,a,30.446944467913706
150,4,time,15.423266715238638
150,5,the,11.519529435527508
150,6,birds,9.566276980267435
150,7,took,12.312921692296975
150,8,it,17.933789437605608
150,9,into,21.986854308559703
150,10,their,25.96456786174766
150,11,heads,25.94707387249322
150,12,that,26.65904614568688
150,13,they,13.955445073552113
150,14,would,17.492487415940804
150,15,like,16.337601976860142
150,16,a,22.53168736004873
150,17,"master,",20.152809864923015
150,18,and,18.345123396366237
150,19,that,15.376260761070117
150,20,one,21.313714643039297
150,21,of,27.394017373934158
150,22,their,35.35981180679517
150,23,number,28.57846915669332
150,24,must,27.30331336109321
150,25,be,14.631089178650287
150,26,chosen,12.66611696564717
150,27,king.,6.739286691185161
151,1,A,0.0
151,2,meeting,7.38324822220934
151,3,of,26.898035688078615
151,4,all,27.20558882296356
151,5,the,26.998500729441332
151,6,birds,25.891299984809738
151,7,was,22.275131971901242
151,8,called,46.384694617477344
151,9,and,37.864199077652124
151,10,though,37.319074741297115
151,11,they,44.671074016814316
151,12,understood,46.795737194631755
151,13,the,36.83637752746554
151,14,birds,37.48792649099663
151,15,who,29.901095869620246
151,16,were,27.946720518134864
151,17,from,25.613463517189064
151,18,the,26.41504876947166
151,19,most,22.882010462666866
151,20,distant,33.95855794999594
151,21,lands,21.06791489401749
151,22,would,15.547826998939524
151,23,be,25.85696536301703
151,24,unable,16.278098554026915
151,25,to,22.876102337287318
151,26,"come,",16.631723712792702
151,27,many,19.97517669450659
151,28,birds,14.33999294135749
151,29,came,15.065846017606384
151,30,from,13.44210359596715
151,31,faraway,20.518491992383684
151,32,meadows,21.989540639944973
151,33,and,22.451325834964162
151,34,woods.,6.56246596462804
152,1,The,0.0
152,2,"eagle,",3.9953612949322697
152,3,who,17.945441993127826
152,4,already,27.27401452836644
152,5,thought,32.107134272528604
152,6,himself,28.44539661856027
152,7,the,24.626628141429837
152,8,de,31.97017090101713
152,9,facto,39.404437604622274
152,10,"king,",23.66620936533663
152,11,arrived,18.83167767585763
152,12,fashionably,12.189196061898558
152,13,late.,13.463901574671963
153,1,It,0.0
153,2,was,8.992253238205054
153,3,a,10.625231603835136
153,4,hawk,11.228752090347
153,5,who,18.51879096125955
153,6,was,17.810587128915934
153,7,most,19.388929358089314
153,8,excited,22.5673492418261
153,9,about,14.944173698825534
153,10,the,15.82297886037589
153,11,"meeting,",12.796927747846194
153,12,because,13.995095039522509
153,13,he,12.453402006903893
153,14,was,11.396463874543102
153,15,the,12.298703268487495
153,16,dark,22.80074128637803
153,17,horse,21.20382745153219
153,18,for,8.774769431655038
153,19,king.,7.852150500698582
154,1,The,0.0
154,2,small,8.140114975571215
154,3,fry,14.140451390123314
154,4,came,18.407607531138435
154,5,"too,",19.724947427509886
154,6,and,12.593108603811327
154,7,the,19.786389777374485
154,8,"robin,",27.055263775341253
154,9,the,34.334777308020996
154,10,"bluebird,",36.81408836093541
154,11,the,28.072263489204946
154,12,"owl,",23.0743445945282
154,13,the,20.951764814543317
154,14,"lark,",12.309678959414956
154,15,and,12.937965796815403
154,16,the,27.60206563047278
154,17,"sparrow,",16.194264654210343
154,18,who,18.826455057201045
154,19,had,25.29605474451378
154,20,only,13.356680525399259
154,21,a,19.626365015732674
154,22,chance,22.151366522144695
154,23,in,20.570650902829886
154,24,a,24.84133050884504
154,25,million,24.04135991030561
154,26,to,34.758825369092925
154,27,be,30.085084360616897
154,28,"king,",22.897779259016524
154,29,were,13.684427266583693
154,30,all,8.183063463311425
154,31,present,9.733453449652124
154,32,at,6.359017014088913
154,33,the,5.195507106095194
154,34,meeting.,2.6029800911115344
155,1,The,0.0
155,2,"cuckoo,",9.156534505962226
155,3,who,27.25294596570514
155,4,was,18.5601965583767
155,5,almost,24.41487811419067
155,6,not,28.858681161551324
155,7,invited,25.57332538921311
155,8,because,22.819442486352372
155,9,his,28.50207608089187
155,10,call,29.366603500741576
155,11,so,29.344197192528373
155,12,annoyed,33.98332053876403
155,13,the,35.663109583011504
155,14,other,32.89604985314286
155,15,"birds,",32.8462640466482
155,16,came,10.062706557315947
155,17,too.,6.429122230848553
156,1,It,0.0
156,2,was,8.375500062570504
156,3,the,11.842799978883477
156,4,very,14.511121641926957
156,5,little,25.911355569657452
156,6,bird,25.29820087301823
156,7,who,15.876207189848293
156,8,had,17.469582680507568
156,9,no,15.468433164471364
156,10,name,18.990576004880868
156,11,at,13.553342369567867
156,12,"all,",25.7918936471479
156,13,"however,",13.998202228577815
156,14,that,20.646080550631805
156,15,would,17.206086706757283
156,16,end,20.854572527784107
156,17,up,21.728578223241417
156,18,overturning,14.818694597812412
156,19,the,14.008891154558336
156,20,balance,14.434220857216786
156,21,of,11.538071879391726
156,22,power,11.336557233010469
156,23,among,12.46657485815661
156,24,the,8.598676163663114
156,25,birds.,8.358630201715082
157,1,That,0.0
157,2,there,10.41651105099092
157,3,would,11.680185223013165
157,4,be,14.419316958931088
157,5,great,10.713281991553997
157,6,confusion,18.418783135774152
157,7,and,8.551771229819565
157,8,noise,19.445631285654684
157,9,among,15.487853552895947
157,10,the,14.652830133013808
157,11,birds,16.117125474673788
157,12,at,15.305850171646883
157,13,the,17.25387264524313
157,14,meeting,16.089632591455295
157,15,was,12.60690943762114
157,16,to,27.407042657354364
157,17,be,29.481249446823597
157,18,"expected,",20.022011028800154
157,19,given,15.707268704460935
157,20,the,22.29969398052831
157,21,sheer,20.49084019988302
157,22,numbers,21.601015811730687
157,23,of,25.964567951098022
157,24,birds,24.880231532022975
157,25,that,20.473574551187962
157,26,have,12.578422247455595
157,27,gathered.,7.157297320109156
158,1,There,0.0
158,2,was,10.203194777750348
158,3,"piping,",12.090885984648985
158,4,"hissing,",39.812361878342564
158,5,and,17.069112306858326
158,6,"clacking,",24.322204918807945
158,7,but,20.255044048819492
158,8,finally,23.087298370786847
158,9,it,14.436631742263328
158,10,was,13.95004195910345
158,11,decided,11.476296716225422
158,12,that,18.53940996127149
158,13,the,16.46730077970134
158,14,bird,22.8448328010472
158,15,that,12.846070822927832
158,16,could,25.863939958189036
158,17,fly,28.521914725748896
158,18,the,16.20976195847863
158,19,highest,23.128973577581515
158,20,should,11.937132277462933
158,21,be,9.017162659512648
158,22,king.,6.161766583482786
159,1,The,0.0
159,2,little,7.96575483654288
159,3,bird,26.906391981118738
159,4,lay,13.995983211676142
159,5,low,19.55010754287697
159,6,near,11.60651611055078
159,7,the,16.09403783569136
159,8,eagle,13.216164470647708
159,9,at,16.67377806609011
159,10,"first,",17.34429392129329
159,11,but,30.643907254849033
159,12,the,18.154983784627746
159,13,eagle,22.49809679432269
159,14,did,15.603002344002343
159,15,not,18.336153275747353
159,16,notice,11.702119374356256
159,17,the,11.419324958629764
159,18,bird,17.663431721549028
159,19,hopping,9.815887429501275
159,20,onto,13.702465511060161
159,21,his,12.399668521390247
159,22,back,7.585393176944324
159,23,right,7.674419077131166
159,24,as,16.217298553988833
159,25,the,9.206679190535498
159,26,competition,22.50407222941222
159,27,was,10.046601048495418
159,28,about,15.84960220737331
159,29,to,14.12168735887394
159,30,commence.,7.325248147257667
160,1,Into,0.0
160,2,the,5.815112475434061
160,3,air,11.791441831752222
160,4,in,20.17503161425401
160,5,a,21.729911626231388
160,6,great,34.4676453426588
160,7,flock,29.80881574058607
160,8,all,27.676562323451115
160,9,the,20.272036450672694
160,10,birds,23.097236990206234
160,11,flew,10.313203082664863
160,12,when,8.124903765786257
160,13,the,12.550451988768426
160,14,signal,22.49639939005217
160,15,was,16.227271406689237
160,16,given.,6.816781201658158
161,1,The,0.0
161,2,air,8.110811883586607
161,3,was,20.25915452016644
161,4,full,34.70352745951908
161,5,of,28.558557075244376
161,6,"dust,",13.632218063304641
161,7,and,12.738036018931966
161,8,it,17.810768355634277
161,9,seemed,14.261748184786008
161,10,as,14.116818856358377
161,11,if,13.476593354172625
161,12,a,3.8860914082781495
161,13,black,11.666632167833127
161,14,cloud,11.206038008431163
161,15,were,4.986439901895994
161,16,floating,6.486686330284145
161,17,over,4.162204951015249
161,18,the,5.359505814250734
161,19,field.,4.861725184492706
162,1,You,0.0
162,2,could,13.421462783718068
162,3,hear,11.868752160898675
162,4,the,19.61126655132427
162,5,birds,18.952026265672618
162,6,chirping,17.009083568392494
162,7,and,10.663320644517386
162,8,flapping,14.091112405304516
162,9,from,12.707130790316498
162,10,fields,13.078804797364068
162,11,that,12.759325294453356
162,12,were,17.775796951953375
162,13,miles,10.732608321591933
162,14,away.,3.763813352744936
163,1,The,0.0
163,2,little,3.9156315138534783
163,3,birds,15.63338359522521
163,4,that,11.450335569614548
163,5,soon,13.143323712623204
163,6,grew,21.45029144054729
163,7,tired,10.303655928005588
163,8,fell,15.603924514976269
163,9,back,18.944059905672123
163,10,quickly,12.663240645833659
163,11,to,27.11917932709104
163,12,earth.,6.577963993272468
164,1,The,0.0
164,2,fact,8.535461814068606
164,3,that,18.49823275711469
164,4,the,13.489578619379756
164,5,larger,18.562406363457637
164,6,ones,22.870850981404665
164,7,held,20.497038300104453
164,8,out,27.315503537069258
164,9,"longer,",22.825471316680538
164,10,and,16.93690932913141
164,11,flew,23.07949764620251
164,12,higher,27.133471466964245
164,13,and,24.152975925163766
164,14,"higher,",28.269924095746152
164,15,but,21.491850908392387
164,16,the,22.90738665866095
164,17,eagle,40.25182199806337
164,18,flew,27.530674041260106
164,19,highest,31.652562757453833
164,20,of,24.19051527704711
164,21,"any,",46.479364096105506
164,22,surprised,36.761141419264874
164,23,no,11.588543684372242
164,24,one.,16.573566487182237
165,1,Could,0.0
165,2,anyone,8.6686919581778
165,3,stop,12.726768790539003
165,4,the,15.05244752645935
165,5,eagle,13.83473950149851
165,6,that,15.20268920549165
165,7,seemed,21.562381950164717
165,8,to,19.39942765205027
165,9,be,16.913518484735512
165,10,flying,14.057673039200873
165,11,straight,6.229826505972341
165,12,into,10.004297938416908
165,13,the,6.024904133540622
165,14,sun?,4.358288314070693
166,1,The,0.0
166,2,other,8.944841748945798
166,3,birds,12.376995634693747
166,4,gave,20.080861825843478
166,5,out,23.271871097597394
166,6,one,18.583706070801693
166,7,by,20.75447994709858
166,8,one,30.23398957321826
166,9,and,22.90816433733586
166,10,when,26.425657089333505
166,11,the,31.998266373823043
166,12,eagle,37.64281533473572
166,13,saw,22.93619711171662
166,14,this,22.697895424685928
166,15,he,23.198523065995253
166,16,"thought,",13.326054462247345
166,17,'What,28.4571668209646
166,18,is,12.73885172995778
166,19,the,16.83809345090565
166,20,use,24.301865390603655
166,21,of,13.816213715766363
166,22,flying,13.059747810967986
166,23,any,12.068491140154352
166,24,higher?,15.240692972002687
167,1,This,0.0
167,2,victory,13.914274254251222
167,3,is,25.852653591351704
167,4,in,25.061395295314142
167,5,the,45.05334535833191
167,6,bag,37.94421185618291
167,7,and,14.391391748949529
167,8,I,23.600193394846315
167,9,am,13.874353899306923
167,10,king!',6.77365682336443
168,1,Then,0.0
168,2,the,6.22468915846384
168,3,birds,15.846901776097896
168,4,below,17.930525937818494
168,5,called,28.406889703032085
168,6,with,36.12609089922865
168,7,one,33.53216035331371
168,8,"accord,",26.047119254690003
168,9,'Come,20.161408782487843
168,10,"back,",17.505548622237207
168,11,come,29.12892373522315
168,12,back!,13.321696736112314
169,1,It,0.0
169,2,is,9.265645803114419
169,3,you,7.365362886432862
169,4,who,31.004780514946276
169,5,must,12.495031283581863
169,6,be,9.02209695765265
169,7,our,8.99271501162262
169,8,king,15.898944457175249
169,9,because,9.042586519221986
169,10,no,13.66817099347185
169,11,one,22.47035192964839
169,12,can,13.10339120065527
169,13,fly,12.832863404505906
169,14,as,12.8549614768131
169,15,high,25.823508384815046
169,16,as,5.275374827840941
169,17,you.',4.153974161978691
170,1,'Except,0.0
170,2,me!',14.062757195700136
171,1,cried,0.0
171,2,a,19.663124566030255
171,3,"shrill,",12.758367506947328
171,4,shrill,27.664348072591178
171,5,"voice,",29.55033286762795
171,6,and,22.021480693545143
171,7,out,21.533463411387437
171,8,of,29.799105944083657
171,9,the,33.38792089029435
171,10,blue,24.71901790940394
171,11,the,22.18072547086963
171,12,little,20.034741840300875
171,13,bird,21.377059518732313
171,14,without,17.506384484792687
171,15,a,23.536340976852767
171,16,name,24.02439785801583
171,17,rose,26.492795268118535
171,18,from,16.67417838795674
171,19,the,20.82573806165081
171,20,eagle's,17.127695154931605
171,21,"back,",29.220161343049003
171,22,where,22.194315510381287
171,23,he,11.003966523878459
171,24,had,14.41911153102909
171,25,lain,14.567849534169959
171,26,hidden,11.899037966452964
171,27,in,6.541123109960784
171,28,the,6.1746580623851965
171,29,feathers.,3.8323707737650037
172,1,His,0.0
172,2,guile,18.738134452490932
172,3,was,27.792731057668455
172,4,the,21.995321100453005
172,5,ace,30.637546648489526
172,6,up,17.3036276775922
172,7,his,33.75586229337675
172,8,"sleeve,",28.289368626235355
172,9,and,10.60727566918048
172,10,he,9.39633640840531
172,11,laughed,11.662028778085434
172,12,to,10.763448159178868
172,13,himself,25.70553586968317
172,14,at,17.45307009950136
172,15,how,18.258231967484797
172,16,easy,13.677896644624889
172,17,it,15.904026834728967
172,18,had,11.77023059067143
172,19,been,14.711969782980942
172,20,to,4.352749460971222
172,21,outwit,3.7124338412200335
172,22,the,6.368617353039353
172,23,other,7.409093049429195
172,24,birds.,6.249689459502175
173,1,Higher,0.0
173,2,and,13.6471893250449
173,3,higher,13.831384807910778
173,4,he,17.33619001279331
173,5,"mounted,",14.985198010405721
173,6,until,57.04333445318186
173,7,he,46.44940971119654
173,8,was,35.89249099214531
173,9,lost,33.42800467175263
173,10,to,32.03317773406096
173,11,"sight,",35.397605754808055
173,12,and,19.265865839398888
173,13,then,15.465335101245467
173,14,folding,12.174727215226048
173,15,his,15.587723464418726
173,16,wings,21.578376922510863
173,17,"together,",11.247432652403235
173,18,he,14.331537019305168
173,19,sank,10.81920841723727
173,20,to,10.845718790443675
173,21,earth,16.812007684053622
173,22,crying,12.208862132914359
173,23,"shrilly,",16.025448714523414
173,24,'I,9.425076673728825
173,25,am,28.429415815972217
173,26,"king,",13.222217660706029
173,27,I,19.014076334120908
173,28,am,15.169915613411124
173,29,king!',15.509377816299322
174,1,The,0.0
174,2,eagle,7.936936047703101
174,3,tricked,16.37543473114586
174,4,by,17.12991677307087
174,5,the,18.765889356652476
174,6,little,12.655807286940476
174,7,bird,15.367373815560757
174,8,had,12.924423420683091
174,9,not,17.18894113285566
174,10,sensed,19.409935921004976
174,11,the,13.54367651463275
174,12,bird,11.682038895019828
174,13,in,17.764728728985293
174,14,his,17.991919917562537
174,15,feathers,16.54332397993982
174,16,and,13.9713439237198
174,17,so,14.4363273329713
174,18,had,15.984405334366814
174,19,not,14.309804684228407
174,20,at,12.02314364156039
174,21,all,34.16211885133162
174,22,expected,22.14710156200715
174,23,the,18.03439895514396
174,24,bird,21.739247032626245
174,25,to,17.380633733151686
174,26,come,8.078694255212195
174,27,flying,8.769737037902841
174,28,out,8.633437341394782
174,29,like,8.064816010398893
174,30,that.,9.792552816798112
175,1,The,0.0
175,2,birds,4.595731059280325
175,3,back,17.995189952690378
175,4,on,14.2763405579975
175,5,earth,16.735028956268632
175,6,were,18.00051341767386
175,7,all,12.097503275114907
175,8,up,10.811114021527665
175,9,in,22.381765364517637
175,10,arms.,25.832259738127572
176,1,"'You,",0.0
176,2,and,23.216824094587782
176,3,not,28.56435976988449
176,4,the,31.66076843668746
176,5,"eagle,",18.603677384150487
176,6,our,15.005517567124679
176,7,king?',18.515072298638014
177,1,the,0.0
177,2,birds,5.358907168171754
177,3,"cried,",11.840414493524683
177,4,fuming,17.185948892704626
177,5,with,12.280931328396973
177,6,anger.,17.149568929615327
178,1,'You,0.0
178,2,have,29.35627727542281
178,3,done,26.125508882459776
178,4,this,31.749193660593875
178,5,by,34.189026396972366
178,6,breaking,40.30014492012979
178,7,every,36.73442595406009
178,8,rule,39.97121816835658
178,9,in,35.382108118667006
178,10,the,38.75088994471418
178,11,"book,",33.68814446856482
178,12,so,22.54058336689401
178,13,we,22.77721681683687
178,14,will,20.308922779056253
178,15,not,22.640295914291247
178,16,have,28.044062687774296
178,17,"you,",26.52492013320043
178,18,who,19.65891394703593
178,19,are,23.79611440493573
178,20,simply,23.26586590413481
178,21,tricky,25.49665557182859
178,22,and,26.84344078446246
178,23,"cunning,",29.826212000699154
178,24,to,48.38573192289555
178,25,reign,25.02187948521672
178,26,over,22.424521741590567
178,27,us.',11.201202784222637
179,1,The,0.0
179,2,bird,8.036113626941459
179,3,without,17.865595263846448
179,4,a,15.12172815761967
179,5,name,17.304361269589457
179,6,then,12.707528016495413
179,7,decided,17.27002725511048
179,8,to,24.431077203071105
179,9,clear,27.88642957061996
179,10,the,28.29231623688849
179,11,air,27.035041496309187
179,12,and,18.371693082089358
179,13,"said,",22.91710163076626
179,14,'Then,46.1322340341322
179,15,let,14.853999637087073
179,16,everyone,20.297254868707984
179,17,start,16.43765025051524
179,18,with,20.379211217801714
179,19,a,18.967818298490748
179,20,clean,21.07105693105743
179,21,slate,21.274092301782193
179,22,and,8.73453209790544
179,23,perform,15.667937373972467
179,24,a,14.569676626123567
179,25,new,19.61465360452265
179,26,challenging,16.79813600817141
179,27,task.,21.735069160203533
180,1,Then,0.0
180,2,we,4.140936353720396
180,3,can,12.317552755128084
180,4,decide,15.297116924882816
180,5,who,12.302695001937396
180,6,should,8.282181287312103
180,7,be,6.87388340003281
180,8,the,5.2678050343046605
180,9,real,14.654191010232253
180,10,king.',5.627421622546505
181,1,Then,0.0
181,2,the,12.845547920426798
181,3,birds,17.279845400682937
181,4,gathered,13.570760922932072
181,5,together,16.048269210704472
181,6,again,15.35422118436205
181,7,and,17.209189252281018
181,8,decided,18.07252005984168
181,9,the,19.634638649611222
181,10,case,23.75581114405543
181,11,would,18.63213862105912
181,12,be,34.188678454571836
181,13,resolved,25.672358803994385
181,14,by,14.865060776519723
181,15,making,21.721938016087265
181,16,a,22.673739069387665
181,17,new,18.554010388108054
181,18,"condition,",19.155796679498255
181,19,which,15.695121771372664
181,20,was,17.511666023630564
181,21,that,16.68479351725667
181,22,he,30.729733423191032
181,23,should,19.050734496195084
181,24,be,11.685275729434366
181,25,king,14.922633385065689
181,26,who,12.346659794952396
181,27,could,18.828973017571123
181,28,go,12.00157751562316
181,29,the,12.066941094112488
181,30,deepest,20.90436815811589
181,31,into,15.183198859092983
181,32,the,7.955789775462732
181,33,earth.,5.2442297972988445
182,1,So,0.0
182,2,the,8.341393839112598
182,3,little,9.871234209020255
182,4,bird,9.647640424546774
182,5,who,9.548070552881798
182,6,the,14.049910220667673
182,7,other,19.966305042017012
182,8,birds,31.156844479151456
182,9,despised,22.886693851219498
182,10,was,20.461030120510657
182,11,now,13.738824540636175
182,12,back,9.487517632793969
182,13,to,11.482015182362272
182,14,square,12.457730170665627
182,15,one.,10.743249024157803
183,1,"Confident,",0.0
183,2,he,19.797458150827385
183,3,"remained,",24.958472449887946
183,4,"however,",11.649721936065836
183,5,that,19.85293184279379
183,6,if,27.74345355664734
183,7,he,26.21006441073045
183,8,played,18.408849589842966
183,9,his,19.857437261549524
183,10,cards,27.24399011964628
183,11,"right,",10.626785854046647
183,12,he,9.772786255429269
183,13,could,4.509891121577343
183,14,be,5.1045433603186705
183,15,king.,8.742936777189492
184,1,How,0.0
184,2,the,9.868033611887698
184,3,goose,12.155080228910036
184,4,wallowed,22.922565906545138
184,5,in,15.480623101284037
184,6,the,17.683846406171746
184,7,"sand,",18.27283865825197
184,8,and,19.714016403701528
184,9,the,18.25210120518925
184,10,duck,19.44652774522231
184,11,strove,18.28217473645406
184,12,to,17.08471111179375
184,13,dig,13.2096649023063
184,14,a,11.422390022684525
184,15,hole,16.341549747244915
184,16,for,7.980164849025421
184,17,the,10.534664768656082
184,18,new,7.788785228938063
184,19,task!,6.983237086577177
185,1,All,0.0
185,2,the,7.509944401446954
185,3,other,9.930938674197883
185,4,birds,10.34934511850561
185,5,tried,22.340768892629058
185,6,to,32.04196540258511
185,7,hide,26.345061074637982
185,8,themselves,21.951085227846267
185,9,in,25.101516096038022
185,10,the,22.248256941730432
185,11,"ground,",18.82418023192917
185,12,"too,",19.625937294879975
185,13,until,16.75158489840069
185,14,they,8.612272888328521
185,15,were,11.224087071691262
185,16,practically,11.320505893350502
185,17,blue,12.868366514049782
185,18,in,11.069776594858102
185,19,the,12.493788436847451
185,20,face.,12.806423593228283
186,1,The,0.0
186,2,nameless,7.809979142766779
186,3,little,17.632431848731006
186,4,bird,11.401525517438476
186,5,that,8.848417267982452
186,6,was,13.431055503030906
186,7,as,11.849757623015456
186,8,bold,19.44111710653267
186,9,as,18.771626676387427
186,10,brass,10.288555571788025
186,11,found,11.356813166897524
186,12,a,16.22611938291785
186,13,pitch,25.79457789324353
186,14,dark,17.341835655026436
186,15,mouse's,19.51808893620102
186,16,"hole,",19.22508429207931
186,17,and,16.936592725194544
186,18,creeping,13.219276485966155
186,19,in,23.288085605797367
186,20,"cried,",30.684050687414878
186,21,'I,18.08436469714347
186,22,am,18.146654992688386
186,23,"king,",13.739251945739474
186,24,I,18.526726583392044
186,25,am,16.87465154603329
186,26,king!',15.017290940459132
187,1,but,0.0
187,2,it,4.6323661156365175
187,3,was,12.66425653660339
187,4,of,4.809004250866857
187,5,no,22.422816440897865
187,6,avail.,7.524326386131862
188,1,"'You,",0.0
188,2,our,17.01397122933869
188,3,king?',19.625666744672337
189,1,all,0.0
189,2,the,7.463385946135978
189,3,remaining,9.120872527444615
189,4,birds,13.998383745516886
189,5,who,21.17507934218746
189,6,the,23.909229772605794
189,7,littlest,35.778679667119015
189,8,bird,29.29847536832035
189,9,had,20.63540956459155
189,10,outwitted,15.91697030277748
189,11,cried,22.143296757575367
189,12,"again,",17.395680402566278
189,13,even,16.98044564080793
189,14,more,15.90523065416597
189,15,angrily,25.429016240973407
189,16,than,10.868067669887635
189,17,before.,6.583876773604313
190,1,'Do,0.0
190,2,you,20.62265429930766
190,3,think,20.5420542860155
190,4,we,20.506780816306193
190,5,would,19.348912434886557
190,6,reward,16.57708735598323
190,7,your,19.459673905573776
190,8,cunning,28.891634198339535
190,9,in,16.46148207992578
190,10,this,23.521657216360175
190,11,way?,17.20770169371684
191,1,"No,",0.0
191,2,no!,10.40231285126629
192,1,You,0.0
192,2,shall,17.64334380396295
192,3,stay,21.295141548642018
192,4,in,14.937533878632346
192,5,the,15.732845805750745
192,6,earth,13.422245476762145
192,7,till,11.775287985057883
192,8,you,13.283815329714958
192,9,die,16.584394409742725
192,10,of,12.189477613621392
192,11,hunger!',22.825720116457298
193,1,So,0.0
193,2,they,8.095186227859816
193,3,shut,14.071683095279916
193,4,up,18.965041138767987
193,5,the,13.659476969501096
193,6,little,13.342282831174085
193,7,bird,16.05144891194495
193,8,in,13.105277151655716
193,9,the,16.75169708483363
193,10,mouse's,14.400216092773974
193,11,hole,23.0865265986411
193,12,that,13.448296828273396
193,13,the,15.43179097083516
193,14,mouse,24.079160498461157
193,15,gave,17.440636656752897
193,16,up,20.827746410554095
193,17,most,12.456904471209919
193,18,"unwillingly,",22.35725455297595
193,19,and,13.63980551327854
193,20,bade,13.2683569056183
193,21,the,13.354145310332287
193,22,owl,19.292010316828353
193,23,watch,10.145139384343892
193,24,him,8.107860946144067
193,25,carefully,9.207406386927925
193,26,night,8.273722143272307
193,27,and,19.61470693392418
193,28,day.,12.201388013450618
194,1,Then,0.0
194,2,all,19.278750220657916
194,3,the,19.8070685413576
194,4,birds,11.355745455605305
194,5,went,10.890946519244686
194,6,home,15.909734863668694
194,7,to,14.319651636894884
194,8,"bed,",18.56293288834325
194,9,for,22.817998820985366
194,10,they,24.491369762923355
194,11,were,21.369417716866288
194,12,very,14.526220493296325
194,13,"tired,",20.506350214744092
194,14,but,16.330129728390034
194,15,the,13.698739641290665
194,16,owl,19.05086737160348
194,17,assigned,12.823642753534836
194,18,by,16.23689607379489
194,19,the,22.50230591653051
194,20,birds,20.45128607258843
194,21,to,18.239516412333565
194,22,stand,23.929875271382112
194,23,guard,21.660089099236032
194,24,found,20.29603251814035
194,25,his,15.083070235949572
194,26,job,19.858041484972127
194,27,was,16.833016453184225
194,28,lonely,27.151507443419504
194,29,and,11.151026245741605
194,30,wearisome,16.465486744321243
194,31,because,14.93941642760098
194,32,he,15.678727487557962
194,33,was,15.160252794078964
194,34,just,12.772549943387116
194,35,sitting,13.263738252410342
194,36,alone,13.911681067594765
194,37,staring,9.560450301437408
194,38,at,14.3809566616359
194,39,the,7.028956516464232
194,40,mouse's,7.631736629420757
194,41,hole.,10.553476265941432
195,1,'I,0.0
195,2,can,20.91176126299166
195,3,close,28.823597818662545
195,4,one,38.981362003326275
195,5,eye,29.14452707620099
195,6,and,29.12257641452342
195,7,watch,26.165620052155205
195,8,with,17.07432879863297
195,9,the,35.398917079525226
195,10,"other,'",43.61845540608706
195,11,he,18.199287560150246
195,12,thought.,0.5555261023659415
196,1,So,0.0
196,2,he,8.259611273113109
196,3,closed,14.829646410023695
196,4,one,19.136621006262473
196,5,eye,14.386401715330408
196,6,and,20.64141107117606
196,7,stared,20.605256835316016
196,8,steadfastly,13.28832757403215
196,9,with,15.385291140110295
196,10,the,15.851637017419765
196,11,"other,",17.138606346990535
196,12,but,10.65188603400947
196,13,before,9.71150179638708
196,14,he,16.747011535748946
196,15,knew,16.82109673873726
196,16,it,17.228918655908
196,17,he,13.290985146693524
196,18,forgot,11.130569226514485
196,19,to,11.300228698108235
196,20,keep,13.806754382435415
196,21,that,9.408784045096928
196,22,one,23.15437276013178
196,23,"open,",12.891640463987672
196,24,and,10.488675635038497
196,25,both,5.75749146787983
196,26,eyes,13.832567754968956
196,27,were,8.227112069652817
196,28,fast,4.118132446475266
196,29,asleep.,6.615007649923857
197,1,Then,0.0
197,2,the,12.288551148730438
197,3,little,16.812233860050107
197,4,bird,16.582449044110867
197,5,guarded,11.313049730632706
197,6,by,14.687712137963008
197,7,the,19.078066417088518
197,8,owl,14.570595994317731
197,9,peeped,9.212304266062088
197,10,"out,",18.912149056875855
197,11,and,13.669060014789823
197,12,when,10.97610500794037
197,13,he,14.027021436625306
197,14,saw,12.837325193412902
197,15,the,15.649853341802435
197,16,owl's,11.707695981678434
197,17,two,14.444835110480087
197,18,eyes,19.503237363636845
197,19,tight,13.392870221932126
197,20,"shut,",26.629031835573002
197,21,he,12.453923388433358
197,22,slipped,7.2305738808273325
197,23,from,7.931391746246995
197,24,the,10.634739621692423
197,25,hole,6.206049944798992
197,26,and,3.650346886943859
197,27,flew,5.693462457966016
197,28,away.,1.3554145754946432
198,1,He,0.0
198,2,wanted,10.795877949500742
198,3,to,22.780695354056597
198,4,"shout,",15.01894427417537
198,5,'I,22.960457812113837
198,6,am,24.79149303231271
198,7,king',19.21671005909892
198,8,so,21.93570677568226
198,9,that,25.980680131636152
198,10,the,35.46645954652677
198,11,owl,24.96896103757804
198,12,could,21.963569351732158
198,13,hear,13.52785423974036
198,14,him,14.186732566405437
198,15,as,12.225536791445629
198,16,he,25.93833550924529
198,17,"flew,",15.157560240415128
198,18,but,21.95963766172524
198,19,thought,9.171647871054988
198,20,better,22.921890768494958
198,21,of,16.014851504673636
198,22,it.,1.1876703533593664
199,1,From,0.0
199,2,this,6.325600322822895
199,3,time,8.348533526880518
199,4,"on,",9.72396512112113
199,5,the,9.860190601069078
199,6,owl,19.53617471238262
199,7,fooled,23.507884781185588
199,8,by,23.78842275228601
199,9,the,23.49155072891989
199,10,little,24.80811403763137
199,11,bird,24.627451035418552
199,12,has,16.31167239981462
199,13,not,18.210405301357444
199,14,dared,18.92059342653105
199,15,to,15.57683602208899
199,16,show,11.84483723162102
199,17,himself,12.668260615182945
199,18,by,13.622087806842075
199,19,day,14.836413021738998
199,20,for,26.56420480802039
199,21,fear,21.75934729534198
199,22,the,24.158301742816167
199,23,birds,34.86490312876005
199,24,should,19.950260973998503
199,25,beat,10.667844610527126
199,26,the,8.840960037091161
199,27,living,17.454290458832368
199,28,daylights,12.728093588350164
199,29,out,17.71472112533367
199,30,of,6.218652652696086
199,31,him.,1.2218865846423481
200,1,He,0.0
200,2,flies,11.566790869923885
200,3,about,18.97314874489496
200,4,only,23.047397449882098
200,5,at,23.83791432871179
200,6,"nighttime,",21.373989402687183
200,7,hating,19.059078027585066
200,8,and,17.421863643272907
200,9,pursuing,32.657736858252875
200,10,not,14.780936817213556
200,11,the,22.750924856222603
200,12,"bird,",21.87043869324705
200,13,but,17.12261716293548
200,14,the,18.103704480792995
200,15,mouse,14.569566000970628
200,16,for,10.95542343849026
200,17,having,16.27171057555363
200,18,made,15.184785311712252
200,19,the,12.839614459852996
200,20,hole,12.751300266871086
200,21,into,11.117538883042226
200,22,which,12.4341640759485
200,23,the,24.77956781710815
200,24,little,18.47524892847266
200,25,bird,16.255478686357005
200,26,crept.,5.823997792482696
201,1,And,0.0
201,2,the,5.91099142742887
201,3,little,10.413218959088105
201,4,bird,18.693254375869728
201,5,also,12.260572667122773
201,6,keeps,14.283269309044135
201,7,out,12.679784721162804
201,8,of,23.079818544331186
201,9,"sight,",21.198358741825597
201,10,for,14.33654695454167
201,11,he,17.19869018439813
201,12,fears,19.36530052195137
201,13,that,21.917034522537843
201,14,the,17.041220939837782
201,15,other,13.992105368362319
201,16,birds,17.544176420071114
201,17,should,10.764101951226124
201,18,punish,10.855107852738373
201,19,him,13.84555037392741
201,20,for,8.45775972994132
201,21,his,5.666239037971062
201,22,cunning.,4.068022529269756
202,1,The,0.0
202,2,rejection,9.96254151818983
202,3,by,21.926507058224473
202,4,the,20.560005491147262
202,5,other,22.32594175235022
202,6,birds,24.93677666649895
202,7,was,13.795518857969245
202,8,a,22.200112795629586
202,9,bitter,20.84074115630485
202,10,pill,20.982272301031916
202,11,to,10.116816577345828
202,12,swallow,37.884331044294655
202,13,for,11.111170669137644
202,14,the,16.480695734455114
202,15,nameless,16.962221031631422
202,16,bird,12.98371223604033
202,17,the,7.890149177933948
202,18,owl,13.65733209996339
202,19,had,10.59885370967086
202,20,let,8.38510722439517
202,21,slip,11.319233360126407
202,22,away.,6.691809186620504
203,1,He,0.0
203,2,hides,11.435907945033666
203,3,in,19.154582186387984
203,4,the,20.949747415053032
203,5,"hedges,",13.714054459873852
203,6,and,32.377266734308215
203,7,when,23.630513570730294
203,8,he,29.988242595997978
203,9,thinks,28.922545887053325
203,10,himself,20.436617247714175
203,11,quite,21.737067630853307
203,12,"safe,",25.07291116762459
203,13,he,13.14782405789074
203,14,sings,11.760631150599064
203,15,"out,",19.8948602241739
203,16,'I,42.658908573972035
203,17,am,12.50596595530348
203,18,"king,",10.138282606693028
203,19,I,22.425595604957493
203,20,am,18.227430076677315
203,21,king!',16.306314042423253
204,1,And,0.0
204,2,the,5.91099142742887
204,3,other,10.413218959088105
204,4,birds,11.444868585108921
204,5,in,19.247686542276423
204,6,mockery,29.074650869120735
204,7,call,18.464644201435878
204,8,"out,",31.52413965742324
204,9,"'Yes,",28.496590436268626
204,10,"yes,",17.909540980223348
204,11,the,17.782297541441775
204,12,"hedge-king,",25.2782716954189
204,13,the,13.949668756751079
204,14,hedge-king!',57.372399457508536
205,1,At,0.0
205,2,ten,7.683073144695112
205,3,years,10.90760544673786
205,4,"old,",15.531836267040614
205,5,I,16.29069819113515
205,6,could,13.105650268016763
205,7,not,22.203448872095358
205,8,figure,17.28622015261548
205,9,out,26.8851860043194
205,10,what,17.27472227398988
205,11,it,15.132019513455974
205,12,was,17.55710873611961
205,13,that,12.328278066188178
205,14,this,15.00045760106015
205,15,Elvis,17.871567135670432
205,16,Presley,27.40476336053356
205,17,guy,26.11066957440839
205,18,had,13.044210637627835
205,19,that,11.870227683364524
205,20,the,17.805536691765152
205,21,rest,27.103114766264788
205,22,of,40.3580429494107
205,23,us,29.03073518521424
205,24,boys,25.539817432934907
205,25,did,27.11542749331572
205,26,not,8.980821284022925
205,27,have.,7.465085624977828
206,1,He,0.0
206,2,seemed,5.419112790793997
206,3,to,20.91859550957165
206,4,be,14.71227667795972
206,5,no,15.34262645800618
206,6,different,26.24022100961563
206,7,from,14.55703124969189
206,8,the,13.062642383783935
206,9,rest,13.593491106723596
206,10,of,10.534110449761748
206,11,us.,6.010379475810679
207,1,He,0.0
207,2,was,6.171762529556716
207,3,simply,17.538413405053234
207,4,a,16.948988616606083
207,5,man,16.659874085685445
207,6,who,13.004598120879663
207,7,had,9.096661325804101
207,8,a,6.318116583761926
207,9,"head,",8.398028521461482
207,10,two,11.641279630202451
207,11,arms,29.280902417531333
207,12,and,5.664168142471058
207,13,two,3.373830126850968
207,14,legs.,2.022569690929
208,1,It,0.0
208,2,must,7.758257080346298
208,3,have,12.602634120903339
208,4,been,11.60336470045637
208,5,something,7.076597910250101
208,6,pretty,7.692245624400567
208,7,superlative,13.608183831811866
208,8,that,11.086140916070349
208,9,he,19.808604023962335
208,10,had,11.374801885745
208,11,hidden,11.843263257149237
208,12,"away,",15.14166556888841
208,13,because,13.655829851662322
208,14,he,11.13757785275353
208,15,had,13.963587791012152
208,16,every,12.483455932146507
208,17,young,27.911611273046525
208,18,girl,29.072324481300345
208,19,at,13.990190201809058
208,20,the,18.807388509644465
208,21,orphanage,19.24417978915304
208,22,wrapped,15.641740808641238
208,23,around,17.368641118214974
208,24,his,19.199351529695285
208,25,little,8.011591827320716
208,26,finger.,9.478521301616011
209,1,At,0.0
209,2,about,5.243655402453156
209,3,nine,21.728566721901643
209,4,o'clock,30.20865012239242
209,5,on,28.456263170372385
209,6,Saturday,38.3620626245457
209,7,"morning,",19.437571254228505
209,8,I,17.244876942204932
209,9,figured,26.02583646613922
209,10,a,26.760277412754853
209,11,good,28.184604470055525
209,12,solution,25.687135983313144
209,13,was,27.00639610897714
209,14,to,19.83307788610638
209,15,ask,20.547262995575196
209,16,Eugene,20.089854040858537
209,17,"Correthers,",22.281734735207625
209,18,who,24.73090191595302
209,19,was,24.414153551282585
209,20,one,17.709825371797585
209,21,of,35.36526377775282
209,22,the,25.18759850240643
209,23,older,23.845646485963016
209,24,and,19.870323806027834
209,25,smarter,46.21347827831112
209,26,"boys,",24.444678566565432
209,27,what,25.191681795120083
209,28,it,10.142675124212932
209,29,was,16.02781047971253
209,30,that,16.59787148352506
209,31,made,14.67929000848616
209,32,this,9.970003752029562
209,33,Elvis,18.996421089213573
209,34,guy,22.607336855423032
209,35,so,9.410310837203335
209,36,special.,3.3161421428031406
210,1,He,0.0
210,2,told,10.795877949500742
210,3,me,36.16750844914003
210,4,that,26.319427232509533
210,5,it,17.988554260080814
210,6,was,16.868174484913602
210,7,not,15.82591825885745
210,8,anything,16.399034878427855
210,9,about,13.213112939477785
210,10,Elvis's,14.57217621390952
210,11,"personality,",17.388923956637974
210,12,but,15.557379237835915
210,13,his,12.108243333687312
210,14,wavy,16.82802523180992
210,15,"hair,",22.388524954503776
210,16,and,21.754318456793644
210,17,the,17.08906491171938
210,18,way,8.385636441884165
210,19,he,11.754695379680198
210,20,moved,6.169679209653802
210,21,his,6.972516050226487
210,22,body.,6.684350775531862
211,1,About,0.0
211,2,a,15.321141869312445
211,3,half,12.251395328907432
211,4,an,41.027058831052095
211,5,hour,39.040112652722215
211,6,"later,",21.786955863765467
211,7,the,25.216263694615616
211,8,boys,22.84230960058073
211,9,in,27.533217664666367
211,10,the,33.533670941429726
211,11,orphanage,31.42061874232867
211,12,called,32.74325028689319
211,13,down,41.930368897614976
211,14,to,34.861531790476384
211,15,the,32.68574638272902
211,16,main,32.06704795432622
211,17,dining,32.40771759550902
211,18,room,31.294122836887986
211,19,by,16.73906154097257
211,20,the,24.87489659929008
211,21,matron,26.610085286223836
211,22,were,20.84547647286913
211,23,told,20.108110568940155
211,24,that,25.535565039623407
211,25,they,12.28361237400296
211,26,were,14.274772017102594
211,27,all,10.638253968924733
211,28,going,12.737745761931045
211,29,to,16.40915546624077
211,30,downtown,11.06338753343156
211,31,"Jacksonville,",17.1556540520149
211,32,Florida,15.005882038670292
211,33,to,14.460709999971112
211,34,get,20.70079691027706
211,35,a,10.94318613120619
211,36,new,14.172171415434958
211,37,pair,17.90111895756385
211,38,of,25.084183974032985
211,39,Buster,9.829948756564493
211,40,Brown,32.10191722584119
211,41,shoes,16.084241520494842
211,42,and,7.090724806370768
211,43,a,9.043021912785054
211,44,haircut.,7.878785121461078
212,1,That,0.0
212,2,is,9.546630370163472
212,3,when,4.94970403145965
212,4,I,10.870917935673155
212,5,got,20.50962540935146
212,6,this,14.499049663714944
212,7,big,20.183828698828293
212,8,"idea,",18.318010202470727
212,9,which,10.316784116170044
212,10,hit,9.261783534979415
212,11,me,20.051174599859248
212,12,like,19.264080799218835
212,13,a,19.241724911481853
212,14,ton,14.843520930337712
212,15,of,7.4616637615839725
212,16,bricks.,0.8232874000373831
213,1,If,0.0
213,2,the,13.755695243266057
213,3,Elvis,15.79990442106192
213,4,haircut,26.531782810662385
213,5,was,20.891127472471744
213,6,the,11.749559154761577
213,7,big,23.746496778663012
213,8,"secret,",21.23072811249244
213,9,then,12.993424064087806
213,10,Elvis's,11.082526077225358
213,11,haircut,23.53161307704031
213,12,I,16.064149379256712
213,13,was,25.242514728733436
213,14,going,27.309128903374784
213,15,to,15.283639431892771
213,16,get.,11.155161463779672
214,1,I,0.0
214,2,was,14.438045353662096
214,3,going,14.306818463470153
214,4,to,17.319722330007895
214,5,have,13.278014634373163
214,6,my,18.001865072322655
214,7,day,15.080259055908689
214,8,in,16.054037422823086
214,9,the,21.8299624473795
214,10,"sun,",28.33747991290097
214,11,and,21.70299685731931
214,12,all,17.730386835551126
214,13,the,26.265283396390924
214,14,way,26.235107965405476
214,15,to,23.138776325332262
214,16,town,19.863463737865157
214,17,that,16.37042384463032
214,18,was,20.961347908202164
214,19,all,25.222177667405294
214,20,I,25.119813013170305
214,21,talked,12.084521405221516
214,22,about.,1.5753362640216328
215,1,The,0.0
215,2,fact,7.96575483654288
215,3,that,18.958569603598672
215,4,I,12.006177520806027
215,5,was,12.163301816538869
215,6,getting,10.642700827587852
215,7,an,11.672573700842605
215,8,Elvis,16.871226833001117
215,9,"haircut,",25.610151217324773
215,10,not,17.790339030988406
215,11,just,26.452672382105014
215,12,the,28.127908841354742
215,13,simple,22.552581801024942
215,14,fact,28.802938359731986
215,15,that,29.38510108400621
215,16,we,22.15793512539705
215,17,were,22.730325548224187
215,18,getting,17.34460003966291
215,19,out,30.74387835128956
215,20,of,30.395154230495532
215,21,the,16.285648600461478
215,22,"orphanage,",16.46172534938543
215,23,made,17.008689256513346
215,24,me,12.759980107647602
215,25,particularly,8.842465862093922
215,26,loquacious.,18.869627644381595
216,1,I,0.0
216,2,told,10.763924948831638
216,3,"everybody,",30.229052080298978
216,4,including,25.63309022030119
216,5,the,36.103418770330705
216,6,orphanage,32.932088957367064
216,7,matron,38.61710790827837
216,8,I,45.81750864763929
216,9,normally,46.22214762277147
216,10,"feared,",39.11666784904439
216,11,that,31.09132596847876
216,12,I,31.12753192812105
216,13,was,32.81215023445583
216,14,going,33.613706464666095
216,15,to,33.765532254397655
216,16,look,26.22779893921995
216,17,just,30.17164272359711
216,18,like,30.001333205953223
216,19,Elvis,18.4692504557696
216,20,Presley,19.556163062762764
216,21,and,14.410755447592823
216,22,that,24.80716777833741
216,23,I,27.732850455384057
216,24,would,15.244935604291037
216,25,learn,15.367558890390919
216,26,to,12.995028904070958
216,27,move,14.438402446077093
216,28,around,17.408490320711937
216,29,just,11.27077517706412
216,30,like,20.15598280039288
216,31,he,10.505448963241244
216,32,did,13.720343388432772
216,33,and,7.120015768204033
216,34,that,11.814522508124517
216,35,I,12.138638445636948
216,36,would,8.659698611839364
216,37,be,7.199467863810597
216,38,rich,7.83053660523646
216,39,and,10.612122263222517
216,40,famous,14.05546193652427
216,41,one,7.668097230689787
216,42,"day,",25.027641730343518
216,43,just,9.636585406285697
216,44,like,14.63666086057577
216,45,him.,1.7420670781977547
217,1,The,0.0
217,2,matron,4.6968087028454155
217,3,understood,19.704702059806948
217,4,my,19.118190657465412
217,5,idea,29.137429524182537
217,6,was,14.953530092478253
217,7,something,19.661191395043232
217,8,that,19.571930442942783
217,9,I,15.804210511925305
217,10,was,13.810011373754081
217,11,really,17.41989200191667
217,12,excited,21.27749738628663
217,13,about,10.287563656474717
217,14,and,6.817389351122212
217,15,said,11.757498854763961
217,16,nothing.,19.173944601207662
218,1,When,0.0
218,2,I,8.803756125275795
218,3,got,11.83917080098497
218,4,my,13.276838617006561
218,5,new,20.096316874780612
218,6,Buster,17.906887158933547
218,7,Brown,20.2141623968482
218,8,"shoes,",18.699388911034678
218,9,I,9.1354109410994
218,10,was,5.6146386358090785
218,11,smiling,9.553834175213415
218,12,from,7.41404946581453
218,13,ear,25.02507842298542
218,14,to,5.548635444939745
218,15,ear.,1.5843808620087911
219,1,Those,0.0
219,2,"shoes,",7.223988847857362
219,3,they,19.246506225343552
219,4,shined,25.63617352526586
219,5,really,26.045221877592187
219,6,"brightly,",34.86474674816029
219,7,and,34.047782721246215
219,8,I,32.930287267116626
219,9,liked,26.173670216076793
219,10,looking,24.333680547178094
219,11,at,32.1595617217916
219,12,the,30.72495751872115
219,13,bones,31.40302057458347
219,14,in,26.05952558867312
219,15,my,26.084176442462734
219,16,"feet,",26.701999135207338
219,17,which,19.374132852220164
219,18,I,18.275850482927375
219,19,had,20.200998758759834
219,20,never,17.86772128112967
219,21,seen,19.835984032817287
219,22,"before,",11.559087498268847
219,23,through,13.866626772548235
219,24,a,17.840817414305317
219,25,special,18.645028699243458
219,26,x-ray,19.01741831535235
219,27,machine,16.12970878417911
219,28,they,11.248309272159744
219,29,had,17.603300212700393
219,30,in,13.131078198542012
219,31,the,26.375560537061027
219,32,shoe,15.467735291120908
219,33,store,14.819712009553712
219,34,that,8.473681733273377
219,35,made,16.852300685093905
219,36,the,13.290625942116595
219,37,bones,19.136418813784097
219,38,in,20.63554070673729
219,39,your,29.40842329523188
219,40,feet,16.765860454712424
219,41,look,12.968643216271007
219,42,green.,4.468723447845854
220,1,I,0.0
220,2,was,12.868421612991552
220,3,now,12.53513918560693
220,4,almost,15.18628889690971
220,5,ready,19.154875932755658
220,6,to,17.40440658729274
220,7,go,15.853524570008647
220,8,back,13.40020375027094
220,9,to,15.452602526922574
220,10,the,14.740263672708599
220,11,orphanage,20.06974241653893
220,12,and,27.461735010640062
220,13,practice,21.472822694156346
220,14,being,28.604563433999335
220,15,like,31.695567169786898
220,16,the,25.77678704043587
220,17,man,20.692099216895215
220,18,who,17.074734626631656
220,19,all,14.765382015651692
220,20,the,23.608428921131555
220,21,girls,33.03028287914658
220,22,"loved,",23.388156333937317
220,23,since,15.151466973024696
220,24,I,15.800752455420792
220,25,had,13.60999110881123
220,26,my,11.350680823167757
220,27,new,15.836982754974926
220,28,Buster,13.340021475301263
220,29,Brown,11.23521649898522
220,30,shoes.,7.624895449454255
221,1,It,0.0
221,2,was,9.59131765423306
221,3,the,8.689180251375086
221,4,new,10.703682693904764
221,5,"haircut,",15.19078589926447
221,6,"though,",13.571405685890157
221,7,that,32.38291154887484
221,8,I,5.93049026144008
221,9,needed,19.777770759337336
221,10,to,11.611228854392133
221,11,complete,5.990417153929852
221,12,my,9.876733870229547
221,13,new,17.671854636368526
221,14,look.,9.379775650759031
222,1,We,0.0
222,2,finally,12.58114867229635
222,3,arrived,17.71137670099126
222,4,at,21.948728248611854
222,5,the,21.043328850814962
222,6,"unassuming,",25.774823358651695
222,7,unembellished,31.650416585953714
222,8,"barbershop,",23.559880897960216
222,9,where,15.529160668447648
222,10,they,13.385339940066267
222,11,cut,12.735886386281
222,12,our,29.774557419971305
222,13,hair,23.759438559131763
222,14,for,8.285433334129555
222,15,free,17.226035431259778
222,16,because,9.170979511539759
222,17,we,16.7991473138568
222,18,were,9.132395132607122
222,19,orphans.,7.040014686508927
223,1,Even,0.0
223,2,though,4.864352137524153
223,3,we,17.439361373150003
223,4,were,11.787017750041427
223,5,supposed,11.597867790969492
223,6,to,14.148655048560796
223,7,slowly,8.884429661151195
223,8,wait,12.864927355482646
223,9,to,11.416498413013917
223,10,be,15.648752523849927
223,11,"called,",14.173617921874738
223,12,I,23.38201032430488
223,13,ran,20.695811548405416
223,14,straight,41.62506684364718
223,15,up,35.71417682148882
223,16,to,32.07524582984707
223,17,one,30.72304006264885
223,18,of,41.014711777338945
223,19,the,24.899001993979105
223,20,barber,17.01964288394776
223,21,chairs,26.39756672226254
223,22,and,13.396711134658904
223,23,climbed,15.57564010041778
223,24,up,17.46844542104368
223,25,onto,15.24182359165982
223,26,the,18.855079873795713
223,27,board,13.31723699638532
223,28,the,10.171269153225865
223,29,barber,17.563694442240426
223,30,placed,17.15807792040797
223,31,across,17.658753461572786
223,32,the,17.353523374282688
223,33,arms,9.430006125115566
223,34,to,16.01546880515987
223,35,make,13.041721120904064
223,36,me,15.090371274011229
223,37,sit,16.347323722125946
223,38,up,9.907977146700707
223,39,higher.,7.630920816448197
224,1,I,0.0
224,2,looked,14.438045353662096
224,3,at,29.024144380076553
224,4,the,18.258252981614948
224,5,man,17.91825222395702
224,6,and,18.69996780463748
224,7,"said,",19.87440551058919
224,8,with,23.211772125716518
224,9,a,38.503072145892695
224,10,beaming,37.05833048996063
224,11,smile,27.36269194333251
224,12,on,13.653728847105887
224,13,my,48.969329479615325
224,14,"face,",14.46510500183415
224,15,'I,15.485330621152368
224,16,want,11.38313584522557
224,17,an,14.425713161668483
224,18,Elvis,21.98542618075031
224,19,haircut.,15.594390718531955
225,1,Can,0.0
225,2,you,11.326637047981473
225,3,make,10.412802761073017
225,4,my,8.978189012965444
225,5,hair,11.841933272314453
225,6,like,14.190267583802598
225,7,Elvis's?',11.37588860112014
226,1,I,0.0
226,2,asked.,3.3954097923911117
227,1,The,0.0
227,2,"barber,",9.681925681944227
227,3,who,34.86549315286504
227,4,was,28.885959071830698
227,5,a,28.47288615349153
227,6,genial,30.671817975292257
227,7,young,30.07318781545768
227,8,"man,",26.122161584126033
227,9,grinned,17.071584063014356
227,10,back,17.558402572350968
227,11,at,22.435646131673916
227,12,me,11.002920327884587
227,13,and,7.012214691989727
227,14,said,8.559773407894331
227,15,that,11.774569460353181
227,16,he,13.042347693337783
227,17,would,5.20754487974595
227,18,try,8.954399813754486
227,19,his,9.98606598571557
227,20,best.,6.277065829471276
228,1,I,0.0
228,2,was,11.211674213116323
228,3,so,12.591825699227215
228,4,happy,21.134469164830552
228,5,when,10.57879044069205
228,6,he,17.481981984699836
228,7,started,14.042859189956273
228,8,to,14.371181938659653
228,9,cut,19.228419239908938
228,10,my,17.84826564701057
228,11,"hair,",17.79918996763024
228,12,but,20.476126757603392
228,13,just,15.992310054710348
228,14,as,16.458128439731787
228,15,he,24.296425751339516
228,16,started,26.506606829346193
228,17,to,38.36908231141898
228,18,"cut,",42.194242050816435
228,19,the,31.295628953455086
228,20,"matron,",29.520860920926943
228,21,who,31.857240299145904
228,22,had,27.816836092268808
228,23,been,19.32693571783738
228,24,watching,19.55420732980173
228,25,me,17.361777183129885
228,26,and,19.71835634290039
228,27,had,18.17816772314574
228,28,a,22.98205826874413
228,29,look,26.29922710699268
228,30,as,28.32678684590068
228,31,cold,43.12951868586724
228,32,as,31.381907183569332
228,33,"ice,",18.544338519154614
228,34,motioned,18.62292403113288
228,35,for,10.67988203366246
228,36,him,9.596954797432922
228,37,to,8.3805737684365
228,38,come,7.5993121205114225
228,39,over,7.87942089412686
228,40,to,6.809008675174582
228,41,where,8.014229217549287
228,42,she,20.775308796175903
228,43,was,5.976653698466603
228,44,standing.,4.008230629220911
229,1,She,0.0
229,2,whispered,14.775528973241995
229,3,something,21.19638911051659
229,4,into,20.478117327800142
229,5,his,36.54747900675438
229,6,ear,23.113631408382382
229,7,that,11.976843385952938
229,8,caused,21.745903819982832
229,9,the,25.635349233918106
229,10,barber,28.71440472226203
229,11,to,19.63993730609732
229,12,shake,14.29762306707647
229,13,his,23.540353439586553
229,14,"head,",10.24916978191827
229,15,like,9.65171751513608
229,16,he,11.42154033164902
229,17,was,14.672951001400898
229,18,telling,11.911554098594324
229,19,"her,",10.490917950214905
229,20,'No'.,22.395939153118857
230,1,In,0.0
230,2,"response,",5.985521829006777
230,3,the,22.706600412550674
230,4,matron,30.60679752637646
230,5,walked,33.71385123133724
230,6,over,29.56349831153415
230,7,to,26.98351278538394
230,8,a,20.118990637513736
230,9,little,21.02555169212588
230,10,man,29.834964692251685
230,11,sitting,17.9193114758526
230,12,in,29.98184236913528
230,13,an,20.353288966142223
230,14,office,26.47543912295876
230,15,chair,16.568341769463963
230,16,that,12.191376834158245
230,17,squeaked,18.45313209124592
230,18,as,14.59523302231455
230,19,it,20.87990063716029
230,20,rolled,13.066588168306534
230,21,around,7.738150106276335
230,22,the,6.967574985308162
230,23,floor,11.370635870719898
230,24,and,4.53990370514664
230,25,spoke,13.036500508935678
230,26,to,11.636693037650929
230,27,him.,4.462150845618975
231,1,It,0.0
231,2,was,8.992253238205054
231,3,the,10.625231603835136
231,4,little,13.992230894199619
231,5,man,21.87733395067243
231,6,who,10.538711259769679
231,7,then,8.231069333345557
231,8,walked,20.15424531811844
231,9,over,11.067834996721187
231,10,and,17.075609854403584
231,11,said,16.941422110894386
231,12,something,20.78529545451488
231,13,to,20.764948950264312
231,14,the,13.46882741307942
231,15,man,12.375522571042362
231,16,who,7.1351546277093645
231,17,was,8.403243180546003
231,18,cutting,5.005439456835605
231,19,my,9.598538286038693
231,20,hair.,11.073130242441975
232,1,The,0.0
232,2,next,8.535461814068606
232,3,thing,13.880685010641809
232,4,I,26.239236881891728
232,5,"knew,",15.442857044020107
232,6,the,17.715996928915363
232,7,man,24.84618196744323
232,8,who,34.466463047925444
232,9,was,24.18925846008135
232,10,cutting,20.656878932820685
232,11,my,19.32697533834057
232,12,hair,20.51189294685851
232,13,told,9.035522697300928
232,14,me,17.771913035502195
232,15,that,14.6570732244824
232,16,he,10.505793490173813
232,17,was,6.963074124092673
232,18,no,10.570756034680848
232,19,longer,26.567994437670464
232,20,allowed,10.538432532324437
232,21,to,18.754642681529905
232,22,give,8.292538746292603
232,23,me,12.44063985693951
232,24,an,15.033104578597774
232,25,Elvis,12.180567115894167
232,26,cut.,9.092653738375384
233,1,'Why,0.0
233,2,not?',29.793223277510894
233,3,I,13.226129962356291
233,4,cried,40.282264399867536
233,5,desperately.,9.919090144445004
234,1,The,0.0
234,2,kindly,7.809979142766779
234,3,barber,13.180246108993323
234,4,stopped,16.568430910221686
234,5,by,28.012327965335885
234,6,the,30.99949737989442
234,7,matron,33.048893382457656
234,8,did,32.22484057464032
234,9,not,27.446491371376503
234,10,"answer,",27.35118426169581
234,11,but,15.90316600781682
234,12,from,13.280326177941
234,13,his,18.988274877012323
234,14,"expression,",18.988396586984557
234,15,I,18.44453342628061
234,16,could,11.462078184926785
234,17,tell,12.099274658797588
234,18,that,10.323527015777362
234,19,he,8.423912977246216
234,20,wished,7.790303005391445
234,21,he,13.226897182336247
234,22,could,17.103134659214415
234,23,cut,10.081164064592087
234,24,it,15.748873785329712
234,25,as,12.681166308182727
234,26,I,30.78138482123213
234,27,had,21.29329036568114
234,28,asked.,6.661217200386474
235,1,Within,0.0
235,2,a,9.4626189090088
235,3,few,18.259314802501375
235,4,"minutes,",36.00434300482166
235,5,it,11.797494847140664
235,6,wasn't,13.067268383875758
235,7,an,15.390659234591677
235,8,Elvis,24.34315120180448
235,9,"haircut,",36.28644718967674
235,10,but,24.232789639150635
235,11,a,16.497755983464078
235,12,short,17.168327964130476
235,13,buzz,19.5972015306649
235,14,cut,16.087164387815896
235,15,that,13.694865788511787
235,16,the,11.075936344292007
235,17,barber,40.68462089649988
235,18,had,13.60952377014257
235,19,given,9.231938814539046
235,20,me.,6.52068217279104
236,1,When,0.0
236,2,he,8.183809575780025
236,3,finished,23.6251927714779
236,4,shaving,22.196134234975847
236,5,off,17.673084419811353
236,6,all,15.763213470344196
236,7,my,23.12932000975939
236,8,hair,24.174435189412158
236,9,and,24.46661221539671
236,10,made,29.217411861784118
236,11,me,27.514815521024047
236,12,smell,18.858622487989027
236,13,real,19.24241673588001
236,14,good,22.06958219869749
236,15,with,21.4049109804034
236,16,his,24.875739765733766
236,17,"powder,",23.420497429581467
236,18,the,15.421280369365752
236,19,barber,19.179672724573443
236,20,handed,14.39659106395692
236,21,me,19.270653771905415
236,22,a,11.348504991378439
236,23,nickel,8.378536421645945
236,24,and,12.585108306796803
236,25,told,11.292781696153826
236,26,me,13.78647834807604
236,27,to,12.58920855592494
236,28,go,10.525576740493888
236,29,outside,9.729308060452594
236,30,to,7.627741427094226
236,31,the,13.405676184476816
236,32,snack,14.640846484016386
236,33,machine,14.475578917254346
236,34,and,6.952380744030217
236,35,buy,12.964176449944246
236,36,myself,9.73902975096611
236,37,a,9.051136085155894
236,38,candy,5.182467008485811
236,39,bar.,7.281086690107971
237,1,I,0.0
237,2,handed,10.737977582330664
237,3,him,28.069249923205202
237,4,the,17.912648341261306
237,5,nickel,12.963999767330002
237,6,back,9.57478908958924
237,7,and,14.949745764730837
237,8,told,8.68287906502145
237,9,him,11.218431948914507
237,10,that,9.192181113530415
237,11,I,9.357081572575272
237,12,was,4.108719494043664
237,13,not,9.20899789959925
237,14,hungry.,6.569215319798982
238,1,'I'm,0.0
238,2,so,21.081224711984632
238,3,"sorry,",30.512123140868297
238,4,"baby,'",22.813640350655877
238,5,he,21.733517092021906
238,6,"said,",26.52616465340665
238,7,as,20.966234187912693
238,8,I,11.240365906777114
238,9,climbed,12.47095535704517
238,10,out,9.051028045788984
238,11,of,13.133033754145936
238,12,his,6.648460746675593
238,13,barber,8.740437278082092
238,14,chair.,10.39312320218346
239,1,'I,0.0
239,2,am,19.08860345014158
239,3,not,18.90895450063391
239,4,a,20.55012921543881
239,5,"baby,'",18.57783939861546
239,6,I,14.858572000089659
239,7,"said,",28.379995572038112
239,8,as,34.0136247310104
239,9,I,16.032437885225082
239,10,wiped,17.723220436727747
239,11,the,13.62588291037746
239,12,tears,15.636332509184374
239,13,from,5.858898311095539
239,14,my,1.9958016540792536
239,15,eyes.,1.7666978521941146
240,1,I,0.0
240,2,then,14.371470181582499
240,3,sat,20.428489326136564
240,4,down,22.41633290993865
240,5,on,17.67323748437062
240,6,the,32.64401440553619
240,7,floor,18.39634563420765
240,8,and,11.02275905335848
240,9,brushed,11.20834671428526
240,10,away,23.123525634780012
240,11,the,27.065399357891536
240,12,hair,11.060255216098625
240,13,that,12.083755734429031
240,14,had,14.433200011196929
240,15,accumulated,7.544547740757178
240,16,on,10.50938077954792
240,17,my,7.284438105402383
240,18,shiny,6.018023878914302
240,19,new,18.95581706561089
240,20,Buster,8.736040669256159
240,21,Brown,10.057961824701534
240,22,shoes.,3.851817426493243
241,1,My,0.0
241,2,head,14.285221570105403
241,3,was,20.017234092434368
241,4,no,22.860059843984953
241,5,longer,24.10411629898858
241,6,in,23.13468604044896
241,7,the,21.181154027389912
241,8,"clouds,",29.949243874581825
241,9,and,27.814263887495756
241,10,I,25.133029079094893
241,11,got,21.222655977787205
241,12,up,13.25344405348584
241,13,off,11.825199962324781
241,14,the,22.568315397362984
241,15,"floor,",13.815388443580053
241,16,brushed,10.437004363931829
241,17,off,19.579563500565907
241,18,my,22.2529990408605
241,19,short,17.168656450993623
241,20,"pants,",29.762046910184655
241,21,and,6.926755032112863
241,22,walked,4.68697302041703
241,23,sullenly,6.477498796722282
241,24,towards,13.030804256104886
241,25,the,5.090048108934796
241,26,door.,4.885022560852559
242,1,The,0.0
242,2,matron,4.260777992425221
242,3,was,15.447719724486266
242,4,smiling,15.980075939854235
242,5,at,15.188503882968003
242,6,me,19.790208523149904
242,7,sort,11.411964025930425
242,8,of,27.973903416061322
242,9,funny,29.504188269755677
242,10,like.,15.946107861460634
243,1,The,0.0
243,2,barber,9.156534505962226
243,3,upset,29.39291405160551
243,4,by,33.17263558768405
243,5,the,35.86044924842837
243,6,matron,33.52596001328697
243,7,said,24.78980261483738
243,8,to,24.430420874279747
243,9,"her,",31.05614812112333
243,10,'You,58.206332206414565
243,11,are,11.839769784311178
243,12,just,14.671931343136222
243,13,a,15.806664704353118
243,14,damn,14.271036699036216
243,15,"bitch,",13.82077025367784
243,16,lady.',12.707717851751603
244,1,She,0.0
244,2,yelled,14.863213983819096
244,3,back,31.706636209672574
244,4,at,25.708339165394403
244,5,him,27.442537920189793
244,6,at,22.742994091256378
244,7,the,21.498639332344833
244,8,top,17.092645982845763
244,9,of,41.65979491337494
244,10,her,24.97124280664945
244,11,"lungs,",9.928161627338739
244,12,before,15.827770855972544
244,13,walking,15.077090748518831
244,14,toward,14.906130980595401
244,15,the,11.216935162406216
244,16,"office,",8.641373056908485
244,17,as,6.557182252661726
244,18,fast,9.1583886065819
244,19,as,33.380098782589734
244,20,she,0.6648690543964978
244,21,could.,0.10208693884634698
245,1,To,0.0
245,2,show,6.790619396976619
245,3,his,16.026167548259444
245,4,"anger,",18.21675528778826
245,5,the,27.064459859665536
245,6,man,32.995083794621
245,7,hit,20.357064845241915
245,8,the,41.64303795577077
245,9,wall,23.27118918638672
245,10,with,18.777567634329916
245,11,his,22.9191452576108
245,12,hand,12.740875119281325
245,13,and,10.819250348757334
245,14,then,12.263662206458536
245,15,walked,10.887985450949117
245,16,outside,13.499958675268244
245,17,where,10.039334555769235
245,18,he,9.734071308074265
245,19,stood,8.608951943648794
245,20,against,9.445545549009937
245,21,the,12.568732672350805
245,22,brick,6.678617864195953
245,23,"wall,",7.666942240889484
245,24,smoking,7.06345766986394
245,25,a,13.52626081241843
245,26,cigarette.,4.355063247451473
246,1,I,0.0
246,2,understood,13.949494925286718
246,3,right,21.870982115428113
246,4,there,19.081912981057712
246,5,my,18.06065213904492
246,6,haircut,14.588883597514577
246,7,was,14.917421195544545
246,8,something,13.06015277367896
246,9,that,15.612092616000686
246,10,had,15.453876746382816
246,11,been,20.62948231151655
246,12,out,18.81146080353015
246,13,of,27.467738022072766
246,14,the,22.13489482463927
246,15,power,28.419034085940112
246,16,of,24.568199658534624
246,17,the,16.073258074896525
246,18,barber,15.727588731444955
246,19,and,12.419071579875528
246,20,then,13.38430097674903
246,21,I,16.349216921926402
246,22,slowly,14.409961358010898
246,23,walked,17.599342955053917
246,24,outside,12.747931708525744
246,25,to,8.128008397943248
246,26,join,10.82669533797728
246,27,the,7.688132244128315
246,28,man.,8.6225780961581
247,1,He,0.0
247,2,looked,10.19112365945159
247,3,"down,",29.093878185521895
247,4,smiled,20.736154593709873
247,5,at,15.354968448980047
247,6,"me,",18.18781215549191
247,7,then,16.265537688257535
247,8,he,14.252484264054873
247,9,patted,14.287390873272061
247,10,me,17.82022554186932
247,11,on,22.235260846990755
247,12,the,8.337777436300376
247,13,top,6.089646268844432
247,14,of,27.91291640370103
247,15,my,7.379942753280962
247,16,bald,3.2893055648627483
247,17,as,19.68921458810928
247,18,a,37.82762537610663
247,19,coot,50.83029539680024
247,20,head.,17.553721203250866
248,1,It,0.0
248,2,was,8.790116525201167
248,3,a,11.698302563385656
248,4,fact,11.80744739715477
248,5,of,13.257699183739993
248,6,my,21.22393496976601
248,7,life,18.700569915898154
248,8,that,7.089606011528592
248,9,I,16.334248605389043
248,10,was,11.024281056822952
248,11,not,15.08881198961224
248,12,gonna,21.73187736643292
248,13,have,21.076697806146452
248,14,hair,16.996288951328303
248,15,that,15.985672190819814
248,16,was,24.779637005191145
248,17,anything,19.885899237446115
248,18,like,27.389570179367425
248,19,Elvis's,15.938368663669639
248,20,anytime,12.029665833682072
248,21,soon.,15.92288829221861
249,1,I,0.0
249,2,then,14.387487957753256
249,3,looked,16.81138529765075
249,4,up,20.415202634461508
249,5,at,15.260436809072097
249,6,the,17.067934569665216
249,7,barber,18.498177292709784
249,8,with,26.068127945890968
249,9,my,28.341652126019575
249,10,wet,20.804145118512576
249,11,red,21.31453216257017
249,12,eyes,17.047209950807815
249,13,and,14.14293727035455
249,14,"asked,",13.772333145880165
249,15,'Do,24.04375169452899
249,16,you,16.94756877889791
249,17,know,10.588240720748768
249,18,if,13.670082599446793
249,19,Elvis,16.849312564464803
249,20,Presley,18.23582721786437
249,21,has,19.152052012562468
249,22,green,21.613740523893565
249,23,bones?',16.557396582615585
250,1,This,0.0
250,2,is,9.936129798531526
250,3,a,7.29207918709106
250,4,story,8.57685941399249
250,5,of,11.694482484744691
250,6,how,18.654309248547147
250,7,Mr.,21.630549638595642
250,8,Sticky,16.555737859661747
250,9,got,13.212169109438767
250,10,in,9.22143080490193
250,11,Abby's,19.681849392121258
250,12,fish,18.726477790882925
250,13,tank.,16.072886565498372
251,1,'He's,0.0
251,2,very,16.197385220291213
251,3,"small,'",29.31634221596186
251,4,Abby's,17.565710276419864
251,5,mom,27.976891499069218
251,6,said,19.389775254757584
251,7,as,13.67242859597661
251,8,she,22.815250796198555
251,9,peered,13.896404246428503
251,10,at,13.799841615026393
251,11,the,8.810920352818208
251,12,tiny,10.39789542850876
251,13,water,8.187080320336301
251,14,snail.,12.732403708713317
252,1,Abby,0.0
252,2,said,9.255425218138944
252,3,that,36.94718629338175
252,4,he,17.991119209335782
252,5,would,22.63255121842988
252,6,grow,19.53790124621463
252,7,and,24.91419414056211
252,8,then,23.298363649101603
252,9,pulled,20.75247806904254
252,10,her,16.818484139539088
252,11,pajama,21.069374806370543
252,12,bottoms,34.17337986685133
252,13,up,29.711993248772963
252,14,again,14.696263351840052
252,15,before,20.52432261673757
252,16,she,20.38443790492288
252,17,got,19.451341991074415
252,18,into,11.036365654261973
252,19,"bed,",17.107439027564066
252,20,for,15.008638719021453
252,21,they,16.013564111409515
252,22,were,22.194370343287396
252,23,always,7.834479627287731
252,24,falling,7.921112115462274
252,25,down.,9.893817420032521
253,1,"Usually,",0.0
253,2,Abby's,5.290533745494736
253,3,mom,20.29572903862953
253,4,got,41.538476760616796
253,5,up,23.435997580968788
253,6,at,25.28226281080615
253,7,the,46.66610097197764
253,8,crack,32.61077531860394
253,9,of,29.289485577185776
253,10,"dawn,",35.710906635876164
253,11,but,29.46111082660226
253,12,it,29.758636104569852
253,13,was,21.73407156408829
253,14,Abby,14.88534924737454
253,15,who,22.80207086275402
253,16,jumped,15.570514525659176
253,17,out,13.859017991351173
253,18,of,20.605695681296442
253,19,bed,11.786487909115323
253,20,first,14.043488345488793
253,21,the,19.792892570390595
253,22,next,23.575014844539275
253,23,morning,21.325169144415675
253,24,and,7.387439783376169
253,25,switched,15.54138707633122
253,26,on,9.217527242120116
253,27,the,18.911324878391717
253,28,light,13.388910278400347
253,29,in,7.318497233829855
253,30,her,13.760386551082318
253,31,fish,5.719233767977085
253,32,"tank,",24.165723306118007
253,33,which,8.720565756994656
253,34,contained,9.728790262006992
253,35,three,17.000161867943806
253,36,fish.,15.033765684862269
254,1,At,0.0
254,2,"first,",4.318267665025037
254,3,she,24.397600565102344
254,4,could,18.409434674821203
254,5,see,25.58812535623311
254,6,neither,22.971925959238668
254,7,hide,17.45275110393076
254,8,nor,47.275394314139696
254,9,hair,37.81191028940139
254,10,of,18.76289541817276
254,11,the,22.383123103052704
254,12,"snail,",12.57479060268094
254,13,but,20.203928397225955
254,14,then,13.057439140047864
254,15,she,8.505452287222205
254,16,spotted,4.4964604643001405
254,17,him.,2.2954239416595987
255,1,It,0.0
255,2,had,8.54013699044966
255,3,taken,14.794243781343585
255,4,Abby,30.939226919812803
255,5,a,49.6602504744041
255,6,while,42.34721760906252
255,7,to,34.17276423345473
255,8,find,23.11250526598453
255,9,Sticky,20.391714619867873
255,10,because,18.989125417212165
255,11,he,24.61491074844824
255,12,was,19.248945509025315
255,13,clinging,17.37501958927234
255,14,to,23.58166293064862
255,15,the,20.131580670465812
255,16,glass,13.717399866398436
255,17,near,8.834124741148282
255,18,the,12.492229154127982
255,19,"bottom,",8.05235022147592
255,20,right,12.54223252136321
255,21,next,17.29208795343786
255,22,to,10.43444971213808
255,23,the,6.132391950074455
255,24,gravel.,4.689560661136851
256,1,At,0.0
256,2,school,6.759813864554073
256,3,that,30.91673365287176
256,4,"day,",25.401983373724764
256,5,"Abby,",30.74326713569731
256,6,encouraged,36.454273009119284
256,7,by,52.668877820345486
256,8,her,48.53372240545986
256,9,"teacher,",36.25688422115777
256,10,wrote,34.78705173681952
256,11,excitedly,27.722336150913193
256,12,about,22.99486246846665
256,13,the,17.44274848546742
256,14,small,21.375931086815424
256,15,and,22.793464453194964
256,16,mysterious,43.22667563825338
256,17,Mr.,14.564535922266145
256,18,"Sticky,",17.395436799890245
256,19,who,16.072375760901938
256,20,you,9.460338881261734
256,21,could,30.471875777036754
256,22,mistake,16.195046594830323
256,23,for,19.28242015777287
256,24,a,13.62995848402604
256,25,piece,9.86938233275432
256,26,of,18.063046036102037
256,27,gravel.,7.48645041314343
257,1,He,0.0
257,2,seemed,10.22249604669138
257,3,an,22.270971453602897
257,4,ideal,24.04092024203314
257,5,pet,20.594639013412714
257,6,for,20.902967274105094
257,7,"her,",16.028311161517628
257,8,some,16.258778576598147
257,9,of,23.51720035045656
257,10,the,24.408334271065584
257,11,girls,19.4877558777416
257,12,in,26.26472565665418
257,13,her,31.946172119448264
257,14,class,40.42084004423735
257,15,"teased,",21.892693226770866
257,16,because,11.928005375847185
257,17,Abby,13.55338480091251
257,18,was,11.742065526698184
257,19,also,7.842058291366675
257,20,very,8.28540548906349
257,21,small.,5.553822974600853
258,1,That,0.0
258,2,"evening,",10.544589282810868
258,3,Abby,25.259315509666827
258,4,turned,21.635055971009212
258,5,on,36.298224894824216
258,6,the,31.021296696839237
258,7,light,26.476627716556706
258,8,and,18.01000595709257
258,9,found,17.48891258455997
258,10,Mr.,19.787997879653545
258,11,Sticky,23.74598235705645
258,12,clinging,20.20647017181872
258,13,to,18.933469531125002
258,14,the,18.38770537631312
258,15,pond,12.107371978212258
258,16,weed,10.251967816035279
258,17,and,14.422347107820496
258,18,bobbing,11.354059181836968
258,19,about,9.337614748834953
258,20,in,15.372752099342396
258,21,the,9.003197604104997
258,22,air,5.705197391834386
258,23,bubbles.,2.028863451293469
259,1,'That,0.0
259,2,looks,28.997947982697127
259,3,fun!',14.897462264946615
259,4,Abby,10.389887405711091
259,5,exclaimed.,9.540024011344794
260,1,She,0.0
260,2,tried,13.600664578333493
260,3,to,30.02252293039205
260,4,imagine,19.82800433341243
260,5,what,19.682990711988047
260,6,it,21.198310328709383
260,7,must,26.815603887572117
260,8,be,26.419385269017504
260,9,like,15.692401806630231
260,10,to,12.188008414205193
260,11,have,11.293148983915346
260,12,to,10.796589549216518
260,13,hang,18.49635263202654
260,14,on,15.723884542238382
260,15,to,18.27013162982956
260,16,things,13.430855648441687
260,17,all,16.436083074732625
260,18,day,26.95986114542138
260,19,and,16.390931163408357
260,20,decided,16.07553037417322
260,21,the,12.693838401716132
260,22,answer,20.54551836056918
260,23,was,25.394377870946986
260,24,that,9.589055679289878
260,25,it,11.316412296457557
260,26,was,9.467546490084214
260,27,probably,7.004111054899867
260,28,very,9.551932941942104
260,29,tiring.,10.190921776004537
261,1,Abby,0.0
261,2,told,5.722475052442714
261,3,her,22.629284579959393
261,4,mom,23.2041905930207
261,5,that,17.451731397295962
261,6,she,8.728436968265369
261,7,thought,5.226727967046321
261,8,Sticky,11.427732792720565
261,9,had,16.406600986429673
261,10,grown,11.337448124639769
261,11,a,13.45313643619205
261,12,bit,21.700289785901237
261,13,the,15.159563330411412
261,14,next,20.664925657089253
261,15,day,25.533114157861625
261,16,at,4.8569133114637335
261,17,breakfast.,9.675414500239187
262,1,'Just,0.0
262,2,as,24.953829606245254
262,3,well,31.38489381816084
262,4,if,26.05606194407607
262,5,he's,24.04760658353338
262,6,going,18.168017984273504
262,7,to,23.800745696181295
262,8,be,16.25827314108509
262,9,gobbled,17.853664730615854
262,10,up,27.01859181795753
262,11,like,19.259066408556784
262,12,"that,'",23.206598608106756
262,13,her,17.3397128140478
262,14,mom,25.705825673886018
262,15,responded,18.366377076853357
262,16,who,7.024323912507338
262,17,was,29.03083622905247
262,18,busy,29.06785040638273
262,19,preparing,16.93497115956269
262,20,breakfast.,6.453609330618159
263,1,Abby,0.0
263,2,whined,6.379322199507609
263,3,that,30.871154810740098
263,4,she,24.219371848325498
263,5,didn't,13.19821502833812
263,6,want,15.42178564364507
263,7,him,15.110842214763668
263,8,to,16.54740886886745
263,9,get,11.422289498825094
263,10,too,11.569700155318168
263,11,big,13.949659410568895
263,12,or,13.589369048045548
263,13,he,12.91125260769351
263,14,wouldn't,18.519139210004173
263,15,be,12.25536776267923
263,16,cute,10.37165680132686
263,17,anymore.,4.799726994090401
264,1,'Small,0.0
264,2,"things,",12.064302282339817
264,3,not,33.512022023313094
264,4,big,41.60932810932744
264,5,"things,",47.498523143516564
264,6,are,31.367237563275314
264,7,"cute,",26.147695848299634
264,8,right?',24.573771358976796
264,9,she,17.223348976261974
264,10,"asked,",23.266813173826844
264,11,half,10.116114872006934
264,12,to,13.486860394618052
264,13,herself.,8.653070783909088
265,1,The,0.0
265,2,next,8.464547863673042
265,3,day,11.880384723437732
265,4,in,16.80194121434392
265,5,art,24.8466799432088
265,6,"class,",19.840920058509578
265,7,Abby,22.68392965951394
265,8,needed,24.74387671171628
265,9,two,34.682718418677936
265,10,pieces,35.75287203652187
265,11,of,28.993684016834287
265,12,paper,36.398991808734856
265,13,that,28.306094927932
265,14,were,32.72763983013317
265,15,very,31.91721804475575
265,16,"expensive,",31.696502680165178
265,17,to,42.41664286688329
265,18,draw,42.77438694564375
265,19,an,27.944123795085147
265,20,"elephant,",28.84089576919283
265,21,but,24.000848456364754
265,22,the,22.446270214820604
265,23,teacher,25.79729818045343
265,24,didn't,20.976456148749374
265,25,mind,21.96594518456467
265,26,Abby,22.056171512905618
265,27,using,21.730983852068192
265,28,the,19.681955946122383
265,29,expensive,14.694706423804922
265,30,paper,16.625492547563027
265,31,because,12.051911637742743
265,32,she,12.828915118844987
265,33,was,10.973748722682828
265,34,pleased,12.883282753434294
265,35,with,17.93105720700677
265,36,the,15.831039112154842
265,37,drawing,13.200999885964023
265,38,and,9.866450055765302
265,39,wanted,12.780250379916366
265,40,it,15.66510097294456
265,41,on,15.924243983169216
265,42,the,14.497254977054878
265,43,wall.,8.057936646588958
266,1,The,0.0
266,2,"teacher,",7.96575483654288
266,3,who,35.449666279085434
266,4,was,23.63270566159819
266,5,always,22.853985588739132
266,6,very,24.129503689978346
266,7,"encouraging,",26.956145616108767
266,8,remarked,23.688384872832376
266,9,that,34.29010253568926
266,10,the,15.21847362270302
266,11,drawing,14.495691229504557
266,12,Abby,15.063739993306328
266,13,had,24.013966089094012
266,14,made,20.140871936438433
266,15,was,15.168262653597598
266,16,very,14.397490549344305
266,17,creative,17.606596090908756
266,18,and,10.177239946127434
266,19,beamed,9.273416570470763
266,20,at,17.574098402373767
266,21,"Abby,",19.05989195160365
266,22,giving,12.607808146399366
266,23,her,19.020592492993785
266,24,the,16.780378201561394
266,25,seal,19.10085643203194
266,26,of,6.643752596736055
266,27,approval.,1.1382881848977897
267,1,Back,0.0
267,2,at,15.989491216067044
267,3,"home,",10.461418816818915
267,4,"Mom,",19.13832845002024
267,5,convinced,29.65401897205868
267,6,by,30.096693888229655
267,7,Abby,28.332170464503534
267,8,to,40.915645589113765
267,9,clean,30.72775159186273
267,10,out,25.273972946064923
267,11,the,29.33978624599254
267,12,"tank,",21.12372775189477
267,13,was,29.330986474189334
267,14,cleaning,14.986318993324044
267,15,with,19.438503298081482
267,16,a,18.234536246219037
267,17,special,20.784920118502743
267,18,"vacuum,",18.494089219415883
267,19,or,20.354934853547125
267,20,'hoover'.,17.69018588553749
268,1,'Where's,0.0
268,2,Mr.,15.70766530988997
268,3,Sticky?',26.229825303305915
268,4,Abby,14.15334080187488
268,5,asked,15.937541792582122
268,6,first,24.315162573220416
268,7,thing,25.895130210427105
268,8,when,35.319347113324746
268,9,she,19.312659266006605
268,10,came,11.23159556550504
268,11,home,9.73691494177881
268,12,from,7.131570047062009
268,13,school.,4.178130326819603
269,1,'On,0.0
269,2,the,16.76985079953678
269,3,"side,'",14.125930550945666
269,4,Mom,17.216459990828895
269,5,replied.,16.655577185144963
270,1,And,0.0
270,2,then,4.979435704210209
270,3,she,9.73150346467375
270,4,"added,",9.420104969698166
270,5,'Don't,16.223133430882488
270,6,worry.,12.744283476830581
271,1,I,0.0
271,2,went,10.73635819369014
271,3,extra,19.98203543517818
271,4,slowly,25.503273587846323
271,5,since,12.9103800483399
271,6,it's,13.789025137037967
271,7,better,13.91292324453737
271,8,to,14.938898904932246
271,9,be,11.292383972837563
271,10,safe,18.25504641883419
271,11,than,13.490148924598934
271,12,sorry.',11.553339059452433
272,1,Abby,0.0
272,2,looked,8.674747123349377
272,3,on,29.25999382023317
272,4,all,26.071148262209757
272,5,sides,28.80619007870751
272,6,of,23.999124588263832
272,7,the,27.336092096151997
272,8,"tank,",28.384171998731663
272,9,but,24.804347875551453
272,10,there,27.840255023581374
272,11,was,31.40567424538845
272,12,no,16.858233328750117
272,13,sign,14.516281852379109
272,14,of,16.545137945451962
272,15,the,10.122505881674442
272,16,water,10.25674399460251
272,17,snail,16.722573290137003
272,18,that,10.777972502503028
272,19,she,18.132584404090696
272,20,had,16.35947130686723
272,21,discovered,8.534189068553426
272,22,a,7.685147517469337
272,23,couple,47.64390372889139
272,24,of,5.585284348754512
272,25,days,1.3318138798499939
272,26,ago.,0.9294282786389947
273,1,She,0.0
273,2,was,3.831809233614756
273,3,very,16.572649300682052
273,4,sad.,6.8437226520661785
274,1,Her,0.0
274,2,mom,5.964495918042894
274,3,said,26.242327754093033
274,4,to,21.863263534057392
274,5,wait,31.880018971296053
274,6,a,26.0625910074421
274,7,few,27.633818228357963
274,8,hours,17.73626201012966
274,9,until,12.86648771645272
274,10,the,11.86946719489301
274,11,water,15.288345213123993
274,12,clears,22.073673590719107
274,13,to,11.652860146491792
274,14,take,20.731474478202063
274,15,another,15.469566938599344
274,16,careful,9.950750963385472
274,17,look.,8.226288869823861
275,1,That,0.0
275,2,"evening,",9.684201356380443
275,3,Abby,19.757728094686264
275,4,went,22.499783363686205
275,5,up,20.379795147271516
275,6,to,17.17990963592825
275,7,her,12.210914826469274
275,8,bedroom,15.644585416466267
275,9,to,7.964745131774122
275,10,check,9.47675751137045
275,11,the,8.676287531644721
275,12,tank,16.457047870049188
275,13,again.,7.844631191796113
276,1,The,0.0
276,2,water,4.6968087028454155
276,3,had,20.093255927560556
276,4,settled,32.969693823891475
276,5,and,23.04477849807476
276,6,looked,18.279416306716872
276,7,"clear,",21.501289198033664
276,8,but,11.956577165353577
276,9,Abby,8.552927673410714
276,10,could,16.607999453155816
276,11,not,14.7082710139151
276,12,see,12.01424212052137
276,13,Mr.,7.304123239620139
276,14,Sticky.,12.339965005476234
277,1,Abby,0.0
277,2,kneeled,9.423299547437942
277,3,down,37.20662934547963
277,4,to,27.505838886562263
277,5,have,27.006102362609468
277,6,another,27.224954585398663
277,7,look,23.00959265352606
277,8,in,18.31518323764717
277,9,the,20.88412859549922
277,10,tank,28.69450987669938
277,11,that,15.388997043768919
277,12,her,18.39717603093951
277,13,mom,24.723101422470364
277,14,had,23.560003091633654
277,15,cleared,20.765681800586385
277,16,so,16.787361062649556
277,17,"thoroughly,",34.36076506894709
277,18,but,15.010844504007926
277,19,Mr.,10.103157376623459
277,20,Sticky,18.150434757521097
277,21,was,12.875733495701418
277,22,still,10.427571188087185
277,23,nowhere,12.019910710345856
277,24,to,20.901212080976656
277,25,be,16.97881690094667
277,26,found.,0.6455541221560482
278,1,Abby,0.0
278,2,was,4.471674813733456
278,3,a,20.504528703493143
278,4,bundle,18.289711360180167
278,5,of,33.364742960420216
278,6,nerves,26.252999621544376
278,7,as,10.873063462238331
278,8,she,19.290815362559556
278,9,descended,9.194683966299506
278,10,the,12.479426461940887
278,11,stairs.,8.675341542753168
279,1,In,0.0
279,2,the,5.635758304189971
279,3,"study,",8.22653281797676
279,4,surrounded,28.613324950411638
279,5,by,54.98252550992472
279,6,books,44.81537691993402
279,7,and,27.40560550583026
279,8,"papers,",31.90200686721754
279,9,her,29.378519619676243
279,10,mom,28.90697655564469
279,11,was,19.155507571287696
279,12,working,23.636433450049136
279,13,and,20.022446026668764
279,14,she,22.913506301203228
279,15,looked,19.391704298160985
279,16,impatient,19.43600786743867
279,17,when,19.823697645984222
279,18,she,18.09505204975146
279,19,saw,17.321941927351013
279,20,Abby,13.68153207839232
279,21,in,11.69196259225702
279,22,the,19.386896399543584
279,23,doorway,12.696179242797266
279,24,and,6.947281973036472
279,25,even,10.398759609082598
279,26,more,16.924037932562523
279,27,worried,47.504699584672906
279,28,when,7.768117782891348
279,29,she,8.859275967039856
279,30,heard,5.4860820352534665
279,31,the,9.624164757770023
279,32,bad,8.345628870238047
279,33,news.,9.60461109731885
280,1,'He'll,0.0
280,2,turn,20.442719170668955
280,3,"up,'",17.904679009185624
280,4,Mom,21.09460605861116
280,5,"said,",29.216651569480316
280,6,and,14.989871896916892
280,7,that,10.646545284769577
280,8,was,14.046107187119746
280,9,that.,3.451990525092443
281,1,"Then,",0.0
281,2,to,7.168809246223935
281,3,add,8.398774474711768
281,4,fuel,11.691050914912026
281,5,to,13.430140426341328
281,6,the,21.464344099953628
281,7,"flames,",28.83388444497595
281,8,she,14.51384088111758
281,9,raised,26.22415800200769
281,10,her,30.50038057392618
281,11,tone,27.364098696923076
281,12,of,17.466651709175903
281,13,voice,27.533377630029502
281,14,and,15.698226042097364
281,15,said,22.202905535905618
281,16,"dismissively,",19.322510405375738
281,17,'For,28.861571647092088
281,18,the,19.501563392002502
281,19,time,31.45460632462977
281,20,"being,",36.51418688735939
281,21,go,18.10654567718091
281,22,to,26.393365906279314
281,23,"bed,",30.350386764889436
281,24,Abby.,21.60988496106652
281,25,I've,19.013186508901608
281,26,got,20.348187133051127
281,27,masses,17.142299824902633
281,28,of,27.80378111496904
281,29,work,19.907653576896884
281,30,to,19.90373576575553
281,31,catch,18.317900085204055
281,32,up,24.80355241380326
281,33,on.',13.003157169445915
282,1,Abby,0.0
282,2,had,4.471674813733456
282,3,a,24.74073484665899
282,4,quick,19.110188304720765
282,5,temper,11.668375303365405
282,6,and,13.697008571416236
282,7,she,15.928796410292255
282,8,was,14.615901373285604
282,9,angry,23.248582115300927
282,10,as,9.954281793408168
282,11,hell.,9.797417960697407
283,1,'You've,0.0
283,2,hoovered,21.033739614150807
283,3,him,25.562191748344205
283,4,"up,",22.643526119312043
283,5,haven't,30.834898460181105
283,6,you?',56.13821095855262
283,7,she,8.53547518571971
283,8,said,7.950454131285978
283,9,accusingly.,5.814373750829569
284,1,Abby's,0.0
284,2,mom,11.655952179575992
284,3,denied,42.19960730758408
284,4,Abby's,36.635018520008856
284,5,version,30.158678499392423
284,6,of,26.261667891113163
284,7,the,20.474651705402604
284,8,story,23.032957012593727
284,9,was,19.69409971634222
284,10,true,33.79273021424221
284,11,and,16.63544736828557
284,12,said,17.88444565877041
284,13,that,20.11046650015529
284,14,she,19.209997081785623
284,15,was,14.859674215401206
284,16,"careful,",15.590893282031237
284,17,but,16.776036736016508
284,18,because,10.141817749046332
284,19,Mr.,22.96740619605496
284,20,Sticky,21.013267479261014
284,21,was,16.129543643213072
284,22,so,17.994779751226623
284,23,small,16.292250726894608
284,24,he,12.866191086688415
284,25,was,11.169151436853385
284,26,hard,13.672304655604375
284,27,to,9.580508689064889
284,28,see.,4.957042402856785
285,1,'What's,0.0
285,2,wrong,24.866842157300052
285,3,with,14.047062058982396
285,4,being,9.187064264204112
285,5,small?',19.334164987068565
286,1,'Nothing,0.0
286,2,at,18.098722218639907
286,3,"all,",36.98434968044139
286,4,but,18.98591630693839
286,5,it,18.870980473349427
286,6,makes,23.658368654785964
286,7,things,20.997269080697997
286,8,hard,16.817913995553646
286,9,to,18.89205949470568
286,10,find.',18.183400252302576
287,1,'Or,0.0
287,2,"notice,'",29.66347131053275
287,3,Abby,14.142141635615996
287,4,"said,",23.93359034117858
287,5,suddenly,34.76654843813595
287,6,feeling,32.66967180928781
287,7,like,26.69379270354961
287,8,the,26.6602977924242
287,9,"small,",19.80635120172085
287,10,overlooked,29.320280360692642
287,11,Mr.,33.55051720102536
287,12,Sticky,23.380470531384958
287,13,herself,17.563268155024357
287,14,and,14.883214878183837
287,15,storming,23.423378052992092
287,16,from,12.478938603592196
287,17,the,5.574935134864144
287,18,room.,3.178200878610669
288,1,The,0.0
288,2,door,3.82948987558522
288,3,to,32.9222494859459
288,4,the,28.044820819546047
288,5,bedroom,26.317830201613617
288,6,opened,9.335035772245025
288,7,a,15.527723871637761
288,8,few,35.85725219843798
288,9,minutes,31.243245392014806
288,10,later,8.344871666903888
288,11,and,6.230119959432063
288,12,Mom's,6.948174022861438
288,13,face,17.065788591645582
288,14,appeared.,12.070433626420426
289,1,She,0.0
289,2,was,7.4941068630942995
289,3,there,27.63351880656281
289,4,to,21.217794071242977
289,5,try,24.145587851452337
289,6,to,21.577087627696383
289,7,make,12.98367780726341
289,8,up,10.30975399209964
289,9,for,18.287168532193668
289,10,having,15.614356485440258
289,11,been,10.700966722384507
289,12,insensitive,7.762815292401393
289,13,earlier.,13.708071731645035
290,1,She,0.0
290,2,had,8.285525618945117
290,3,put,24.071242159241457
290,4,her,17.72468403058442
290,5,work,18.510499247704825
290,6,on,18.888403433769057
290,7,the,23.700390207767178
290,8,back,21.836090619186372
290,9,burner,49.74701378695956
290,10,and,6.961052226181177
290,11,occupied,10.303697150097218
290,12,herself,23.077927955173624
290,13,with,13.05183319356034
290,14,Sticky.,5.797006905124238
291,1,"Abby,",0.0
291,2,who,9.431391675126338
291,3,was,17.52506411169326
291,4,breathing,24.403302821874348
291,5,fire,19.513486589098147
291,6,all,17.27248488719131
291,7,on,22.73781681152613
291,8,account,23.25641622064291
291,9,of,23.89976806107725
291,10,the,20.236769860269415
291,11,little,29.808833798764407
291,12,"snail,",28.362099960298245
291,13,tried,27.167375868781363
291,14,to,33.98169290570519
291,15,ignore,26.853131297410144
291,16,"her,",20.094746157230283
291,17,but,25.49584749522014
291,18,it,16.686917677664702
291,19,was,18.453631948071735
291,20,hard,14.876305362321808
291,21,when,18.407964798223315
291,22,Mom,25.977507540803398
291,23,walked,17.974620510554175
291,24,over,13.89288715687908
291,25,to,9.33071386099318
291,26,the,11.93757735143228
291,27,bed,10.39053214582773
291,28,and,6.961176170248353
291,29,sat,5.92677898265181
291,30,next,10.518505749381978
291,31,to,7.689266937036659
291,32,her.,2.3684347246886985
292,1,"Mom,",0.0
292,2,who,9.868548871909685
292,3,Abby,14.304966554285663
292,4,still,27.719091182256715
292,5,strained,27.274373972106744
292,6,to,23.950522721086628
292,7,remain,31.632208997685183
292,8,upset,26.649019686128568
292,9,"with,",25.407046800940144
292,10,had,29.351495383806892
292,11,gone,14.704174833251548
292,12,out,21.143751541449905
292,13,to,26.57513791711839
292,14,find,18.757776075098022
292,15,her,13.680953141793854
292,16,glasses,10.713374851436546
292,17,in,9.630661727561066
292,18,order,21.978004371567025
292,19,to,27.16940955019167
292,20,search,7.707442900903577
292,21,for,11.714490046124384
292,22,Sticky,7.840312596248851
292,23,more,7.9800669022185255
292,24,effectively.,12.954142094635557
293,1,'This,0.0
293,2,is,15.602901734151589
293,3,my,18.212147184641044
293,4,new,23.570107932285097
293,5,and,29.15150750803421
293,6,extra,46.16575545745814
293,7,powerful,32.15167777910207
293,8,pair,31.917024822247505
293,9,I,27.516287305554467
293,10,have,40.322397798320594
293,11,for,30.428100457845655
293,12,important,30.333029792063154
293,13,occasions,36.58677534414786
293,14,like,18.817925394899937
293,15,snail,30.642635518388314
293,16,"hunting,'",30.117659551521157
293,17,she,7.815577427292846
293,18,said.,0.9439567203651488
294,1,She,0.0
294,2,smiled,10.805364512522335
294,3,at,17.706001899186496
294,4,"Abby,",26.81771738236857
294,5,trying,23.51404881137516
294,6,to,25.13289162196119
294,7,butter,16.09068135778363
294,8,her,16.279980339822536
294,9,"up,",9.987940603999853
294,10,but,8.416357679966342
294,11,Abby,7.680381903742604
294,12,didn't,7.365214121439866
294,13,smile,7.702494075939939
294,14,back.,4.933885050102204
295,1,Abby,0.0
295,2,believed,6.0236221775483205
295,3,her,38.00706102413156
295,4,mom's,27.559717955389868
295,5,idea,16.282488470309225
295,6,would,18.040416316379098
295,7,not,16.566972583333698
295,8,"succeed,",19.74459687532759
295,9,but,13.71679289662788
295,10,then,9.822477858426916
295,11,she,8.910376678312408
295,12,had,12.492778219489777
295,13,an,11.196118503271084
295,14,idea,13.18566175130321
295,15,of,7.699715741898142
295,16,her,7.856359294392666
295,17,own.,0.2455199545787298
296,1,'I've,0.0
296,2,got,28.260698258423268
296,3,a,17.597762898039477
296,4,magnifying,20.235405435908795
296,5,"glass,'",35.86407928624013
296,6,Abby,18.569920607941302
296,7,suddenly,17.05364143551731
296,8,remembered,22.474198547362167
296,9,and,10.774856598764334
296,10,rushed,17.782217064310085
296,11,off,9.133977449581083
296,12,to,8.547736570574902
296,13,find,8.814096098457716
296,14,it.,5.487395268239069
297,1,On,0.0
297,2,the,6.890640379134807
297,3,floor,11.139853226220108
297,4,beside,13.575389320032091
297,5,each,18.70507732320329
297,6,other,15.937849813509818
297,7,they,16.35998260591379
297,8,"sat,",17.748780433805482
297,9,shuffling,21.420105905581106
297,10,around,15.568568665577194
297,11,the,14.505295170685365
297,12,"tank,",19.398145177422787
297,13,looking,12.900286967002208
297,14,all,14.968588990128042
297,15,over,14.543345440028759
297,16,the,19.32644300904049
297,17,place,14.732153594331018
297,18,and,9.492400650208591
297,19,peering,11.856930046606076
297,20,into,12.739655697793214
297,21,the,12.348285743118712
297,22,corners,9.40202104233006
297,23,among,10.553200910968485
297,24,the,10.18008144348499
297,25,big,12.55905760559495
297,26,pebbles,11.992453969012718
297,27,and,8.833556181284289
297,28,the,10.392830053052414
297,29,pond,9.233449322710008
297,30,weed.,7.261441533249009
298,1,Abby,0.0
298,2,tried,6.624641004420733
298,3,to,26.68113908001238
298,4,"imagine,",25.67565420656323
298,5,if,30.136950555247715
298,6,she,17.14817445128647
298,7,were,18.5223318690625
298,8,"Sticky,",16.142939382637692
298,9,a,32.69773393895729
298,10,little,21.797089704991414
298,11,water,20.614519455428354
298,12,"snail,",28.809171548445036
298,13,where,21.735444791810853
298,14,would,25.059040926722627
298,15,she,22.757113442310047
298,16,hide,12.46332329772759
298,17,out?,6.7238668375569945
299,1,At,0.0
299,2,one,4.5099815414560345
299,3,point,16.866355080450127
299,4,she,12.939212251826447
299,5,thought,22.613535440689283
299,6,she,20.431437624720306
299,7,saw,9.965028602299618
299,8,"him,",14.864760795780954
299,9,but,14.465433773543564
299,10,it,6.222100894810764
299,11,wasn't,9.511587152976919
299,12,the,11.290132160994151
299,13,water,14.767476431122814
299,14,snail.,12.317555009713146
300,1,It,0.0
300,2,was,8.687167022464086
300,3,a,11.632864196628265
300,4,large,11.470641905167222
300,5,speck,21.0470386025854
300,6,of,26.485299124808872
300,7,dust,29.801632132748686
300,8,that,13.799194965633607
300,9,was,19.711327691431435
300,10,deceptively,13.73929768640653
300,11,bobbing,16.070766970692272
300,12,around,11.576940125094914
300,13,in,12.228916470887855
300,14,the,10.472868067349985
300,15,water,6.024187489896164
300,16,like,7.332765437211458
300,17,a,13.338661526856313
300,18,live,7.123585214378112
300,19,animal.,4.220981165363519
301,1,They,0.0
301,2,were,16.03876906105346
301,3,ready,17.2398725050388
301,4,to,16.200665273408468
301,5,call,13.608818619776201
301,6,it,21.82270129686441
301,7,"quits,",29.630791855146402
301,8,when,12.044966837221386
301,9,suddenly,7.9546477293723274
301,10,Mom,8.80932124738157
301,11,"cried,",11.389090070017238
301,12,'Ah,15.646161507130824
301,13,ha!',18.8779293729026
302,1,Tucked,0.0
302,2,in,21.617060738318834
302,3,a,16.81280243469386
302,4,curve,13.134344111460692
302,5,of,11.271147103654563
302,6,the,22.37188150007472
302,7,"archway,",21.875874118936245
302,8,perfectly,26.468663350480067
302,9,hidden,34.1554170313928
302,10,against,36.92551603866749
302,11,a,18.197379399874585
302,12,pitch,18.033680374007453
302,13,dark,19.162178858931533
302,14,"stone,",17.494007484600456
302,15,sat,8.641162442654672
302,16,Mr.,11.329605981796089
302,17,"Sticky,",18.132820122437078
302,18,safe,12.22849121153685
302,19,and,35.42703987271576
302,20,sound.,11.196108214207454
303,1,"'You,",0.0
303,2,I,17.421451787819755
303,3,can,15.689316480869415
303,4,always,21.34598271592478
303,5,count,24.656619507983198
303,6,"on,'",30.231673611846077
303,7,Abby,32.194219364623834
303,8,said,22.033814214373454
303,9,to,20.581985056659093
303,10,her,15.84691980202949
303,11,"mom,",8.842502451402893
303,12,with,13.980548639423375
303,13,relief.,9.317660394587874
304,1,Then,0.0
304,2,she,9.020834003056038
304,3,noticed,19.25191404781728
304,4,another,18.20156646799466
304,5,water,20.424351767522108
304,6,snail,33.59160235146829
304,7,was,22.100296730799897
304,8,right,22.539046830895536
304,9,next,26.604717729188238
304,10,to,21.83638466652368
304,11,Sticky,17.702184744250594
304,12,and,15.809676002331653
304,13,asked,16.93643233524924
304,14,where,22.181682511326017
304,15,this,18.611148923192157
304,16,new,24.32348752242242
304,17,addition,39.21368736848189
304,18,to,15.895553281767704
304,19,the,51.705858010887376
304,20,family,23.078854189237678
304,21,could,18.816961596062814
304,22,have,19.258384895055993
304,23,come,21.187185881522417
304,24,from.,1.4848236461843167
305,1,'I'm,0.0
305,2,beginning,20.503313474082148
305,3,to,40.09241395545864
305,4,suspect,23.009541144722128
305,5,the,21.376098425934718
305,6,pond,27.932167109742707
305,7,weed,27.897541219207387
305,8,is,27.633731979058556
305,9,"guilty,",17.710699030227826
305,10,don't,19.37865870466461
305,11,you,53.71155789764469
305,12,think?',24.90456942441452
305,13,replied,4.721216080258756
305,14,Mom.,3.9943295921716713
306,1,They,0.0
306,2,both,16.18889340492221
306,3,laughed,17.882091495751908
306,4,and,10.947140818518202
306,5,climbed,16.419056754676003
306,6,into,19.330305416911397
306,7,Abby's,15.685781355983101
306,8,bed,20.650989064474416
306,9,together,11.068593354220166
306,10,"and,",15.142002654884102
306,11,though,18.28322920508216
306,12,it,22.48134798439661
306,13,was,28.092293760356238
306,14,"cozy,",20.507966647432806
306,15,it,17.5960011507597
306,16,was,9.469548925740257
306,17,a,7.7594233672569795
306,18,bit,12.893201445707625
306,19,of,8.82548267474869
306,20,a,15.813647100550678
306,21,squeeze.,3.602951369901495
307,1,'Budge,0.0
307,2,"up,'",11.211590285582702
307,3,Mom,13.005468224106043
307,4,"said,",21.21419430237777
307,5,giving,27.803565104759556
307,6,Abby,40.81965282759975
307,7,a,38.568269263986586
307,8,push,24.282952329501285
307,9,with,20.415611480218274
307,10,her,22.796953003029646
307,11,bottom.,10.512129185921237
308,1,'I,0.0
308,2,can't,25.423207408702442
308,3,because,16.82439337743141
308,4,I'm,17.563807675349032
308,5,already,15.604053157999115
308,6,on,14.81831219438822
308,7,the,16.622256148479572
308,8,edge.',12.964903321181971
309,1,'Good,0.0
309,2,"heavens,",19.343290494012503
309,3,you've,21.035127858108574
309,4,grown,20.193731459864974
309,5,then.,16.152233540068632
310,1,When,0.0
310,2,did,6.74637857986867
310,3,that,12.632967173988302
310,4,happen?,4.268648380732078
311,1,You,0.0
311,2,could've,14.413352772581817
311,3,put,13.08692221725106
311,4,an,7.774482095611346
311,5,elephant,20.815621929263447
311,6,in,10.52486076596943
311,7,here,15.373134460442733
311,8,last,14.256878979728032
311,9,time,29.682494913483964
311,10,we,13.05607626890556
311,11,did,12.504875806993397
311,12,this.,5.517872382322805
312,1,Before,0.0
312,2,I,5.731360364116891
312,3,know,21.685961115838094
312,4,"it,",14.327126518849333
312,5,you'll,18.449683430637325
312,6,be,14.790455777467006
312,7,all,7.175033728315287
312,8,grown,14.76149314663761
312,9,up.',9.866438791909381
313,1,On,0.0
313,2,her,6.409930983777568
313,3,mom's,20.19761912768773
313,4,chest,19.94258433489676
313,5,Abby,16.614711097603568
313,6,then,17.637807338466374
313,7,put,28.01907415679863
313,8,her,20.75239560336145
313,9,head,17.378035541531368
313,10,and,16.346799383301057
313,11,smiled.,18.03474288819894
314,1,The,0.0
314,2,text,4.260777992425221
314,3,message,22.134467103786577
314,4,said,13.482901865912298
314,5,that,13.633115296794195
314,6,Lucy,10.634971282323136
314,7,Josephs,8.011848960194358
314,8,was,16.658550383591873
314,9,a,6.0605415534731355
314,10,failure.,11.692775941208614
315,1,It,0.0
315,2,said,10.073200659199788
315,3,she,12.50969710413419
315,4,was,13.025497151642874
315,5,"ugly,",15.797169036999945
315,6,had,15.62859877990423
315,7,no,37.10032815885121
315,8,style,28.908305186116095
315,9,and,11.04068032813453
315,10,the,5.69923798203452
315,11,world,22.303143947130163
315,12,hated,27.44029056914639
315,13,her.,3.603240472779583
316,1,At,0.0
316,2,least,5.260830277898919
316,3,that,22.41587294233892
316,4,was,24.39669064789229
316,5,what,14.700596691204684
316,6,it,9.408399873476105
316,7,said,13.884719863366955
316,8,to,7.876487865049649
316,9,Lucy.,5.866631103876403
317,1,It,0.0
317,2,said,10.073200659199788
317,3,that,12.50969710413419
317,4,and,11.249028500918424
317,5,a,21.407022798369006
317,6,whole,23.730854698593063
317,7,lot,43.12193478572274
317,8,more,16.335578869695635
317,9,that,16.934043023276466
317,10,she,15.50977421434986
317,11,was,15.195914228432718
317,12,struggling,14.62821157971581
317,13,to,9.455178187108377
317,14,understand.,8.66581415635754
318,1,The,0.0
318,2,actual,8.535461814068606
318,3,text,9.524425088171297
318,4,of,10.14676125060948
318,5,the,13.846026765870299
318,6,note,13.956663076183355
318,7,said,8.829190596516233
318,8,that,19.831921721987037
318,9,Lucy,19.650087571666422
318,10,better,24.135799157908842
318,11,not,29.02891148655895
318,12,show,22.9375106399615
318,13,up,24.57547087003479
318,14,at,20.777499136985966
318,15,the,18.64050149243564
318,16,party,14.95421079712314
318,17,"tonight,",11.822689687429413
318,18,because,16.36346548703906
318,19,it,11.997148901900792
318,20,was,13.1428997915122
318,21,going,14.58624246128889
318,22,to,20.790356313411216
318,23,be,12.107410013250387
318,24,bad,8.363275855863321
318,25,enough,11.815246966902482
318,26,already!,9.010702910193471
319,1,"Lucy,",0.0
319,2,who,8.253288502936789
319,3,had,19.20209548937655
319,4,started,20.394457743149136
319,5,receiving,15.431453261402359
319,6,these,24.96041310212028
319,7,messages,27.2284503047601
319,8,a,21.353676359811125
319,9,few,39.73285189109157
319,10,weeks,28.517209522271894
319,11,"ago,",22.767740083698666
319,12,tapped,18.108065348130683
319,13,the,17.139895217222847
319,14,mobile,16.623387321369957
319,15,screen,12.485335734767183
319,16,to,6.137877839907339
319,17,make,8.449578233080738
319,18,the,15.566192019857933
319,19,message,12.972874569251873
319,20,disappear,16.28272036069801
319,21,from,6.423645235743392
319,22,view.,14.263463905880652
320,1,She,0.0
320,2,only,14.68255515218556
320,3,wished,18.839359313205165
320,4,it,15.369940226668259
320,5,was,18.413767261761738
320,6,as,9.795533723477204
320,7,easy,18.99801640431382
320,8,to,12.51124075591484
320,9,tap,21.508933633384032
320,10,her,13.80015008203409
320,11,heart,15.434550658195484
320,12,and,14.958551846147543
320,13,erase,17.80494510906739
320,14,the,15.880951836471379
320,15,trace,15.639175046499522
320,16,the,12.49889225647253
320,17,message,30.79545152241728
320,18,had,35.8932237967845
320,19,left,10.50026474642954
320,20,there.,4.672224222266506
321,1,'Was,0.0
321,2,that,20.69546762609935
321,3,another,23.075001697241483
321,4,one,17.7148829112944
321,5,of,21.831111721443893
321,6,those,21.553878182001483
321,7,messages?',15.156066170695276
321,8,her,20.316437437373175
321,9,mom,31.29505592876024
321,10,"asked,",21.924711704459828
321,11,who,13.963259207408763
321,12,was,25.555035953326144
321,13,driving,27.492340586358694
321,14,the,17.011790539711292
321,15,car.,10.525236803348314
322,1,Lucy,0.0
322,2,confirmed,7.1002844788141575
322,3,her,18.243304593567252
322,4,mother's,32.35998041410469
322,5,suspicion,22.890928322057718
322,6,was,15.022089492894349
322,7,founded,22.377446772665316
322,8,as,25.72596153969771
322,9,she,16.817899054560854
322,10,answered,17.208505105295885
322,11,"dejectedly,",15.736791689700818
322,12,'I'm,25.776843499115476
322,13,sorry,16.681126836391357
322,14,to,14.28431282721439
322,15,say,22.945394789567654
322,16,it,17.013718080281922
322,17,was.',13.17779474487395
323,1,'Haven't,0.0
323,2,you,32.6925618402044
323,3,reported,26.413891627200993
323,4,it,34.120239184037366
323,5,yet?',33.82320915161077
323,6,asked,12.96843769364419
323,7,"Jill,",21.712651791356098
323,8,Lucy's,25.342068100812842
323,9,older,22.62220276435349
323,10,sister,24.811313602868022
323,11,who,17.244921915668133
323,12,was,16.835476390907466
323,13,sitting,15.263206519796292
323,14,in,17.112030883725236
323,15,the,20.672724092154553
323,16,passenger,14.589353376187095
323,17,seat.,2.787135867335937
324,1,"'Yes,'",0.0
324,2,Lucy,20.399812938931703
324,3,"replied,",19.76737081795484
324,4,lying,21.273146945397148
324,5,through,17.134607599873156
324,6,her,11.661394785540859
324,7,teeth.,9.99347962505113
325,1,That,0.0
325,2,Lucy,9.10486128661459
325,3,should,17.106841172874006
325,4,not,18.946194935921138
325,5,let,23.56784945611397
325,6,the,23.28541473135284
325,7,messages,21.755311743937316
325,8,get,30.210834388049705
325,9,to,23.545564460163117
325,10,her,28.325940478967354
325,11,and,16.861998544925456
325,12,that,18.593649226263494
325,13,the,29.11889291160507
325,14,sender,24.878583864328913
325,15,was,24.265367167944056
325,16,only,15.423663360976107
325,17,jealous,18.766111192774257
325,18,were,14.337002310856576
325,19,Lucy's,18.40042802938684
325,20,mom's,16.872439213949455
325,21,"arguments,",15.880043644462294
325,22,in,17.141939394949315
325,23,an,22.631065131123535
325,24,effort,40.464566168328616
325,25,to,24.807763522209154
325,26,comfort,11.024694559547434
325,27,her,14.259279576718654
325,28,daughter.,14.05354066324329
326,1,Lucy's,0.0
326,2,mom,14.688048965984722
326,3,suddenly,29.513846404282106
326,4,felt,25.30906458711661
326,5,"guilty,",18.512922655238135
326,6,for,17.876195242549727
326,7,she,21.651405673696136
326,8,had,22.871788028877894
326,9,been,17.024873811516162
326,10,the,19.149594345547662
326,11,one,32.16010892759098
326,12,to,15.568240651666336
326,13,buy,15.021563827921986
326,14,the,12.301632245895304
326,15,phone,11.204540684477088
326,16,for,10.969007552662154
326,17,Lucy,13.05452107278947
326,18,just,11.095302235714101
326,19,a,25.85126680655924
326,20,couple,33.52498242493465
326,21,of,7.662736010139983
326,22,months,3.50828296666876
326,23,ago.,0.586134964901443
327,1,She,0.0
327,2,then,14.434198445727596
327,3,admitted,28.124628336783026
327,4,her,31.711338559312463
327,5,regret,29.919058511598287
327,6,about,25.50237446254761
327,7,the,18.65455767748632
327,8,phone,17.781982286493825
327,9,was,22.224639671425756
327,10,still,19.31720923901783
327,11,bugging,25.149132846591083
327,12,her,19.557787406653418
327,13,out,11.305658324757418
327,14,loud,16.207753473870287
327,15,as,17.475000993923
327,16,she,19.934749170786585
327,17,"sighed,",12.612515620584807
327,18,'I,17.13314037288298
327,19,never,20.210475798242136
327,20,should,19.231516773750737
327,21,have,22.925312367364718
327,22,given,14.04357009636699
327,23,you,16.652609003754446
327,24,that,17.39245965121682
327,25,phone,14.053314490941743
327,26,Lucy.',11.412192885796795
328,1,"'No,",0.0
328,2,it's,29.059476495869806
328,3,fine.,28.511191677335553
328,4,I,28.94745387640381
328,5,love,24.875337756287372
328,6,"it,'",27.76371483274548
328,7,said,24.76440653872375
328,8,Lucy,15.063735177792102
328,9,knowing,16.76485521947717
328,10,that,27.23609059102902
328,11,affording,19.46198100983944
328,12,the,31.409523281608255
328,13,phone,27.549661635343796
328,14,had,22.135888368413305
328,15,been,18.64575393933323
328,16,no,17.985027374238367
328,17,small,16.802272108964182
328,18,thing,19.436879534632276
328,19,for,10.559132396429032
328,20,her,6.901529783141656
328,21,mother.,5.871700344911548
329,1,It,0.0
329,2,had,12.605648632807663
329,3,been,9.5842096112729
329,4,nothing,11.234331637497617
329,5,but,10.527524734235634
329,6,trouble,15.958101458579517
329,7,though.,21.20281760702753
330,1,Lucy,0.0
330,2,did,10.147123618054847
330,3,not,13.891856659676556
330,4,know,19.154438408891863
330,5,who,17.26868716629496
330,6,it,19.262284429681657
330,7,was,18.73684561450537
330,8,that,11.510954767516452
330,9,was,15.17304236318363
330,10,sending,14.826034000433646
330,11,her,23.70529614187003
330,12,the,23.67502930210565
330,13,"messages,",27.404760727049222
330,14,and,21.967051344728272
330,15,she,19.807321355854366
330,16,did,12.553742602695337
330,17,not,18.347343993358514
330,18,know,10.261755364819255
330,19,how,13.524106157336613
330,20,they,11.134270916598163
330,21,had,16.153801989597753
330,22,got,13.92392090087402
330,23,her,10.620621925971772
330,24,"number,",9.685121877395813
330,25,but,13.119522727226201
330,26,whoever,7.024551667250816
330,27,it,14.243811427540535
330,28,"was,",22.38734226474777
330,29,he,9.925012260881923
330,30,or,9.387568233039744
330,31,she,27.02703463775345
330,32,had,8.325116450091809
330,33,slowly,10.40351588603245
330,34,taken,17.851669729178617
330,35,over,14.353104765641438
330,36,Lucy's,15.928013037715164
330,37,life.,6.543359486697183
331,1,She,0.0
331,2,was,10.805364512522335
331,3,getting,32.8667156000517
331,4,several,28.91952802148731
331,5,texts,34.60368293156068
331,6,a,19.27615835611809
331,7,day,32.68784452807388
331,8,"now,",18.11254790394277
331,9,all,17.59388073366155
331,10,of,25.247400186151918
331,11,which,21.465070576168706
331,12,were,15.568010560377314
331,13,abusive,13.425821361536716
331,14,and,10.160404559060016
331,15,hurtful.,8.533753835552286
332,1,Lucy,0.0
332,2,wondered,6.358881029556659
332,3,what,29.067942169875877
332,4,the,13.052449756738142
332,5,person,21.439272985058803
332,6,who,17.66342862586131
332,7,was,20.896093170545768
332,8,messaging,21.877093991878816
332,9,her,20.603636952225372
332,10,might,18.649047030885203
332,11,be,17.43261711649208
332,12,thinking,12.032084449886218
332,13,or,10.631955878258813
332,14,trying,27.46229501839802
332,15,to,22.699431471608737
332,16,achieve,17.99200040813037
332,17,with,20.03572400500405
332,18,all,16.163851046064053
332,19,of,18.927576563060178
332,20,their,14.374566635158272
332,21,hateful,10.087343539629877
332,22,messages.,6.368699561586224
333,1,As,0.0
333,2,the,11.718091575124536
333,3,car,12.60773512632793
333,4,pulled,18.09196880390583
333,5,up,27.68570934972424
333,6,outside,18.703444175950697
333,7,the,16.463190598575117
333,8,"school,",15.416225917494966
333,9,which,14.13726872218211
333,10,looked,24.542373367819856
333,11,like,24.505333012849075
333,12,a,20.034832356919807
333,13,large,19.587963160106334
333,14,shadow,18.242971506168196
333,15,in,16.871382998622558
333,16,the,17.732194426956273
333,17,darkness,12.673334060387736
333,18,of,10.5824026460527
333,19,a,18.106840568308105
333,20,November,19.780418566608816
333,21,"evening,",37.10280850339087
333,22,Lucy,15.012459595769407
333,23,felt,41.34918553660778
333,24,a,15.278037183704047
333,25,shiver,20.044411431827804
333,26,run,13.316271461430365
333,27,down,20.74454044889236
333,28,her,1.3341531104832345
333,29,spine.,1.4410648780035284
334,1,Hastened,0.0
334,2,by,12.855821476058738
334,3,"Jill,",13.650869065842762
334,4,who,16.863015865300973
334,5,did,25.085173444639782
334,6,not,20.92679633029539
334,7,want,23.061484032866318
334,8,to,24.62375714904766
334,9,be,20.770527562259264
334,10,late,23.549308307494087
334,11,to,17.095715056246075
334,12,her,20.35543877077584
334,13,own,23.160654593062734
334,14,"concert,",26.08876522980848
334,15,Lucy,27.700274823774247
334,16,hesitantly,19.298021016422997
334,17,stepped,17.131611976500906
334,18,out,20.315827673556345
334,19,of,21.46890947683283
334,20,the,10.814629911901182
334,21,car,8.381304881465077
334,22,and,4.649636060202908
334,23,walked,6.609348726313723
334,24,toward,7.54149721897762
334,25,the,4.432307596814332
334,26,school.,4.143691559958543
335,1,It,0.0
335,2,was,7.303561780758566
335,3,Jill,9.622362070557656
335,4,who,29.397635147354343
335,5,in,27.047208967888093
335,6,her,28.387208438423972
335,7,final,23.9935426333561
335,8,year,23.071486242870858
335,9,of,19.6258466815208
335,10,high,24.01133329268328
335,11,school,21.27037789573127
335,12,had,13.77067987665742
335,13,become,16.661306991387857
335,14,involved,16.972777170882104
335,15,in,20.057521221879462
335,16,helping,10.443148519376312
335,17,organize,14.978950783608791
335,18,this,11.661925685235156
335,19,year's,10.793267790306428
335,20,school,11.364614939501143
335,21,talent,16.265398194204312
335,22,"show,",17.79452160606173
335,23,and,9.894892032296559
335,24,she,17.81673714520669
335,25,took,10.255108544394734
335,26,her,10.641565951696013
335,27,position,24.634845115086616
335,28,very,17.883355632729245
335,29,seriously.,6.5299834750388275
336,1,Lucy,0.0
336,2,hurried,8.955336130301447
336,3,behind,16.23799995518837
336,4,"Jill,",25.73117192608825
336,5,pulling,34.16063532898528
336,6,on,33.994734328622286
336,7,the,28.11094333328857
336,8,"worn,",22.641429650798024
336,9,oversized,23.02760560042948
336,10,coat,16.39563637225982
336,11,that,14.278192768151628
336,12,had,14.380517328931138
336,13,originally,13.739533614356768
336,14,belonged,21.960299187617327
336,15,to,17.712951008679426
336,16,"Jill,",15.778494698565886
336,17,in,11.791587974009792
336,18,order,22.2189547956504
336,19,to,19.98516821202726
336,20,keep,9.108822775302997
336,21,her,8.923345707282408
336,22,dry,9.334897999361925
336,23,as,8.888238559576239
336,24,the,13.791092678876279
336,25,raindrops,24.775558387584006
336,26,fell,12.259777442858438
336,27,all,4.875688476070475
336,28,around,10.859718287560534
336,29,them.,1.2571317824360742
337,1,As,0.0
337,2,the,12.390576760667082
337,3,sisters,13.113445983606399
337,4,entered,19.533852774613322
337,5,the,26.003548073531018
337,6,hall,24.795957615937784
337,7,where,17.134296827223046
337,8,the,24.82011687881774
337,9,show,28.001902935984198
337,10,was,36.25833261604767
337,11,to,36.32336480277939
337,12,take,39.756844158817536
337,13,"place,",28.691477435603705
337,14,Jill,13.513931061772292
337,15,filled,22.301945507525456
337,16,with,28.4099282710097
337,17,excitement,43.401571943944695
337,18,while,19.926584428798318
337,19,Lucy,21.21189696618923
337,20,regretted,16.932748531361256
337,21,that,16.953819746317496
337,22,she,24.726249051633687
337,23,had,12.507009820126266
337,24,promised,10.359219626017428
337,25,her,10.910773185778801
337,26,mother,16.631626089796892
337,27,she,9.872363107171363
337,28,would,12.591022810986
337,29,participate,4.21894092644284
337,30,in,12.128774483819122
337,31,the,8.219830455889504
337,32,show.,6.471582427428264
338,1,'To,0.0
338,2,waste,25.90201811559416
338,3,your,42.175407284815876
338,4,talent,38.060437559653344
338,5,would,31.40845612925965
338,6,be,34.08880591493917
338,7,a,37.8043955504676
338,8,real,35.42540864212919
338,9,"shame,",38.18541881388788
338,10,for,23.98690039465689
338,11,you,27.361828353949036
338,12,have,26.229575004055413
338,13,such,29.433867076376913
338,14,a,28.3220074292226
338,15,beautiful,28.735955008328396
338,16,"voice,'",23.794758571645964
338,17,her,24.801118973836683
338,18,mother,37.79081503449523
338,19,had,17.05779177459251
338,20,argued,21.7765897196611
338,21,two,14.278374446324435
338,22,months,28.51069403209914
338,23,"back,",9.43482345657828
338,24,when,11.957221664963228
338,25,the,11.834995356809491
338,26,concert,21.279837885417884
338,27,was,12.471077407959571
338,28,first,8.77050029791508
338,29,announced.,5.2367204545831525
339,1,Lucy,0.0
339,2,had,3.7386132109734067
339,3,been,20.086819476852018
339,4,considering,8.51792164747241
339,5,"it,",16.24750595224951
339,6,for,14.332512542522068
339,7,she,19.581067504971074
339,8,did,23.391866166324622
339,9,love,18.305782612206432
339,10,to,10.403257815315913
339,11,sing.,14.852811619899732
340,1,That,0.0
340,2,very,11.065753813165264
340,3,"night,",14.572155361013102
340,4,the,15.810432167051834
340,5,first,13.802815823871379
340,6,text,18.230502205037027
340,7,message,23.16917296900238
340,8,had,13.932712116540344
340,9,come,16.395772184809424
340,10,through.,6.331206444652106
341,1,'How,0.0
341,2,does,26.454107190365498
341,3,it,21.9980318909959
341,4,feel,24.894800344954913
341,5,to,20.70925461530577
341,6,be,20.413641547939626
341,7,tall,16.509772357535283
341,8,and,18.596875900265488
341,9,lanky,23.870352481690063
341,10,like,22.496860841002263
341,11,a,21.195012045431135
341,12,giraffe?',19.904457124814936
341,13,it,11.92175505336254
341,14,had,36.97473930872178
341,15,"asked,",29.6038158308511
341,16,taking,13.538376192064725
341,17,Lucy,11.15647358122937
341,18,by,20.472097226935123
341,19,surprise.,5.5405770108612185
342,1,One,0.0
342,2,of,10.219202234962054
342,3,the,13.524830204296745
342,4,popular,14.816076290940014
342,5,"girls,",12.396978126914847
342,6,Lucy,24.05917559848295
342,7,had,29.234911827435674
342,8,always,43.447852314058146
342,9,known,48.21292910020692
342,10,she,39.47104012194336
342,11,"wasn't,",33.88694622299016
342,12,but,21.709441154736297
342,13,before,13.729218127204764
342,14,the,19.288354032851732
342,15,messages,24.063265689885764
342,16,"began,",20.789575490006662
342,17,Lucy,17.878673448055167
342,18,had,9.899359198348623
342,19,always,10.856263165006146
342,20,been,11.251440740328341
342,21,quite,15.362505395173628
342,22,proud,15.379123874497104
342,23,of,14.710911683906568
342,24,being,9.269536529003684
342,25,a,16.093181817575367
342,26,little,5.563696076691946
342,27,different.,2.3741823717802926
343,1,But,0.0
343,2,text,5.783497248691253
343,3,by,18.970734796407452
343,4,"text,",13.830864388409267
343,5,Lucy's,29.191012954833305
343,6,self-confidence,29.13475287219583
343,7,had,34.72442631829964
343,8,deflated,31.08607056562936
343,9,"and,",18.918774989469984
343,10,in,18.97302867950683
343,11,the,21.817066994737324
343,12,"end,",30.42807399938971
343,13,it,19.621468374067426
343,14,had,18.16230566651642
343,15,taken,19.16630376069778
343,16,some,36.055927991694944
343,17,doing,25.847167721001227
343,18,to,21.425191196090974
343,19,get,14.01729727419709
343,20,her,11.211174630387855
343,21,to,6.547247762169576
343,22,agree,7.598037517449252
343,23,to,12.283564842297826
343,24,perform,7.01846540277895
343,25,in,9.090563405476797
343,26,the,9.32195540197558
343,27,show.,6.442873362679976
344,1,"Now,",0.0
344,2,"however,",7.728765495376344
344,3,Lucy,10.026207431747432
344,4,had,16.11678004751953
344,5,no,19.804090575766587
344,6,choice,20.88428703451633
344,7,but,20.588430439716564
344,8,to,11.852957102260783
344,9,make,7.652019409060625
344,10,her,15.19350475149413
344,11,way,12.756869581053977
344,12,towards,16.561884019779004
344,13,the,9.025829690604807
344,14,stage,13.943737451334869
344,15,where,15.197145758574342
344,16,Jill,13.569784674163365
344,17,was,21.680677757746242
344,18,beckoning,18.62483983321578
344,19,encouragingly,14.582355113246377
344,20,to,12.400798207739186
344,21,her.,4.759383228104738
345,1,She,0.0
345,2,was,5.231498980759569
345,3,the,19.09179888779461
345,4,first,15.516605311497553
345,5,performer.,14.327803270580478
346,1,"Lucy,",0.0
346,2,announced,9.21502236586765
346,3,by,31.097179226018227
346,4,her,20.825452457586763
346,5,sister,16.587265074282975
346,6,to,16.676438250737995
346,7,the,21.146726196374892
346,8,"audience,",17.64544345415601
346,9,was,15.5739644062697
346,10,all,19.137886099893308
346,11,nerves,26.905208353519836
346,12,as,21.002447499813307
346,13,she,21.28595539631582
346,14,walked,15.216873528366138
346,15,out,18.522091383572015
346,16,onto,21.242772197268266
346,17,the,14.326868523375209
346,18,middle,12.424435060384853
346,19,of,27.027380002429634
346,20,the,16.002003652596834
346,21,"stage,",10.898567022134296
346,22,where,8.412450887135368
346,23,there,12.02013247122523
346,24,was,15.409272388854076
346,25,nothing,20.496774031294414
346,26,but,19.896761230374366
346,27,a,19.42253393771417
346,28,microphone,12.66895163475604
346,29,and,10.061568096996634
346,30,her.,5.295335924681284
347,1,She,0.0
347,2,heard,15.15993358756089
347,3,the,33.34308002571754
347,4,audience,33.15589273265725
347,5,applaud,24.63620103974216
347,6,and,14.66301229061573
347,7,could,16.62301798862723
347,8,feel,28.908497269239284
347,9,a,18.05195177321391
347,10,sense,17.558336713744602
347,11,of,17.45788076596455
347,12,anticipation,12.025849326368343
347,13,emanate,10.422882519129724
347,14,from,21.70469817419514
347,15,the,9.134391309707011
347,16,other,6.478353142038275
347,17,side,16.752279235357886
347,18,of,9.275603335250942
347,19,the,3.3680127720334854
347,20,heavy,2.511205140120289
347,21,curtain.,14.838758216802791
348,1,As,0.0
348,2,the,10.187835351167092
348,3,curtains,9.343841498947514
348,4,began,30.08495091282874
348,5,to,22.237153473067835
348,6,"part,",25.987349285620226
348,7,she,16.653387931990803
348,8,cast,21.548525050010724
348,9,a,22.136463349410803
348,10,worried,19.011656950293027
348,11,look,25.076206419708615
348,12,at,15.654954529958594
348,13,Jill,11.57349250713114
348,14,in,13.467526444942512
348,15,the,19.866178860221076
348,16,"wings,",18.32946265617867
348,17,who,9.655008618138652
348,18,assured,11.133340485082536
348,19,her,28.076694294362497
348,20,with,18.04950191259912
348,21,a,25.42119050634951
348,22,positive,24.087429414909337
348,23,thumbs,21.552817170138912
348,24,up.,12.575858042080178
349,1,Lucy,0.0
349,2,thought,8.683979152047693
349,3,to,11.861978624194442
349,4,herself,13.489290161478596
349,5,that,18.021709763444747
349,6,she,11.240550788126791
349,7,could,10.842085345225644
349,8,not,9.28267705154888
349,9,go,14.032399377113448
349,10,through,15.275427655336724
349,11,with,18.042950437743897
349,12,this,19.717196771374777
349,13,and,13.603463209015322
349,14,that,13.473669299768199
349,15,"she,",15.561623490187403
349,16,unlike,18.28852637821789
349,17,her,18.027789006187447
349,18,older,22.082597179282015
349,19,"sister,",21.38880565431444
349,20,was,13.991772197659165
349,21,not,9.222698032192524
349,22,confident,11.581508543245446
349,23,enough,15.391476831380384
349,24,to,17.039700075758372
349,25,put,5.5923704001050005
349,26,herself,10.716676588475762
349,27,before,17.45725732952698
349,28,the,16.69465679752606
349,29,judging,17.748402176775514
349,30,audience.,14.921541914974881
350,1,The,0.0
350,2,crowd,8.212038120162042
350,3,looked,25.659468231359924
350,4,up,21.44093485341409
350,5,at,18.921704950403576
350,6,her,19.84516966382107
350,7,and,24.137287538765072
350,8,Lucy,22.051095590075764
350,9,was,23.825775449248592
350,10,ready,19.622151612769184
350,11,to,19.44956154068136
350,12,run,14.168173144628904
350,13,when,12.768407563883976
350,14,the,15.119949212074808
350,15,first,23.956692856660307
350,16,notes,24.097582871562786
350,17,of,17.41287015451134
350,18,the,26.64383729528891
350,19,music,19.842452961374548
350,20,sounded,11.465588759289691
350,21,out,7.309402507749579
350,22,and,12.422572077129985
350,23,a,10.403074683352264
350,24,sudden,14.095224425838934
350,25,calm,11.482970368630706
350,26,settled,14.902619844601652
350,27,over,5.761952933647549
350,28,her.,2.280679407595527
351,1,She,0.0
351,2,closed,11.779113771373074
351,3,her,31.41597727454718
351,4,eyes,27.98962126792512
351,5,and,11.293618270824973
351,6,shut,14.812719705543126
351,7,everything,22.146467021267878
351,8,"out,",19.35389683607386
351,9,including,16.36404677093199
351,10,the,20.588052249867317
351,11,"audience,",18.028126393152778
351,12,the,20.681783009565862
351,13,nerves,25.174126031847237
351,14,that,20.600461894516467
351,15,threatened,28.140837529644195
351,16,to,22.352353063549728
351,17,take,15.076243916694898
351,18,"over,",19.254715231366582
351,19,the,20.387734221149557
351,20,text,18.347722199331137
351,21,"messages,",26.80329471975589
351,22,and,12.96898260858092
351,23,the,10.54857896120245
351,24,way,5.300141315778199
351,25,they,14.488862255267712
351,26,made,13.529639807960894
351,27,her,21.256177187814348
351,28,feel.,3.310413717837901
352,1,It,0.0
352,2,was,8.790116525201167
352,3,just,11.698302563385656
352,4,her,12.948771907474656
352,5,and,13.750338671622284
352,6,the,15.47975222413573
352,7,"music,",12.889976005143705
352,8,and,15.493250067510383
352,9,it,15.854002853760697
352,10,was,16.203108738418432
352,11,a,11.043990526585807
352,12,love,13.364412580535785
352,13,story,19.05956216949616
352,14,that,6.948850519305835
352,15,had,11.63560526686663
352,16,been,9.826565370089972
352,17,going,15.569651702135943
352,18,on,9.399418395284194
352,19,her,4.36148573422686
352,20,whole,17.273120829320465
352,21,life.,3.417298572456151
353,1,She,0.0
353,2,began,15.15993358756089
353,3,to,31.17994759657246
353,4,"sing,",25.884962940073397
353,5,and,30.484961920817533
353,6,all,21.252557956357784
353,7,the,21.614577480823026
353,8,pain,26.014428555937855
353,9,and,25.681354399543423
353,10,confusion,37.85621706185594
353,11,that,21.540700742305386
353,12,the,27.839493011451065
353,13,messages,40.81651538034681
353,14,had,27.891059472568177
353,15,been,25.479858192927015
353,16,causing,41.68661392019724
353,17,inside,26.5520016285436
353,18,her,32.45009918073367
353,19,just,18.07550915593488
353,20,flowed,12.161544722195968
353,21,out.,4.5314763449787
354,1,The,0.0
354,2,words,5.755206790554925
354,3,were,13.025956001355377
354,4,not,18.589298258677147
354,5,"important,",32.02161792018322
354,6,for,16.481954593714853
354,7,it,15.006480433493365
354,8,was,18.611323560825195
354,9,the,11.149835550730645
354,10,feeling,19.96960414221285
354,11,behind,10.594324515657256
354,12,them,21.883169171531385
354,13,that,14.069943716493668
354,14,she,5.741011278059214
354,15,latched,13.774453396370122
354,16,onto.,11.403327961120723
355,1,Lucy,0.0
355,2,was,4.63791771560637
355,3,in,16.714777139216284
355,4,the,20.32559898543138
355,5,heart,16.134507159257215
355,6,of,23.76498783733583
355,7,the,14.260250162152413
355,8,song,12.61118862394858
355,9,with,12.46741227796125
355,10,the,23.170000366786766
355,11,rest,15.963331268260688
355,12,of,20.99484112637336
355,13,the,15.014338675525504
355,14,world,14.077659728873543
355,15,slipping,17.058944106723413
355,16,away.,8.54836116453633
356,1,When,0.0
356,2,the,9.019238691986635
356,3,song,15.44951659922248
356,4,finished,15.143915123459529
356,5,and,18.928172186006623
356,6,the,18.15477063362983
356,7,last,25.201076809626837
356,8,note,25.144040612281685
356,9,died,19.5578166007084
356,10,"away,",10.517809579398754
356,11,she,10.552259934766578
356,12,opened,10.094037265635192
356,13,her,17.219372715876194
356,14,eyes.,7.470414056800113
357,1,To,0.0
357,2,see,7.52501696096857
357,3,the,13.427610819521112
357,4,whole,14.086192239637306
357,5,audience,17.895386743563844
357,6,on,26.475595046729598
357,7,their,40.22708961374833
357,8,feet,37.86993057147478
357,9,and,18.25011854619444
357,10,the,21.770593950310335
357,11,hall,26.28643597257717
357,12,filled,25.75117168106793
357,13,with,26.312228146233572
357,14,cheers,20.64301597027825
357,15,and,20.44110557569398
357,16,applause,25.541396433868382
357,17,was,26.220588523586866
357,18,not,12.090180498378999
357,19,what,9.385131400110755
357,20,Lucy,24.196329468324343
357,21,had,9.387776531574037
357,22,expected.,2.22848365225969
358,1,Lucy,0.0
358,2,allowed,5.635205551950098
358,3,herself,22.492305901991994
358,4,to,24.59468649161569
358,5,enjoy,15.819921223821863
358,6,the,13.424948872051058
358,7,sense,14.394343594675444
358,8,of,16.43106765754913
358,9,achievement,15.173447339330748
358,10,and,13.115130709530877
358,11,belonging,16.173725910977318
358,12,that,17.005426120845755
358,13,she,12.230741330426039
358,14,had,11.06280746013526
358,15,not,11.8067738862217
358,16,felt,16.131574052922172
358,17,in,8.301901945352563
358,18,a,6.296270379375113
358,19,very,9.635296047313624
358,20,long,4.210267031569692
358,21,time.,0.05472378313614043
359,1,Then,0.0
359,2,she,11.910984564609848
359,3,saw,18.582472955195005
359,4,her,13.698875615074003
359,5,"mother,",15.38539252388298
359,6,who,23.61755639781429
359,7,was,27.320616237314105
359,8,cheering,16.535100801471465
359,9,the,24.138949192142043
359,10,loudest,26.745988793151533
359,11,of,16.42310292600936
359,12,all,27.548127464106773
359,13,in,19.436715296575162
359,14,the,25.10071555979392
359,15,"crowd,",17.752474943613485
359,16,and,15.402605557979403
359,17,"Jill,",8.23868584838745
359,18,who,28.82251190945608
359,19,was,14.234198106587185
359,20,beaming,15.543319715246916
359,21,at,9.05852435301961
359,22,her,10.050288834856664
359,23,with,13.937314692057674
359,24,pride,18.963418797198784
359,25,from,16.1257512725895
359,26,the,13.432198066412877
359,27,wings.,5.748944325658455
360,1,She,0.0
360,2,knew,14.68255515218556
360,3,she,30.398309150110908
360,4,owed,25.264352709527948
360,5,them,11.743588605054224
360,6,big,9.670849483280708
360,7,time,15.94362404502121
360,8,for,9.162020967503063
360,9,reminding,13.089869870899859
360,10,her,18.207278678262586
360,11,what,13.35504637312305
360,12,she,11.590312851091065
360,13,was,13.309263409082645
360,14,capable,15.993669937654094
360,15,of,15.606172258355095
360,16,and,8.642022132868986
360,17,who,12.272836911189536
360,18,she,9.196644861427293
360,19,really,8.44200856802759
360,20,was.,3.9209754439116598
361,1,The,0.0
361,2,next,8.110811883586607
361,3,time,16.075607744868275
361,4,her,19.310244543597165
361,5,phone,30.683851601373128
361,6,bleeped,45.6581065276871
361,7,she,19.740772239146377
361,8,would,21.880246218890814
361,9,tap,13.285166188943991
361,10,the,12.775824906892797
361,11,message,13.196238238251272
361,12,straight,11.196638339643918
361,13,into,15.945042880392998
361,14,oblivion,10.031601269881863
361,15,where,7.533477792588128
361,16,it,17.236212450880004
361,17,belonged.,9.102067080455178
362,1,The,0.0
362,2,Roswell,8.671707158012726
362,3,UFO,27.260149287053878
362,4,Incident,22.264762191976143
362,5,was,13.179859148028882
362,6,the,16.895908493183065
362,7,alleged,19.220963061067767
362,8,recovery,24.846313018223185
362,9,of,25.02154455034778
362,10,extra-terrestrial,22.68759039622888
362,11,"debris,",24.64076715762474
362,12,including,15.449714852223263
362,13,alien,14.19242446122273
362,14,"corpses,",15.867970693473412
362,15,from,12.538434056104448
362,16,an,31.994883673935515
362,17,object,22.066706998114825
362,18,that,19.031634917220625
362,19,crashed,17.608710281697498
362,20,near,22.658289789931022
362,21,"Roswell,",28.708795454359564
362,22,New,17.86220531918975
362,23,"Mexico,",27.785537361973706
362,24,on,14.062975043974202
362,25,or,19.353391749900567
362,26,about,51.33281443074857
362,27,July,24.541020082694917
362,28,"eighth,",21.51189039673887
362,29,nineteen,26.554684836025253
362,30,forty-seven.,28.54064467101099
363,1,Since,0.0
363,2,the,19.3334833553297
363,3,late,12.392461002589936
363,4,nineteen,31.30838819583778
363,5,"seventies,",23.11188079697925
363,6,the,10.453881978114492
363,7,incident,19.296834260889632
363,8,has,28.65061543265027
363,9,been,19.59649064037756
363,10,the,17.92839358942394
363,11,subject,37.797829897792596
363,12,of,22.26181892388494
363,13,intense,15.808132372048835
363,14,controversy,18.63599781500424
363,15,and,8.932452183271135
363,16,the,13.319743182661885
363,17,subject,15.276725460605194
363,18,of,15.176952437121116
363,19,conspiracy,8.715308258778503
363,20,theories,17.85951257473266
363,21,as,7.1193279618849195
363,22,to,18.694793369339045
363,23,the,25.81137371892679
363,24,true,19.7220954922834
363,25,nature,13.066547212922377
363,26,of,5.767367121494782
363,27,the,4.693718226002664
363,28,object,5.347966846551334
363,29,that,9.7535805702132
363,30,crashed.,13.68164303541803
364,1,The,0.0
364,2,United,8.036113626941459
364,3,States,55.37729775438558
364,4,military,15.83758599184861
364,5,maintains,19.93788009344771
364,6,the,23.384242841844642
364,7,debris,21.45287603882012
364,8,recovered,28.805343924065266
364,9,was,18.95012845861818
364,10,from,17.82843711150874
364,11,an,15.452304416495135
364,12,experimental,16.729793266930585
364,13,high-altitude,15.009125773888696
364,14,surveillance,20.90497720309898
364,15,balloon,17.26860276580905
364,16,that,12.004953574024416
364,17,belonged,15.700077650312217
364,18,to,23.18287572970554
364,19,a,21.75870259150293
364,20,classified,15.969216382898997
364,21,program,11.13840442018418
364,22,named,13.656544525567982
364,23,'Mogul'.,17.201677320829646
365,1,"However,",0.0
365,2,many,8.944371892343641
365,3,UFO,16.174385636426027
365,4,proponents,18.89964611163861
365,5,maintain,20.139195073345775
365,6,"that,",20.30738249706067
365,7,in,15.796972933782298
365,8,"fact,",29.57426180274274
365,9,a,21.01837312015549
365,10,crashed,31.536431493956552
365,11,alien,53.876498428647196
365,12,craft,17.486798439454116
365,13,and,11.20222857121672
365,14,bodies,24.54279144689519
365,15,were,18.962417790654136
365,16,"recovered,",13.641634543396009
365,17,and,19.23560964643549
365,18,that,14.741535962738478
365,19,the,7.931241823058334
365,20,military,8.674331500401278
365,21,then,10.631972133306547
365,22,engaged,10.410880376622877
365,23,in,17.585404079638117
365,24,a,16.518742601766697
365,25,cover-up.,12.635700916153406
366,1,The,0.0
366,2,incident,8.110811883586607
366,3,has,26.802109698828794
366,4,turned,27.50418802509663
366,5,into,31.880586600035226
366,6,a,21.892225240480037
366,7,widely,17.532802987016783
366,8,known,21.71705493417915
366,9,pop,19.26473415056055
366,10,culture,29.350087318848615
366,11,"phenomenon,",19.525434632312383
366,12,making,11.15452299162449
366,13,the,14.853158967079054
366,14,name,15.328114787653604
366,15,Roswell,23.9318489523451
366,16,synonymous,15.403747614146916
366,17,with,15.979195015156996
366,18,UFOs.,6.170318861502482
367,1,It,0.0
367,2,ranks,10.86597945385363
367,3,as,34.74075000861062
367,4,one,35.07232258448037
367,5,of,30.353825149534643
367,6,the,10.181157178842763
367,7,most,7.2132740922324645
367,8,publicized,8.731544447541399
367,9,and,8.380663089238562
367,10,controversial,16.7507368626982
367,11,alleged,8.047542605017558
367,12,UFO,12.976857604141758
367,13,incidents.,8.583493723350971
368,1,On,0.0
368,2,July,5.908145458522393
368,3,"ninth,",25.843925127855115
368,4,nineteen,23.123402086743198
368,5,"forty-seven,",36.97285573591893
368,6,a,53.08777389926021
368,7,press,40.31024907285063
368,8,release,46.438656839916646
368,9,that,48.312444453371576
368,10,Roswell,33.25347775254862
368,11,Army,48.33104656984119
368,12,Air,35.79765455598437
368,13,Field,45.70036593267446
368,14,issued,40.25918316723885
368,15,stated,36.89438523330759
368,16,that,24.966597727232298
368,17,personnel,21.587824784061556
368,18,from,23.78087476695603
368,19,the,41.708330701593006
368,20,field's,28.820592034877752
368,21,Bomb,25.36427122227297
368,22,Group,35.797946292304815
368,23,had,29.94183270682506
368,24,recovered,24.48964112767833
368,25,a,22.49470356318502
368,26,crashed,18.204867177840622
368,27,'flying,14.530762028408743
368,28,disc',21.135933707279033
368,29,from,12.214457835685241
368,30,a,11.267692034004995
368,31,ranch,10.57144274528237
368,32,near,18.596437306884585
368,33,"Roswell,",12.235065504324636
368,34,sparking,24.576956766547884
368,35,intense,30.804129370613555
368,36,media,19.17669374455351
368,37,interest.,3.595697554849548
369,1,Later,0.0
369,2,the,15.988090589358418
369,3,same,16.610005996241263
369,4,"day,",10.748884206100431
369,5,the,24.27960326834537
369,6,Commanding,28.24598995815618
369,7,General,73.19261062258192
369,8,of,45.90445929229721
369,9,the,41.59819077083154
369,10,Eighth,36.66491349028641
369,11,Air,23.227026750371905
369,12,Force,34.38554073914557
369,13,stated,24.60033130618231
369,14,"that,",30.076511294194276
369,15,in,19.768227205564816
369,16,"fact,",20.247681826250275
369,17,a,15.318975952054226
369,18,weather,20.420102183708444
369,19,balloon,46.0058535989182
369,20,had,17.549301903463935
369,21,been,13.869320480376892
369,22,recovered,15.061335020163408
369,23,by,11.01899948036387
369,24,the,13.92372005469733
369,25,Roswell,15.530256512339427
369,26,Army,15.98080302472666
369,27,Air,19.710565991019678
369,28,Field,18.617315554619328
369,29,"personnel,",16.13450248750974
369,30,rather,12.742503921956562
369,31,than,24.52311407675359
369,32,a,15.903034066220476
369,33,'flying,25.956005155264336
369,34,saucer'.,22.2022942069459
370,1,A,0.0
370,2,subsequent,5.0491478398415435
370,3,press,22.964013553420425
370,4,conference,32.17683282153052
370,5,was,20.36427268113524
370,6,"called,",30.694523468824467
370,7,featuring,33.78979876995825
370,8,debris,15.942746030592893
370,9,from,31.85518714876207
370,10,the,31.377568690099633
370,11,crashed,28.671441575016257
370,12,object,18.956153542949227
370,13,that,15.99654710528833
370,14,confirmed,19.834897524358773
370,15,the,24.48741787032942
370,16,weather,15.621409281661055
370,17,balloon,15.021974882580922
370,18,description.,13.135702775746122
371,1,The,0.0
371,2,case,8.110811883586607
371,3,was,24.716995049464494
371,4,quickly,49.54403251015295
371,5,forgotten,46.97933503778589
371,6,and,21.91643751701212
371,7,almost,21.067536053858845
371,8,completely,32.983489670204406
371,9,"ignored,",19.7530628503033
371,10,even,13.76615817329443
371,11,by,16.49015243698895
371,12,UFO,13.922486173230403
371,13,"researchers,",19.533447046042106
371,14,for,16.376698639708735
371,15,more,27.33483064640358
371,16,than,18.893678303912466
371,17,thirty,2.1257956687936077
371,18,years.,2.018901217566533
372,1,"Then,",0.0
372,2,in,6.613330737369391
372,3,nineteen,14.610683602389994
372,4,"seventy-eight,",22.449526249485775
372,5,nuclear,22.101634239875658
372,6,physicist,44.507649910589045
372,7,and,42.44349418494612
372,8,author,46.263426468674936
372,9,Stanton,33.08092721497266
372,10,Friedman,16.87258119637666
372,11,interviewed,16.17904081982392
372,12,Jesse,14.611666773460398
372,13,"Marcel,",13.728590745243332
372,14,the,16.55705919161941
372,15,only,30.11090849617407
372,16,person,29.665320183148562
372,17,known,16.401797811960716
372,18,to,28.173103522614497
372,19,have,11.947689612530484
372,20,accompanied,9.590529291135963
372,21,the,20.676150405767455
372,22,Roswell,17.98669694419174
372,23,debris,19.7777588898472
372,24,from,15.257070885554713
372,25,where,17.25207638722595
372,26,it,25.303792418645976
372,27,was,14.291647406259711
372,28,recovered,12.917606774108915
372,29,to,9.57458757160532
372,30,Fort,22.682738654799845
372,31,Worth.,12.95006011446528
373,1,Over,0.0
373,2,the,9.178976178108012
373,3,next,9.878649412994857
373,4,few,21.885196481521927
373,5,"years,",16.088443670015423
373,6,the,18.644155951783823
373,7,accounts,23.35167693800353
373,8,he,40.98812496859315
373,9,and,39.60287441186249
373,10,others,70.25898220195505
373,11,gave,53.58065794647204
373,12,elevated,34.5404230260461
373,13,Roswell,45.833879127980225
373,14,from,38.44466740735222
373,15,a,47.24876641766371
373,16,forgotten,54.54538060990092
373,17,incident,44.69844924508902
373,18,to,36.406664610473705
373,19,perhaps,20.56835119650544
373,20,the,26.411402402713367
373,21,most,27.58309051856742
373,22,famous,18.669036139063902
373,23,UFO,13.176339520391746
373,24,case,17.63686591349724
373,25,of,3.652973154731932
373,26,all,5.934657832706631
373,27,time.,1.4148142258606045
374,1,By,0.0
374,2,the,7.002529540063737
374,3,early,11.649945169546656
374,4,nineteen,35.2169519106714
374,5,"nineties,",22.699221668898055
374,6,UFO,8.159111792224557
374,7,researchers,20.155310062709933
374,8,had,43.268189498449246
374,9,interviewed,38.741355334039504
374,10,several,41.39879976084868
374,11,hundred,38.61902345104368
374,12,people,37.471314616881834
374,13,who,25.7061738070798
374,14,"had,",32.04083259585954
374,15,or,29.645331762900465
374,16,who,46.78367529352819
374,17,claimed,42.85320187038573
374,18,to,41.72376090441155
374,19,have,39.086837533494645
374,20,"had,",33.086825929676536
374,21,a,29.36572896358748
374,22,connection,29.912920869996707
374,23,with,25.84905552618963
374,24,the,17.93894774818691
374,25,events,14.723512360972393
374,26,at,17.650188892839818
374,27,Roswell,15.504290307356015
374,28,in,10.035945282247958
374,29,nineteen,24.659615630508217
374,30,forty-seven.,21.18000470025275
375,1,"Additionally,",0.0
375,2,hundreds,6.8060806372891856
375,3,of,29.76838210342027
375,4,documents,20.449289251897216
375,5,were,21.200691557497564
375,6,obtained,21.088968058857077
375,7,by,13.167912717152
375,8,Freedom,19.61936530034472
375,9,of,27.010086018249233
375,10,Information,30.181635431560196
375,11,Act,12.368667428570296
375,12,"requests,",15.291528972080137
375,13,as,10.063755608490547
375,14,were,17.37936819478447
375,15,some,28.032660850710286
375,16,that,16.866798238089352
375,17,insiders,21.440713965884115
375,18,apparently,24.936256234233102
375,19,leaked.,11.350191805279787
376,1,Their,0.0
376,2,conclusions,13.088782295611464
376,3,were,17.96522790917899
376,4,that,20.41976155057058
376,5,at,23.166484256732286
376,6,least,34.599835163712925
376,7,one,27.509749772042884
376,8,alien,28.633299531430797
376,9,craft,50.72689461427452
376,10,had,63.04902872924762
376,11,crashed,41.40094318062639
376,12,in,23.59826604977159
376,13,the,20.375290577680115
376,14,Roswell,20.317216508032665
376,15,"vicinity,",21.26276092386046
376,16,that,16.327564359927354
376,17,"aliens,",15.955648674259658
376,18,some,22.240583957260018
376,19,possibly,27.063391283085608
376,20,still,27.111551396700694
376,21,"alive,",35.2299221381455
376,22,were,28.81036507579528
376,23,"recovered,",14.011755676093276
376,24,and,29.21400144581751
376,25,that,12.63877375973589
376,26,a,8.224886895637882
376,27,massive,16.823536447001196
376,28,cover-up,13.951441244884846
376,29,of,17.08573594700494
376,30,any,31.46053858266863
376,31,knowledge,23.878965648286233
376,32,of,23.14747153168374
376,33,the,21.26157589621529
376,34,incident,16.74750238901427
376,35,was,14.053786801655711
376,36,put,8.54786783230233
376,37,in,8.558081719359722
376,38,place.,2.462521938963264
377,1,Numerous,0.0
377,2,"books,",14.281521879320042
377,3,"articles,",31.360576847190046
377,4,television,31.793169624419495
377,5,specials,32.860228414461155
377,6,and,25.82474536465692
377,7,even,23.917219398634277
377,8,a,21.0371766874283
377,9,made-for-TV,22.27182728226925
377,10,movie,24.985075156280033
377,11,brought,18.912806998004562
377,12,the,29.618085045974393
377,13,nineteen,27.675064999497042
377,14,forty-seven,37.94443723944687
377,15,incident,19.802869025993168
377,16,fame,22.37952817119955
377,17,and,21.088696304770885
377,18,"notoriety,",21.09288294293433
377,19,so,21.731849419252153
377,20,that,20.98736571772204
377,21,by,20.106058144108133
377,22,the,43.58201809753261
377,23,mid,52.7593438333827
377,24,nineteen,45.32089397963725
377,25,"nineties,",47.67404955064498
377,26,strong,24.935609473992123
377,27,majorities,33.98382249162841
377,28,in,28.135280114510962
377,29,"polls,",34.96976328888026
377,30,such,34.23754412701209
377,31,as,49.40176315139489
377,32,a,38.25538023299718
377,33,nineteen,39.57547659205426
377,34,ninety-seven,48.169978432452254
377,35,CNN,49.785951175062856
377,36,Time,47.93334032285444
377,37,"poll,",46.57151135241852
377,38,believed,43.15237182650522
377,39,that,44.27947109551585
377,40,aliens,33.379910674717884
377,41,had,29.31770114762657
377,42,visited,25.987554872068728
377,43,earth,23.082418363068616
377,44,and,17.17548202454227
377,45,specifically,17.327984948935104
377,46,that,21.487474922704795
377,47,aliens,27.303098726744935
377,48,had,25.426098735345857
377,49,landed,22.646440677049466
377,50,at,24.17335758374306
377,51,Roswell,28.568858416823346
377,52,and,17.20936794091165
377,53,the,15.935504882466267
377,54,government,19.84764182574867
377,55,was,24.092256196180504
377,56,covering,13.800891964468464
377,57,up,14.198031763081342
377,58,the,11.088206976699682
377,59,fact.,5.496033157320311
378,1,During,0.0
378,2,the,9.374204004061438
378,3,nineteen,11.570788434660539
378,4,eighties,36.349737138410646
378,5,and,13.36690885496848
378,6,nineteen,47.78331317068126
378,7,"nineties,",40.10338662056633
378,8,a,21.14053477794817
378,9,new,16.377136370489158
378,10,narrative,13.494835204609885
378,11,emerged,12.409168536679811
378,12,which,15.770701756196498
378,13,was,18.3389341975906
378,14,at,13.253231767775638
378,15,strong,26.577847573650683
378,16,odds,38.075899186926875
378,17,with,26.449486537859226
378,18,what,15.291372889762794
378,19,was,29.150002503979884
378,20,reported,19.380799582323753
378,21,in,19.776744065907348
378,22,nineteen,12.565093910450354
378,23,forty-seven.,27.947903070842194
379,1,This,0.0
379,2,narrative,9.705264415596913
379,3,evolved,15.646080386407808
379,4,over,21.025990763833533
379,5,the,23.5480121172502
379,6,years,21.952993590335904
379,7,from,14.381458503987984
379,8,the,13.777752233217527
379,9,time,19.37084138375446
379,10,the,20.33571242521537
379,11,first,23.948499001233927
379,12,book,32.808109760047785
379,13,on,23.68991706626891
379,14,Roswell,30.61179220352716
379,15,was,27.247769029940194
379,16,published,20.2653676943985
379,17,in,14.922130983434085
379,18,nineteen,22.287040846066745
379,19,"eighty,",29.93969825701749
379,20,as,17.686235696646687
379,21,many,20.77176398853198
379,22,new,21.033913854073962
379,23,witnesses,23.320219317236862
379,24,and,16.204744970609827
379,25,accounts,24.32823156173177
379,26,"emerged,",13.629915564949348
379,27,drawn,12.572064003170306
379,28,out,16.273127114688304
379,29,in,15.591216221110281
379,30,part,15.808860750821985
379,31,by,18.698231142639674
379,32,the,8.9838282555629
379,33,publicity,9.22138784887584
379,34,on,12.643961927445913
379,35,the,17.072119246487457
379,36,incident.,7.511173317250742
380,1,Of,0.0
380,2,the,8.18068499497915
380,3,hundreds,9.099352338342152
380,4,of,23.037965921308782
380,5,witnesses,26.827351506504606
380,6,that,38.880309125262905
380,7,the,39.00449736749431
380,8,various,61.5712467338342
380,9,researchers,53.774605619563765
380,10,"interviewed,",48.721719048875116
380,11,a,28.988722661322196
380,12,seemingly,31.591991284737542
380,13,impressive,52.36077193322067
380,14,"figure,",28.146633215991287
380,15,a,34.111761041289114
380,16,comparable,38.303072725784574
380,17,few,37.75732720959248
380,18,were,20.290943986832406
380,19,true,19.870491862637245
380,20,'witnesses',26.985490080669823
380,21,who,19.345175916972465
380,22,claimed,15.652304224907834
380,23,to,17.75151147127468
380,24,have,14.02893964377809
380,25,actually,8.511373297864424
380,26,seen,10.321017346012358
380,27,debris,6.757081441314514
380,28,or,11.515776139899655
380,29,aliens.,9.7891609962037
381,1,Most,0.0
381,2,of,9.79708251323955
381,3,these,14.793469859414701
381,4,so-called,13.720475346152488
381,5,witnesses,19.270173058898422
381,6,were,21.298532014621127
381,7,repeating,15.043635952346731
381,8,the,28.154037972019843
381,9,claims,23.9488652812846
381,10,of,16.369550129768275
381,11,"others,",12.568306899739076
381,12,and,16.29834737750625
381,13,their,23.91662926166567
381,14,testimony,26.681579398594252
381,15,would,13.69612276402405
381,16,be,12.591298309053887
381,17,inadmissible,9.554004583148132
381,18,hearsay,12.820103632739118
381,19,in,12.868322845236221
381,20,an,7.739173941166561
381,21,American,10.384056720558648
381,22,court.,6.827859056662401
382,1,As,0.0
382,2,for,8.764788984173903
382,3,the,10.430785611012533
382,4,several,7.605097070707169
382,5,accounts,16.079029167724542
382,6,from,17.852082243002855
382,7,those,19.805981095056197
382,8,who,23.053753412710034
382,9,claimed,25.45227204674163
382,10,to,19.15812932856203
382,11,have,19.771930400496686
382,12,seen,12.774036373315148
382,13,"aliens,",13.687629884512397
382,14,critics,14.199972312191267
382,15,identified,15.338368715765517
382,16,a,22.32050708983404
382,17,variety,26.72454399694364
382,18,of,13.099569880514546
382,19,problems,10.371471936100559
382,20,with,10.235131748427138
382,21,them.,8.145617860111596
383,1,These,0.0
383,2,problems,6.579351781073124
383,3,ranged,16.808980292261086
383,4,from,30.209952375024756
383,5,the,17.91762620710788
383,6,reliability,20.947395896267786
383,7,of,31.291496102865693
383,8,second-hand,28.45192456403907
383,9,"accounts,",49.291313205781876
383,10,to,42.074823833398035
383,11,serious,33.74859499448189
383,12,credibility,28.93925868811188
383,13,problems,31.61068137033307
383,14,with,21.53652919561955
383,15,witnesses,23.408671730525487
383,16,making,19.432832659244944
383,17,demonstrably,22.53883542122196
383,18,false,26.65567931657335
383,19,or,18.61297849612987
383,20,internally-inconsistent,43.29190390670492
383,21,"claims,",26.500252989429104
383,22,to,12.080495040108913
383,23,dubious,9.755501810911532
383,24,death-bed,11.217742228616595
383,25,'confessions',13.782745561379302
383,26,or,9.29124539382306
383,27,accounts,11.713298028996796
383,28,from,9.555721026435549
383,29,elderly,9.241470631839261
383,30,or,8.263675280256612
383,31,easily,17.224102296550345
383,32,confused,25.626646070345892
383,33,witnesses.,3.932884276446107
384,1,A,0.0
384,2,basic,6.966241200731685
384,3,problem,12.646164477680575
384,4,with,11.194837971510108
384,5,all,15.303928254774576
384,6,the,18.929747547088525
384,7,witness,15.494422817206617
384,8,"accounts,",16.009702273231138
384,9,according,20.06584563363568
384,10,to,43.365009518011746
384,11,the,47.43137935379755
384,12,"critics,",46.81863517974595
384,13,is,33.643479671226835
384,14,that,25.079548795038978
384,15,they,18.90734081966761
384,16,all,16.972893699876977
384,17,came,24.086392046462468
384,18,a,20.820923584697017
384,19,minimum,49.97107233304917
384,20,of,37.63439971842997
384,21,thirty-one,38.127752128144664
384,22,years,52.69704459608355
384,23,after,29.466826715686576
384,24,the,23.92431496747779
384,25,events,18.78298273919402
384,26,in,18.395980300061552
384,27,"question,",9.232419894352786
384,28,and,12.961309579771228
384,29,in,12.529460622132307
384,30,many,22.410238067832072
384,31,cases,22.122278276799445
384,32,were,13.905115242937114
384,33,recounted,16.18991616962352
384,34,more,10.514251333594812
384,35,than,28.804682033381855
384,36,forty,16.682334688687163
384,37,years,9.706144778663306
384,38,after,5.384502056901592
384,39,the,4.822332042364627
384,40,fact.,3.0689201950066534
385,1,Not,0.0
385,2,only,8.7399120376919
385,3,are,29.046361098915007
385,4,memories,29.309289207449975
385,5,this,38.544637170927196
385,6,old,37.07470351779458
385,7,of,24.87877474357354
385,8,dubious,33.90192191328369
385,9,"reliability,",46.31079569319775
385,10,they,15.833530984906567
385,11,were,11.528979366244466
385,12,also,15.947299486252799
385,13,subject,15.640460530823395
385,14,to,17.465640666167143
385,15,contamination,14.288437860654852
385,16,from,11.961512202145629
385,17,other,12.13669911552124
385,18,accounts,13.99507100494705
385,19,the,6.32311004359792
385,20,witnesses,18.26044093146308
385,21,may,19.312809697081533
385,22,have,19.66727636695799
385,23,been,10.193131790017521
385,24,exposed,17.100247953932936
385,25,to.,3.023826013673195
386,1,Though,0.0
386,2,there,6.580561163073991
386,3,had,14.86878003033162
386,4,always,20.102635689355964
386,5,been,22.930189553492582
386,6,skeptics,15.698666489666223
386,7,who,25.953408853437754
386,8,had,28.392099711005837
386,9,many,26.525058117030998
386,10,objections,36.828594624583396
386,11,to,27.488034038666388
386,12,the,31.238372897788633
386,13,plausibility,25.713398894982788
386,14,of,26.275456191687294
386,15,these,16.198324815257454
386,16,"accounts,",22.480011947922296
386,17,it,15.34977482552351
386,18,was,16.38778933059782
386,19,not,10.694076092367327
386,20,until,12.975510899368636
386,21,the,18.285786834325553
386,22,mid,35.36149052138855
386,23,nineteen,27.98266771913001
386,24,nineties,23.121690536899642
386,25,that,7.900362862105556
386,26,a,7.066725445032262
386,27,strong,18.015383575113244
386,28,counter-argument,13.656180833318757
386,29,to,24.04340585085425
386,30,the,44.512939737512724
386,31,presence,29.228405264237388
386,32,of,33.465679837529194
386,33,aliens,26.044821325295676
386,34,was,19.666607265431676
386,35,widely,4.661682753270304
386,36,publicized.,4.58458130981766
387,1,The,0.0
387,2,General,9.96254151818983
387,3,Accounting,19.753630092081508
387,4,Office,35.095378922620334
387,5,launched,25.036048836195285
387,6,an,32.23681581261122
387,7,inquiry,40.09006110380784
387,8,and,26.15410860839802
387,9,directed,25.77926739034999
387,10,the,30.137044070814124
387,11,Office,29.53352465919383
387,12,of,54.00060539832715
387,13,the,32.665004157147735
387,14,Secretary,36.69647931501275
387,15,of,27.957048796496526
387,16,the,22.27619693147105
387,17,Air,20.070344011851645
387,18,Force,23.55340048418655
387,19,to,10.327528116907276
387,20,conduct,6.656413927161852
387,21,an,13.004340756904336
387,22,internal,5.029314620499706
387,23,investigation.,2.980132305036557
388,1,The,0.0
388,2,result,4.639992170341077
388,3,was,12.278737818672205
388,4,summarized,16.788835018460944
388,5,in,22.321968759634807
388,6,two,11.697171046529967
388,7,reports.,9.12970622820016
389,1,The,0.0
389,2,"first,",6.697553393219322
389,3,released,21.30069693223019
389,4,in,33.29986972865356
389,5,nineteen,33.833607222681934
389,6,"ninety-five,",34.067130081537684
389,7,concluded,28.01386643613918
389,8,that,29.102118261285696
389,9,the,31.818898959914836
389,10,reported,35.85487167907824
389,11,recovered,46.48157790515753
389,12,material,64.16812327806493
389,13,in,39.80140611053031
389,14,nineteen,51.13261604821124
389,15,forty-seven,95.73878235073741
389,16,was,60.99427391926615
389,17,likely,32.059687827795564
389,18,debris,35.727803974319094
389,19,from,41.24350239382029
389,20,a,38.64191214909472
389,21,secret,36.53938932981876
389,22,government,33.755850362080345
389,23,program,32.63205772019375
389,24,called,27.29874160271713
389,25,Project,24.930729939226183
389,26,"Mogul,",16.07925138005837
389,27,which,14.309612767713418
389,28,involved,11.778009666939594
389,29,high,11.942256610721774
389,30,altitude,23.023678486773413
389,31,balloons,19.71145494515693
389,32,meant,10.281117002357968
389,33,to,16.657987212965477
389,34,detect,7.628605063504208
389,35,sound,7.697397945148609
389,36,waves,9.598355345540101
389,37,generated,8.811041264683452
389,38,by,12.952876829693881
389,39,Soviet,5.752468223470296
389,40,atomic,7.913131812102722
389,41,bomb,13.293694182475939
389,42,tests,17.495823111491877
389,43,and,4.548046652364754
389,44,ballistic,10.043761227464852
389,45,missiles.,6.177958371540133
390,1,The,0.0
390,2,second,8.167652837627369
390,3,"report,",13.763536276284196
390,4,released,27.927878808334768
390,5,two,35.07590395120193
390,6,years,60.03806164533257
390,7,"later,",31.23705813341845
390,8,in,33.91949639041873
390,9,nineteen,29.800260119653597
390,10,"ninety-seven,",34.670753757640064
390,11,concluded,66.13550909559025
390,12,that,66.22059923193113
390,13,reports,65.4592344443186
390,14,of,75.1392857733424
390,15,recovered,85.06467400845332
390,16,alien,87.37692962746081
390,17,bodies,78.19283232195806
390,18,were,60.41900927938213
390,19,likely,56.51808094931188
390,20,a,55.85614548054289
390,21,combination,56.3684320944771
390,22,of,50.29655556219548
390,23,innocently,45.10760822794275
390,24,transformed,46.00723813450006
390,25,memories,47.41966979677549
390,26,of,37.43634886175612
390,27,military,36.74307951911223
390,28,accidents,37.594914420473316
390,29,involving,30.62352985821481
390,30,injured,27.484356345536966
390,31,or,28.363923218247994
390,32,killed,39.76065016712788
390,33,"personnel,",29.380748471835762
390,34,innocently,24.39435175370851
390,35,transformed,63.17701107536525
390,36,memories,47.07227771385914
390,37,of,51.23869166615691
390,38,the,38.449189148336416
390,39,recovery,39.72264831358793
390,40,of,49.22639423066093
390,41,anthropomorphic,37.40976972370528
390,42,dummies,32.16061030270114
390,43,in,28.163142330472184
390,44,military,32.11377827673722
390,45,programs,38.13224593538424
390,46,US,27.639195967303937
390,47,conducted,37.009602564874804
390,48,in,25.994727170703204
390,49,the,27.182974598474377
390,50,nineteen,36.999464961528375
390,51,"fifties,",53.10339110096483
390,52,and,37.96395805499064
390,53,hoaxes,29.491621111167973
390,54,that,16.17146193136136
390,55,various,18.82931196245742
390,56,witnesses,37.30044592519276
390,57,and,24.16749710981828
390,58,UFO,42.332678898468934
390,59,proponents,42.81400822301013
390,60,perpetrated.,18.65617946271516
391,1,The,0.0
391,2,psychological,8.110811883586607
391,3,effects,23.950082445500417
391,4,of,26.047864820979324
391,5,time,13.582301474752919
391,6,compression,17.879127804720913
391,7,and,13.650437088419457
391,8,confusion,16.316163318283103
391,9,about,15.218849555279974
391,10,when,19.057821264363888
391,11,events,24.67927198786328
391,12,occurred,30.99463493590441
391,13,explained,19.06621857526624
391,14,the,17.06812362159418
391,15,discrepancy,20.013779605913474
391,16,with,17.788097323125736
391,17,the,13.559865314113647
391,18,years,9.39384695953407
391,19,in,13.714789341740989
391,20,question.,17.797305743846184
392,1,In,0.0
392,2,January,6.260219398270889
392,3,nineteen,31.185673242984986
392,4,"ninety-seven,",34.18828188407678
392,5,Karl,52.469775913198724
392,6,"Pflock,",77.30158855817972
392,7,one,71.96387507004776
392,8,of,122.75333654274955
392,9,the,123.28796826057108
392,10,more,112.57045347500971
392,11,prominent,118.86583528519311
392,12,pro-UFO,122.44837178975575
392,13,"researchers,",100.21432518327575
392,14,"said,",80.18635933043188
392,15,'Based,51.601130417144226
392,16,on,65.88164434376877
392,17,my,54.57850677947396
392,18,research,45.529564845618744
392,19,and,45.21610168817063
392,20,that,47.75437248913768
392,21,of,49.53142513919988
392,22,"others,",51.798246865203645
392,23,I'm,48.120136387630765
392,24,as,46.31645143941161
392,25,certain,53.6849636936449
392,26,as,41.29862947087726
392,27,it's,46.803013081910244
392,28,possible,46.55267986483724
392,29,to,37.235712485089934
392,30,be,41.16388749715228
392,31,without,50.333180087301535
392,32,absolute,30.499873002066135
392,33,"proof,",37.52670515792378
392,34,that,27.426404731567775
392,35,no,28.644246072642552
392,36,flying,27.177216084564936
392,37,saucer,48.46622262441791
392,38,or,24.123619886371845
392,39,saucers,34.42295872132704
392,40,crashed,23.947464123176456
392,41,in,25.76933164290651
392,42,the,21.50728547392708
392,43,general,21.410712561858933
392,44,vicinity,25.507467427783276
392,45,of,18.155178218404423
392,46,Roswell,16.681503847890724
392,47,or,18.995721389891067
392,48,on,20.255574806762468
392,49,the,28.352472576068248
392,50,Plains,19.2622198169418
392,51,of,17.780184084266526
392,52,San,21.580191030782046
392,53,Agustin,25.86578722182653
392,54,in,17.18250218168061
392,55,nineteen,24.750683253973815
392,56,forty-seven.',27.643998368690728
393,1,He,0.0
393,2,then,11.435907945033666
393,3,"added,",25.912372847037307
393,4,'The,24.579446764957435
393,5,debris,35.110262817173954
393,6,found,24.277141078724295
393,7,was,34.67726734256751
393,8,the,23.4972185031704
393,9,remains,33.75622472531561
393,10,of,26.139633774579472
393,11,something,20.609531614588033
393,12,very,21.991163247885744
393,13,"earthly,",27.6828441402587
393,14,all,21.62166550930219
393,15,but,21.808551467260337
393,16,certainly,21.482816423266417
393,17,something,21.00863860114702
393,18,from,16.495392662369415
393,19,the,19.932297039463354
393,20,Top,19.214745721630884
393,21,Secret,24.58570499595679
393,22,Project,19.476878198114527
393,23,Mogul.',14.02640880620703
394,1,Although,0.0
394,2,most,7.168882166867901
394,3,now,20.58964532516226
394,4,agree,12.966757853101889
394,5,with,12.063996497186583
394,6,this,11.578489602787862
394,7,"conclusion,",9.83813124635616
394,8,each,12.046936377164608
394,9,"year,",20.689528291243132
394,10,during,30.96659899059353
394,11,July,46.20907823117578
394,12,Fourth,35.27807437280539
394,13,"weekend,",36.747637682797205
394,14,the,20.33812391220119
394,15,City,18.55691106630811
394,16,of,27.069900616816906
394,17,Roswell,27.800537360940034
394,18,hosts,24.680723757912705
394,19,the,18.751481227917406
394,20,Roswell,20.535458192411298
394,21,UFO,19.56535023623595
394,22,Festival,22.862301245503527
394,23,celebrating,12.608171225960398
394,24,all,26.565954943784003
394,25,things,48.05063729282096
394,26,"UFO,",36.29691808062079
394,27,featuring,16.850600078990126
394,28,prominent,15.606820832475595
394,29,UFOlogists,16.272817096477713
394,30,and,7.539906036163644
394,31,discussions.,4.087824357579015
395,1,Tulip,0.0
395,2,mania,9.836199623212993
395,3,was,22.277919896663054
395,4,a,22.614418399618813
395,5,period,19.789893665911837
395,6,in,27.094470832241097
395,7,the,38.76678458130692
395,8,Dutch,36.628464433167125
395,9,Golden,35.93153784720588
395,10,Age,39.80363513467248
395,11,during,26.567437823882635
395,12,which,30.07722561338572
395,13,contract,33.604039061887114
395,14,prices,31.787686806761073
395,15,for,18.057229689667206
395,16,bulbs,29.648913387596007
395,17,of,18.550463130383168
395,18,the,30.677779855999116
395,19,recently,31.232334275198287
395,20,introduced,49.39729970715488
395,21,tulip,44.510415681835646
395,22,reached,25.363536426397157
395,23,extraordinarily,20.655960029517125
395,24,high,21.002552780067926
395,25,levels,16.226027220371208
395,26,and,10.604566239719029
395,27,then,12.265112110227479
395,28,suddenly,9.71601940105416
395,29,collapsed.,3.795065959946713
396,1,At,0.0
396,2,the,6.980806067467954
396,3,peak,12.306862485533102
396,4,of,12.22306634665731
396,5,tulip,8.265400596102117
396,6,mania,27.640983971497487
396,7,in,17.8189251487994
396,8,February,27.6250920436315
396,9,sixteen,27.545519927647888
396,10,"thirty-seven,",32.288485506314515
396,11,tulip,40.226925929260375
396,12,contracts,61.310946950161046
396,13,sold,27.94740462212433
396,14,for,19.025481625197813
396,15,more,26.29622274206476
396,16,than,27.78195201277888
396,17,ten,15.758652667800423
396,18,times,19.78912948250056
396,19,the,26.08108485008408
396,20,annual,16.473362963914855
396,21,income,15.022092209682787
396,22,of,18.54792340748968
396,23,a,16.193063143102982
396,24,skilled,14.13963247860786
396,25,craftsman.,10.163793692845388
397,1,It,0.0
397,2,is,13.04717350099232
397,3,generally,11.223987482987496
397,4,considered,16.071240503423592
397,5,the,7.309326682211151
397,6,first,14.101044446387505
397,7,recorded,11.94626564455146
397,8,economic,7.564537069288649
397,9,bubble.,9.526769749148341
398,1,The,0.0
398,2,"tulip,",7.788027965141254
398,3,introduced,45.2923372654851
398,4,to,50.29327630449799
398,5,Europe,48.40252793399761
398,6,in,44.229618973585914
398,7,the,43.94792850374639
398,8,mid,60.22146592201315
398,9,sixteenth,50.20577161773031
398,10,century,26.67284022917765
398,11,from,22.306292068056376
398,12,the,31.254098518431242
398,13,Ottoman,26.492925759954876
398,14,"Empire,",29.590356293924696
398,15,became,35.18182347070688
398,16,very,27.291827276715335
398,17,popular,33.054743493252055
398,18,in,21.207707216214693
398,19,the,17.609814550051944
398,20,United,23.308939292259783
398,21,"Provinces,",23.511240450237413
398,22,which,16.89179205081346
398,23,we,17.29128094097206
398,24,now,21.440297173655534
398,25,know,34.786683167249805
398,26,as,32.08406578374717
398,27,the,12.653315452481763
398,28,Netherlands.,17.10055305787364
399,1,Tulip,0.0
399,2,cultivation,5.106126036037693
399,3,in,11.010260515176663
399,4,the,12.465862166082276
399,5,United,16.76989465511275
399,6,Provinces,38.18413590930377
399,7,is,38.96073406021648
399,8,generally,39.71789705369447
399,9,thought,40.90977010281668
399,10,to,55.54001286213267
399,11,have,55.297575024595474
399,12,started,48.11871382238524
399,13,in,57.31905256749619
399,14,earnest,48.5596726956659
399,15,around,56.57954608687771
399,16,fifteen,55.06758236762266
399,17,"ninety-three,",56.829048240786086
399,18,after,45.09505643963266
399,19,the,43.9898961616644
399,20,Flemish,38.56952295301789
399,21,botanist,34.05284825524907
399,22,Charles,45.58230967274053
399,23,de,33.566795471793135
399,24,l'Ecluse,34.032604064552395
399,25,had,32.84424321287936
399,26,taken,28.42632245808416
399,27,up,23.08714565288011
399,28,a,22.93012646273201
399,29,post,25.31831745258797
399,30,at,25.773700685466377
399,31,the,21.5154987996706
399,32,University,19.458633832431
399,33,of,20.29289311995921
399,34,Leiden,17.81748169572348
399,35,and,15.90247327782252
399,36,established,20.88670217613348
399,37,a,20.506205633766527
399,38,botanical,18.575468797817653
399,39,"garden,",22.57206898992963
399,40,which,12.362589583858442
399,41,is,18.336328245253164
399,42,famous,16.13964140100089
399,43,as,21.910161157294663
399,44,one,16.942440803772072
399,45,of,26.96918010026489
399,46,the,10.50362170635896
399,47,oldest,11.1958873192876
399,48,in,8.415796347740432
399,49,the,3.9117866689130185
399,50,world.,0.6966899649578706
400,1,"There,",0.0
400,2,he,8.114508822649555
400,3,planted,22.253695796323726
400,4,his,19.017190750058514
400,5,collection,13.841911178039489
400,6,of,16.530249385868938
400,7,tulip,15.709797593791029
400,8,bulbs,27.326564386281184
400,9,that,11.309887679111775
400,10,the,16.339145897363686
400,11,Emperor's,24.150856862428988
400,12,ambassador,30.18734054754377
400,13,sent,20.993716757546593
400,14,to,11.983957727777685
400,15,him,10.940459464514833
400,16,from,9.049843520655624
400,17,"Turkey,",16.21430461550912
400,18,which,13.417674984070887
400,19,were,10.631756297766943
400,20,able,8.302952239370539
400,21,to,17.813276862333016
400,22,tolerate,11.709522574479273
400,23,the,16.567808421704118
400,24,harsher,14.549576089310483
400,25,conditions,15.731224947196003
400,26,of,7.6143415869582745
400,27,the,7.988739198599849
400,28,northern,7.721295043654671
400,29,climate.,3.5807952040718036
401,1,It,0.0
401,2,was,10.86597945385363
401,3,shortly,8.50841771420308
401,4,thereafter,25.99775604181526
401,5,that,12.133617825978261
401,6,the,4.26179155068025
401,7,tulips,8.331130107989589
401,8,began,13.855016804229935
401,9,to,16.21680291611242
401,10,grow,11.482833577929776
401,11,in,9.10769070756538
401,12,popularity.,8.29274068214062
402,1,The,0.0
402,2,flower,8.110811883586607
402,3,rapidly,24.153060669614977
402,4,became,40.96624352993254
402,5,a,31.16029771879813
402,6,coveted,35.54177593031695
402,7,luxury,25.385342289431616
402,8,item,21.371648073874
402,9,and,7.245164254740509
402,10,a,14.894214044743142
402,11,status,16.010261560811745
402,12,"symbol,",28.867859451045703
402,13,and,11.71278787202253
402,14,a,18.964118430348275
402,15,profusion,14.960449228619815
402,16,of,41.12098041893792
402,17,varieties,36.33296081126042
402,18,followed.,7.765985280652939
403,1,They,0.0
403,2,were,11.809556076436998
403,3,classified,20.05255382547676
403,4,in,21.303288022848086
403,5,groups:,17.244647775322658
403,6,one-colored,16.20434742196344
403,7,tulips,32.34342570809794
403,8,of,63.294747565806645
403,9,"red,",54.72556072782577
403,10,"yellow,",74.02646158298856
403,11,or,64.02893427906864
403,12,white,82.61771757869344
403,13,were,74.388921512027
403,14,known,71.63081071666443
403,15,as,68.23535070533926
403,16,"Couleren,",63.28176012394409
403,17,but,43.91139272437541
403,18,it,57.24977486004094
403,19,was,54.34462732534057
403,20,the,43.747302744321665
403,21,multicolored,44.9941261422037
403,22,Rosen,57.919252993426646
403,23,(red,55.50912034948445
403,24,or,50.86736584067324
403,25,pink,58.10407289155323
403,26,on,47.49584824897757
403,27,white,51.599454634317595
403,28,"background),",45.70831920587012
403,29,Violetten,40.889743787266355
403,30,(purple,43.88105995613672
403,31,or,48.62849921738554
403,32,lilac,44.111318654147034
403,33,on,37.17245956905777
403,34,white,67.10070642576106
403,35,"background),",50.56443085917167
403,36,"and,",28.55389867254624
403,37,to,25.827716784158284
403,38,a,30.522345176947386
403,39,lesser,61.991254196885556
403,40,"extent,",25.065119885962673
403,41,the,20.950293369275546
403,42,Bizarden,25.71878759379191
403,43,"(red,",19.30275656677619
403,44,brown,39.328595341553225
403,45,or,26.323910179313426
403,46,purple,30.320873174873665
403,47,on,31.878470967548168
403,48,yellow,35.39003533514744
403,49,background),31.23922947820728
403,50,that,52.78837497780063
403,51,were,13.133765522186561
403,52,the,14.389336063501116
403,53,most,12.765421652324996
403,54,popular.,3.185855892783525
404,1,These,0.0
404,2,spectacular,5.226018925572476
404,3,and,22.018931910659354
404,4,highly,21.605350783586886
404,5,sought-after,25.823790430988005
404,6,tulip,29.000661524962442
404,7,bulbs,33.61645143676085
404,8,would,38.423914465102
404,9,grow,32.794799807719194
404,10,flowers,26.96720349861997
404,11,with,24.959531003104004
404,12,vivid,27.110607964371553
404,13,"colors,",25.905753793749213
404,14,"lines,",23.45144228944904
404,15,and,24.743330924773765
404,16,flames,30.705956853955996
404,17,on,28.77368722800577
404,18,the,27.417221278563026
404,19,"petals,",26.75547352885746
404,20,as,30.37531612308429
404,21,a,23.91558433807469
404,22,"result,",33.15590169725293
404,23,it,28.3243923018932
404,24,is,42.72764801066407
404,25,now,32.264260368704825
404,26,"understood,",40.73964520854849
404,27,of,26.175459426836127
404,28,being,26.56402220006638
404,29,infected,25.463471863309913
404,30,with,32.57789806704572
404,31,tulip-specific,25.463095721129104
404,32,virus,23.214061384094926
404,33,known,15.220801226494494
404,34,as,24.450588441331007
404,35,the,13.610777299955553
404,36,'Tulip,14.27998372628157
404,37,breaking,20.058984423400712
404,38,virus'.,19.27804792144143
405,1,The,0.0
405,2,Dutch,3.9156315138534783
405,3,Golden,17.79140160429893
405,4,Age,24.210967744108437
405,5,growers,16.858465032376493
405,6,named,17.24269725558573
405,7,their,18.302597375274377
405,8,new,18.714859255678824
405,9,varieties,20.144515485637204
405,10,with,19.78699448449829
405,11,exalted,17.936730652653914
405,12,titles.,9.508341802733932
406,1,Many,0.0
406,2,early,9.837387679365154
406,3,forms,17.37957366836936
406,4,were,18.4135006886529
406,5,prefixed,26.305249670703006
406,6,with,20.01546791660133
406,7,"'admiral',",14.957344259215596
406,8,often,19.518042560004325
406,9,combined,15.506248887100186
406,10,with,19.09286282084297
406,11,the,15.882108070458672
406,12,growers',14.430563404295587
406,13,names.,9.957553328009746
407,1,'General',0.0
407,2,was,11.557036013966947
407,3,another,18.62806418007753
407,4,prefix,16.594497976647663
407,5,that,29.105467064467636
407,6,found,31.742175048612165
407,7,its,31.41338566798133
407,8,way,33.74342863564998
407,9,into,20.556772905241644
407,10,the,13.91049934255394
407,11,names,13.006809495302289
407,12,of,16.752043162297287
407,13,around,12.127767365844102
407,14,thirty,31.439249139195432
407,15,varieties.,9.590749951595093
408,1,Later,0.0
408,2,came,9.475687526682563
408,3,varieties,17.831702642840916
408,4,with,26.067836736267395
408,5,even,32.43841447789188
408,6,more,43.8470439107069
408,7,superb,32.387606503260734
408,8,"names,",30.067833737562346
408,9,such,20.1118446293834
408,10,as,19.250737600494055
408,11,even,13.158513413827889
408,12,'Admiral,27.372496480777716
408,13,of,36.06315622365577
408,14,Admirals',39.15513150018697
408,15,and,35.99678436731624
408,16,'General,40.55714964788663
408,17,of,18.67932390476237
408,18,Generals'.,11.329558206896738
409,1,Most,0.0
409,2,of,19.19534964187911
409,3,these,17.281214382583805
409,4,varieties,15.320871512585288
409,5,have,20.14050420528414
409,6,now,26.426903533595635
409,7,died,38.578351187949806
409,8,"out,",24.714039054657125
409,9,though,19.143647185480827
409,10,similar,11.51672179725434
409,11,'broken',24.3427069706173
409,12,tulips,30.71883791380008
409,13,continue,12.167473360537475
409,14,in,12.162105502532238
409,15,the,13.997599077359553
409,16,trade.,7.928941661248587
410,1,Tulips,0.0
410,2,grow,10.321561493241374
410,3,from,14.752814192646639
410,4,"bulbs,",28.077527448191233
410,5,and,13.467369252799624
410,6,can,16.875960827448765
410,7,be,16.44311712753171
410,8,propagated,10.071724489111771
410,9,through,8.414639272314584
410,10,both,5.884397771623786
410,11,seeds,13.24339825662822
410,12,and,7.547932934393147
410,13,buds.,3.642165383365206
411,1,Seeds,0.0
411,2,from,10.91979420116981
411,3,a,15.837104268443543
411,4,tulip,17.354081367962568
411,5,will,23.378686942308523
411,6,form,27.41954074408172
411,7,a,29.445041133168772
411,8,flowering,21.508593258220145
411,9,bulb,16.76473551955217
411,10,after,8.254564877554625
411,11,seven-twelve,14.599427015423553
411,12,years.,10.382242689209397
412,1,When,0.0
412,2,a,9.575291622895062
412,3,bulb,6.573855559516851
412,4,grows,37.85566194485462
412,5,into,18.22347318810494
412,6,the,23.359665833105748
412,7,"flower,",23.654650131900333
412,8,the,15.538959530465375
412,9,original,17.420195626537854
412,10,bulb,20.614802710854327
412,11,will,13.969254205524829
412,12,"disappear,",13.162937323556031
412,13,but,18.812512434444514
412,14,a,13.92404144996336
412,15,clone,23.87800689740864
412,16,bulb,18.309441328125224
412,17,forms,18.702818384828788
412,18,in,15.40001935543091
412,19,its,15.979035014859885
412,20,"place,",19.187181668498067
412,21,as,11.136731851283335
412,22,do,11.188451464294655
412,23,several,16.44095714031591
412,24,buds.,5.48418332713758
413,1,Properly,0.0
413,2,"cultivated,",10.275350442885141
413,3,these,18.78408890473208
413,4,buds,23.22056643707056
413,5,will,16.002205119523403
413,6,become,9.280707699711682
413,7,bulbs,9.578942599594564
413,8,of,7.415797615715973
413,9,their,8.852928329918921
413,10,own.,7.609928267599303
414,1,The,0.0
414,2,'tulip,7.621560453926313
414,3,breaking',48.47945267804083
414,4,"virus,",21.045626711013142
414,5,which,24.678816104851506
414,6,many,42.589343040114414
414,7,botanists,46.60030642915031
414,8,have,28.755538092340696
414,9,"studied,",28.153555216718875
414,10,spreads,20.09681854817318
414,11,only,24.4860645872199
414,12,through,28.4279436041724
414,13,"buds,",23.032259085498694
414,14,not,26.84598398328655
414,15,"seeds,",25.171200918674614
414,16,and,25.083196353583297
414,17,so,23.813625815495254
414,18,cultivating,18.118078613395
414,19,the,31.4609656787406
414,20,most,34.79654378716257
414,21,appealing,38.59326890934107
414,22,varieties,25.727091702190027
414,23,takes,16.883793390321348
414,24,years.,12.150443261565183
415,1,Propagation,0.0
415,2,is,11.728743492588373
415,3,greatly,22.888520220980336
415,4,slowed,24.316360776348976
415,5,down,7.342245580443161
415,6,by,12.746660475920446
415,7,the,5.25504598540245
415,8,virus.,6.536251509910035
416,1,Tulips,0.0
416,2,bloom,7.565541576956676
416,3,in,25.045148266269784
416,4,April,24.68221981349473
416,5,and,27.633315007121542
416,6,May,37.76276070047685
416,7,for,32.7552319742135
416,8,about,31.02929204129086
416,9,a,29.807572993950934
416,10,"week,",27.344150945197452
416,11,and,33.052701035352094
416,12,the,28.311268198316704
416,13,secondary,19.37274589813228
416,14,buds,17.859369787480396
416,15,appear,10.189984467870104
416,16,shortly,9.2786453455688
416,17,thereafter.,5.5066269153615615
417,1,Bulbs,0.0
417,2,can,7.894250641689555
417,3,be,24.15429533306552
417,4,uprooted,27.257287495743522
417,5,and,27.048104997499088
417,6,moved,21.434124426431246
417,7,about,17.88861883929143
417,8,from,16.19308737384615
417,9,June,16.538921611038695
417,10,to,35.966839049117645
417,11,"September,",35.05129841484082
417,12,and,14.162613396980968
417,13,thus,19.053519290335206
417,14,actual,12.845457994998227
417,15,purchases,24.25423950347227
417,16,occurred,12.732553448498605
417,17,during,14.807660008201488
417,18,these,5.525628344391416
417,19,months.,3.5040375912235366
418,1,As,0.0
418,2,the,6.679209035747691
418,3,flowers,9.350150166546463
418,4,grew,25.450142643549974
418,5,in,27.001363724630245
418,6,"popularity,",43.284013987618266
418,7,professional,29.68016816020044
418,8,growers,46.57651800386128
418,9,paid,17.48410978630306
418,10,higher,20.43981602827998
418,11,and,16.46175534692186
418,12,higher,29.881011714154656
418,13,prices,16.6010050369833
418,14,for,10.699407248199977
418,15,bulbs,7.161193687835537
418,16,with,6.104771003602754
418,17,the,9.113955576020167
418,18,virus.,8.199053363512984
419,1,By,0.0
419,2,sixteen,7.83299798868886
419,3,"thirty-four,",15.224566387581643
419,4,in,20.510200003387997
419,5,part,19.853023165581398
419,6,as,20.117334530577253
419,7,a,19.528596468855003
419,8,result,24.915761504450746
419,9,of,21.23829524164125
419,10,demand,17.932322382598084
419,11,from,22.876512843751552
419,12,the,20.418375821859083
419,13,"French,",19.742336969550674
419,14,speculators,15.771269320442176
419,15,began,24.096522077197804
419,16,to,13.07903418594273
419,17,enter,9.144956975184213
419,18,the,9.960131562924495
419,19,market.,6.550203076268268
420,1,In,0.0
420,2,sixteen,5.639691547415204
420,3,"thirty-six,",24.074747853596648
420,4,the,14.764501445668671
420,5,Dutch,13.031563495686758
420,6,created,24.785779682659726
420,7,a,24.103516509493694
420,8,type,22.386872539819826
420,9,of,27.33150093329589
420,10,formal,21.922977135813348
420,11,futures,22.68478065116824
420,12,"markets,",17.445132272497535
420,13,which,21.405625364088337
420,14,merchants,23.611760958692262
420,15,used,21.22486685507248
420,16,to,21.31318182197632
420,17,sell,14.634966929254713
420,18,and,11.99610004958113
420,19,buy,20.498361470126696
420,20,contracts,9.059417471018072
420,21,to,8.141765624745764
420,22,buy,14.248016273023529
420,23,bulbs,18.627329675766056
420,24,at,14.622605983911658
420,25,the,16.719195274761287
420,26,end,13.754670092305469
420,27,of,6.208721244497495
420,28,the,3.433462425152342
420,29,season.,1.7118181411933102
421,1,Traders,0.0
421,2,met,3.133444098770373
421,3,at,19.234234231308584
421,4,taverns,18.92035832624732
421,5,and,21.316054295021633
421,6,buyers,23.483188244504337
421,7,were,33.93416031916189
421,8,required,23.193570535342936
421,9,to,17.882966178016364
421,10,pay,11.261635001209317
421,11,a,13.75404681105537
421,12,fee,20.300423447507963
421,13,per,9.754419936579291
421,14,trade.,8.96333920288754
422,1,People,0.0
422,2,were,8.298987044993451
422,3,purchasing,43.64267658272132
422,4,bulbs,34.25557112812276
422,5,at,19.273296650799054
422,6,higher,27.699247480034863
422,7,and,41.01099444758295
422,8,higher,71.12961792961545
422,9,"prices,",21.72127169080433
422,10,intending,22.4985954795167
422,11,to,29.20639693193997
422,12,re-sell,36.00605628524064
422,13,them,11.798652795580008
422,14,for,5.025868730424127
422,15,a,14.334000646593719
422,16,profit.,10.99316774868235
423,1,"However,",0.0
423,2,such,9.08251454889208
423,3,a,12.51129138330769
423,4,scheme,16.526340564180128
423,5,could,22.595078950529288
423,6,not,15.518485941784737
423,7,last,22.83226925342336
423,8,unless,23.384779255732685
423,9,someone,24.59886635796226
423,10,was,22.91022675328501
423,11,ultimately,20.493967958332092
423,12,willing,21.47467367893409
423,13,to,16.441079541577782
423,14,pay,11.301375548292139
423,15,such,11.43174070866302
423,16,high,18.913699362235313
423,17,prices,17.50503651702197
423,18,and,8.69705293188821
423,19,take,10.93447351429854
423,20,possession,10.412324557937835
423,21,of,12.599753484728375
423,22,the,5.705459237435746
423,23,bulbs.,5.588341310814081
424,1,In,0.0
424,2,February,6.348624672189804
424,3,sixteen,26.46109794115777
424,4,"thirty-seven,",17.07517142763087
424,5,tulip,20.853800701893782
424,6,traders,31.76316346735816
424,7,could,35.79735294141042
424,8,no,33.29051757007362
424,9,longer,45.12878739694638
424,10,find,23.91563339612585
424,11,new,22.46392155207721
424,12,buyers,28.25457107551664
424,13,willing,23.47804386720498
424,14,to,26.22753738048028
424,15,pay,14.204097832020164
424,16,increasingly,11.98959740167538
424,17,inflated,22.87973257664125
424,18,prices,13.07608716244911
424,19,for,15.326764782963368
424,20,their,10.544401710873235
424,21,bulbs.,6.30216452478211
425,1,As,0.0
425,2,this,6.949375206126871
425,3,realization,16.331432625957305
425,4,set,35.15157459775506
425,5,"in,",29.381338243341236
425,6,the,16.307967442060573
425,7,demand,12.037075579894738
425,8,for,22.220009984455857
425,9,tulips,17.654456204974473
425,10,"collapsed,",14.28891597242425
425,11,and,18.639805183052413
425,12,prices,11.09843528666053
425,13,plummeted.,3.4207098067889365
426,1,The,0.0
426,2,speculative,4.355424516743947
426,3,bubble,16.376356558154484
426,4,burst.,5.224017993421013
427,1,Some,0.0
427,2,were,10.527440548728036
427,3,left,18.93193654226871
427,4,holding,22.031814787070186
427,5,contracts,25.200259935030903
427,6,to,20.25139603882072
427,7,purchase,26.38978318519437
427,8,tulips,18.12784782452883
427,9,at,37.958430865808296
427,10,prices,34.583382959366084
427,11,now,34.24491418016638
427,12,ten,29.667920931667197
427,13,times,48.22844580492439
427,14,greater,35.079584315436904
427,15,than,24.888767645017104
427,16,those,21.296033450669395
427,17,on,22.00374103782286
427,18,the,23.77471848673466
427,19,open,22.351544078657902
427,20,"market,",19.46677465539465
427,21,while,16.073769371255853
427,22,others,20.756915130069014
427,23,found,16.850781261369196
427,24,themselves,17.384351894605025
427,25,in,13.410391475811185
427,26,possession,20.68971304091859
427,27,of,24.592607852865555
427,28,bulbs,16.306345683284142
427,29,now,11.694972436444711
427,30,worth,19.7762615820165
427,31,a,13.24627630836077
427,32,fraction,11.30734610337395
427,33,of,12.001828858862094
427,34,the,15.365879662536809
427,35,price,6.258603523182178
427,36,they,5.1908560648927295
427,37,had,9.90231646891792
427,38,paid.,3.6901831027352596
428,1,The,0.0
428,2,event,7.621560453926313
428,3,was,21.80255916174765
428,4,popularized,27.856664490239474
428,5,in,19.077923929462276
428,6,eighteen,18.77038498314603
428,7,forty-one,25.413907876813663
428,8,by,33.13060105001269
428,9,the,22.726453573818326
428,10,book,22.912564298479875
428,11,'Extraordinary,15.019447710390107
428,12,Popular,20.8576282187844
428,13,Delusions,24.41988745286235
428,14,and,16.141419077501897
428,15,the,29.972977071942097
428,16,Madness,31.3995708014621
428,17,of,20.3605475879749
428,18,"Crowds',",10.038608960965245
428,19,that,17.04189718636989
428,20,a,16.63769665950825
428,21,British,41.36002129008925
428,22,journalist,33.05496429210347
428,23,Charles,47.75364180203489
428,24,Mackay,34.88250344897561
428,25,wrote.,26.086495450144803
429,1,That,0.0
429,2,crowds,10.41651105099092
429,3,of,27.51215684122436
429,4,people,24.414342044267933
429,5,often,19.188958766573045
429,6,behave,16.674293283116434
429,7,irrationally,13.560877079986987
429,8,was,14.825015476179573
429,9,the,26.9176530396341
429,10,main,33.61236792369443
429,11,thesis,24.620904773787434
429,12,of,19.123105835635748
429,13,the,15.487766078220153
429,14,"book,",16.030643128025254
429,15,and,20.77881528796627
429,16,tulip,14.733626056043128
429,17,mania,42.571509035784764
429,18,was,29.701249761296456
429,19,one,12.611103909056887
429,20,of,16.4892739643881
429,21,the,5.317694390478511
429,22,primary,4.784610549433296
429,23,examples.,3.940899031591977
430,1,According,0.0
430,2,to,7.792022778155495
430,3,"Mackay,",10.976825711987725
430,4,at,17.914752720977262
430,5,one,49.93146900662391
430,6,point,41.50015524238624
430,7,twelve,19.892238993596436
430,8,acres,38.40334078251856
430,9,of,20.59346187815888
430,10,land,19.181947915308452
430,11,were,12.628280818734943
430,12,offered,9.511036271048374
430,13,for,7.332615895609305
430,14,a,10.713113190582174
430,15,Semper,19.924215093685333
430,16,Augustus,30.179375901995325
430,17,bulb.,14.821966551621705
431,1,He,0.0
431,2,claims,10.59521134419643
431,3,that,28.252098781914825
431,4,many,22.776544552778024
431,5,such,22.5575874205718
431,6,investors,21.29920825040432
431,7,ruined,17.45279038046865
431,8,by,17.650838743394058
431,9,the,27.414832461040373
431,10,fall,27.533436297611278
431,11,in,30.495022561927705
431,12,prices,40.21156749157736
431,13,were,27.46027251317279
431,14,"desperate,",25.802237393199224
431,15,and,21.440882549190395
431,16,Dutch,11.508083495662467
431,17,commerce,30.256548602025426
431,18,suffered,19.708941405278424
431,19,a,10.314708914385697
431,20,severe,10.674231191641375
431,21,shock.,3.593712801831603
432,1,In,0.0
432,2,Mackay's,5.606344455378206
432,3,"account,",26.964334312055623
432,4,the,41.10234767612031
432,5,panicked,37.50876812255011
432,6,tulip,42.324332565642806
432,7,speculators,37.405421339889536
432,8,sought,31.815974867889206
432,9,help,30.61453726161324
432,10,from,38.2724742819715
432,11,the,27.67539443226477
432,12,government,27.209169802724162
432,13,of,22.78077029549671
432,14,the,29.258441590817807
432,15,"Netherlands,",29.426761914126157
432,16,which,26.09687731823329
432,17,responded,26.2160640255058
432,18,by,28.278250017725025
432,19,declaring,35.51265380707671
432,20,that,19.968238234501868
432,21,anyone,20.731011984607147
432,22,who,35.9509951554686
432,23,had,25.346215279706833
432,24,bought,24.90855721838683
432,25,contracts,26.12895252332475
432,26,to,23.907006192789414
432,27,purchase,37.01015178609588
432,28,bulbs,41.329547952905756
432,29,in,17.38035706815464
432,30,the,14.5930254180741
432,31,future,15.208237191138604
432,32,could,13.630112740371334
432,33,void,10.903122283612035
432,34,their,21.578092734616458
432,35,contract,12.65720211998355
432,36,by,8.235530052735443
432,37,payment,13.1245340746015
432,38,of,14.319932459035067
432,39,a,17.111989353274087
432,40,ten,19.150902818443136
432,41,percent,15.130936353116743
432,42,fee.,4.367445151668534
433,1,Attempts,0.0
433,2,that,21.539861165999536
433,3,were,24.408270368761873
433,4,made,27.94450746688139
433,5,to,21.903482364892263
433,6,resolve,28.624313093957912
433,7,the,25.69947797428701
433,8,situation,26.989885344537683
433,9,to,18.48133473074115
433,10,the,37.844224023680674
433,11,satisfaction,62.388809367862436
433,12,of,42.63757788556576
433,13,all,23.24968200347223
433,14,parties,19.897606744112515
433,15,were,24.263410478329526
433,16,unsuccessful.,5.220301668016832
434,1,The,0.0
434,2,mania,9.681925681944227
434,3,finally,27.121157036210178
434,4,"ended,",23.40212559788136
434,5,Mackay,14.244898775758086
434,6,"says,",11.532050374449597
434,7,with,19.46181508957702
434,8,individuals,17.52247272010572
434,9,stuck,25.02876442502666
434,10,with,19.611538574133355
434,11,the,17.228743346467734
434,12,bulbs,19.51354053790594
434,13,they,14.281361107788234
434,14,held,14.688828461226384
434,15,at,15.06823470076759
434,16,the,17.08213455370985
434,17,end,14.693013640224528
434,18,of,8.987094086521097
434,19,the,8.005326803006652
434,20,crash.,6.342413846595822
435,1,No,0.0
435,2,court,15.393253506888618
435,3,would,31.740116760246636
435,4,enforce,26.658195218526075
435,5,payment,16.320407678123747
435,6,of,18.599760135311783
435,7,a,18.196244034907085
435,8,"contract,",20.44762755552458
435,9,since,18.586036360478474
435,10,judges,23.710981157381287
435,11,regarded,22.77339180981807
435,12,the,23.089127406278774
435,13,debts,21.48917299878255
435,14,as,15.982990884552624
435,15,contracted,9.28491729755902
435,16,through,20.78329286165594
435,17,"gambling,",19.18322640746268
435,18,and,15.46300206522073
435,19,thus,13.169999586884316
435,20,not,9.670084095990875
435,21,enforceable,18.36465722347244
435,22,by,7.712228793803353
435,23,law.,3.0719347697249524
436,1,Although,0.0
436,2,Mackay's,4.375836105678949
436,3,book,8.340539429303112
436,4,is,10.75196355546413
436,5,a,21.20087682580821
436,6,classic,20.773451439306584
436,7,that,14.48480012716903
436,8,many,19.347948859089435
436,9,publishing,20.56611925940712
436,10,houses,35.305714134582175
436,11,continue,21.253531808118293
436,12,reprinting,22.366321128989675
436,13,"today,",20.55901422614335
436,14,his,17.00306775500122
436,15,account,17.984997159036393
436,16,is,13.34422743900739
436,17,contested.,6.047507191250027
437,1,Many,0.0
437,2,modern,11.459878886910925
437,3,scholars,30.91174821978855
437,4,believe,17.51746007076801
437,5,the,14.926056788409669
437,6,mania,19.70154789799012
437,7,was,22.526769763372368
437,8,not,23.82900601435806
437,9,as,18.97511429161601
437,10,extraordinary,29.903118493083554
437,11,as,15.71722290174637
437,12,Mackay,17.01334396561533
437,13,"described,",16.59216925631257
437,14,with,14.128758999119588
437,15,some,18.75485499276878
437,16,arguing,17.79233080506371
437,17,that,9.896432365349494
437,18,the,9.089268904156283
437,19,price,8.800760406506921
437,20,changes,16.975753096866367
437,21,may,17.919968804293113
437,22,not,14.538656799287203
437,23,have,19.180528135375702
437,24,constituted,9.215589057435736
437,25,a,10.73043635672503
437,26,bubble.,6.616122967743739
438,1,Research,0.0
438,2,on,14.376794764453212
438,3,the,11.020331131280585
438,4,tulip,13.678421030476285
438,5,mania,22.811049260037976
438,6,is,17.40325791516763
438,7,difficult,35.636518893907144
438,8,because,22.438285979373337
438,9,of,24.742911502083974
438,10,the,21.712395623197636
438,11,limited,17.55888965946496
438,12,data,24.442107987565876
438,13,from,11.631963308507382
438,14,the,13.95378210074574
438,15,sixteen,16.58105480225815
438,16,thirties.,19.07680556659215
439,1,"However,",0.0
439,2,some,9.08251454889208
439,3,modern,13.484051397950665
439,4,economists,25.10239097178296
439,5,have,19.89814986532394
439,6,proposed,17.25525824496764
439,7,rational,15.52916245276765
439,8,"explanations,",17.287827201500807
439,9,rather,12.780356864721345
439,10,than,23.400690338166417
439,11,a,8.390554950874744
439,12,speculative,12.541890837518837
439,13,"mania,",10.752288645669923
439,14,for,25.410638153404378
439,15,the,14.151787723295179
439,16,rise,13.846455851835286
439,17,and,13.740774735218407
439,18,fall,41.18965885015901
439,19,in,7.729145493058846
439,20,prices.,4.58843867779073
440,1,For,0.0
440,2,"example,",8.175278548366625
440,3,other,9.709012605489818
440,4,"flowers,",15.509155710992781
440,5,such,56.562291927429904
440,6,as,51.718876355882514
440,7,the,42.891008434938406
440,8,"hyacinth,",38.80946491383227
440,9,also,22.547948308938892
440,10,had,23.742715664841384
440,11,high,12.109463942930606
440,12,prices,14.200218392492364
440,13,on,14.195754722525123
440,14,the,22.814906712658757
440,15,flower's,23.819914436366464
440,16,"introduction,",28.266869795386828
440,17,which,18.013984013890884
440,18,then,23.014972329964085
440,19,fell,18.38818279612107
440,20,dramatically.,8.269891157840963
441,1,The,0.0
441,2,high,7.96575483654288
441,3,prices,22.14808469008189
441,4,may,24.23977930967688
441,5,also,23.268831992173997
441,6,have,28.50029416864628
441,7,been,32.18525498392592
441,8,driven,35.51536386669334
441,9,by,29.82500408055082
441,10,expectations,22.942294315897417
441,11,of,24.128588419808285
441,12,a,20.717068496562902
441,13,parliamentary,22.49914047103945
441,14,decree,27.30672138273885
441,15,that,18.668036688760704
441,16,contracts,31.021135355614895
441,17,could,26.273671140758324
441,18,be,28.27909545218992
441,19,voided,16.380656570506055
441,20,for,16.773368976070298
441,21,a,14.642787951822699
441,22,small,23.078447684057302
441,23,"cost,",20.174952945627386
441,24,thus,19.186952932916032
441,25,lowering,24.740266333671297
441,26,the,8.770837478299686
441,27,risk,7.983983669707348
441,28,to,8.064765903656648
441,29,buyers.,16.499921758299163
442,1,Despite,0.0
442,2,these,4.922520453664275
442,3,disagreements,11.809675088431394
442,4,about,10.398484861423386
442,5,whether,11.151834225609816
442,6,the,18.85038340112547
442,7,phenomenon,20.529713412928864
442,8,technically,26.947377510611155
442,9,constituted,26.754983184822017
442,10,an,20.981380012043576
442,11,economic,23.47280393204524
442,12,"bubble,",26.39507934793203
442,13,the,17.98693841858246
442,14,term,19.606424831243686
442,15,'tulip,29.951726379653536
442,16,mania',40.80835588920385
442,17,is,22.079458377665695
442,18,still,16.97009332787081
442,19,often,15.784299919201183
442,20,used,19.32137587882366
442,21,metaphorically,14.588664566859787
442,22,to,17.911380861371196
442,23,refer,19.482436725760532
442,24,to,17.298255740373463
442,25,any,13.041745524301692
442,26,large,14.54382660449021
442,27,economic,15.53754384990034
442,28,"bubble,",16.886376679913692
442,29,when,10.312918705320818
442,30,asset,13.82321001165551
442,31,prices,33.95938645491864
442,32,deviate,6.8220596958656685
442,33,from,16.39415415657854
442,34,intrinsic,8.824249201572606
442,35,values.,7.160294427671525
443,1,Tourette's,0.0
443,2,"syndrome,",11.566719325141126
443,3,a,48.72775366211991
443,4,neurological,36.253521788350746
443,5,disorder,39.29839550985738
443,6,characterized,24.360010833051213
443,7,by,42.18916916455527
443,8,"repetitive,",34.24021944075879
443,9,involuntary,26.709506070428343
443,10,"movements,",26.705246103162136
443,11,was,27.520373527347644
443,12,named,43.8717189603057
443,13,for,33.520601463842716
443,14,Dr.,38.37914768205205
443,15,Georges,49.08836687370014
443,16,Gilles,55.41120640739885
443,17,de,39.06841966418869
443,18,la,34.202659096243124
443,19,"Tourette,",23.10746563686847
443,20,the,15.306444291088747
443,21,pioneering,14.791096654692073
443,22,French,14.206338749837533
443,23,neurologist,16.456144740779386
443,24,who,9.870197688394109
443,25,first,13.017726696005084
443,26,described,21.855061882979914
443,27,the,16.401038457499805
443,28,condition,9.504710781396387
443,29,in,8.61606964719692
443,30,an,10.972277586446383
443,31,eighty-six-year-old,21.21077689424151
443,32,French,18.484771962565148
443,33,noblewoman.,27.37562331549185
444,1,It,0.0
444,2,is,7.758257080346298
444,3,almost,6.600648220746815
444,4,always,11.380073777431056
444,5,in,8.159596310347702
444,6,childhood,11.925381748261525
444,7,that,23.372392893234895
444,8,the,25.7287921591526
444,9,early,16.38445485572048
444,10,symptoms,27.119879377096918
444,11,of,26.065322930353226
444,12,Tourette's,33.35815922806905
444,13,are,22.675511925671795
444,14,first,16.188896436116433
444,15,"noticed,",17.898660368829525
444,16,with,13.039605092722548
444,17,the,16.5054429254015
444,18,average,15.33289909240109
444,19,onset,34.34000921911519
444,20,between,35.75948132173284
444,21,the,22.457321731286495
444,22,ages,43.840853285012706
444,23,of,6.724274562739299
444,24,seven,4.581582526264205
444,25,and,6.917767744132027
444,26,ten,3.556346956257919
444,27,years.,1.2215245974398723
445,1,It,0.0
445,2,is,6.67336850492439
445,3,estimated,6.404852680062891
445,4,that,19.631255320912125
445,5,two,21.35307493648106
445,6,hundred,30.047588541842053
445,7,thousand,29.028117179311483
445,8,Americans,15.191125522004262
445,9,have,15.4889256067501
445,10,the,15.277271223362646
445,11,most,23.776074311962738
445,12,severe,22.275338609056256
445,13,form,22.977327418354317
445,14,of,22.82250962494786
445,15,"Tourette's,",17.243254436378862
445,16,and,27.31572855487008
445,17,as,27.060331695603384
445,18,many,34.50712798025882
445,19,as,31.03319563900665
445,20,one,21.503478891893366
445,21,in,17.969804926462064
445,22,a,19.68064056368955
445,23,hundred,28.50115431837674
445,24,people,15.747883291560502
445,25,exhibit,16.33018086098192
445,26,milder,20.621556157835155
445,27,and,24.182462448738047
445,28,less,41.31945061768469
445,29,complex,24.69663430021342
445,30,symptoms,20.570250476161327
445,31,that,12.36505658026025
445,32,include,14.731843621131514
445,33,chronic,28.412962186050436
445,34,motor,24.01540795267403
445,35,and,21.45172130296295
445,36,vocal,28.748432287842228
445,37,tics,13.552628920366788
445,38,or,9.528747344732057
445,39,transient,8.665455510052418
445,40,tics,5.467146343988651
445,41,of,7.97833235171084
445,42,childhood.,7.94667713849785
446,1,For,0.0
446,2,the,9.130990954725478
446,3,majority,7.891611395929415
446,4,of,23.94529333061317
446,5,people,33.05881248184617
446,6,diagnosed,27.022585007885507
446,7,with,46.67359838365935
446,8,the,36.92176381793121
446,9,"disorder,",44.0532947066934
446,10,Tourette's,29.91765328435375
446,11,is,28.893794483165937
446,12,not,16.83534723193667
446,13,a,12.185887843934994
446,14,chronic,10.260677923071118
446,15,condition,8.008333347949035
446,16,with,5.298233137363743
446,17,symptoms,12.448219665777975
446,18,lasting,13.354099031547639
446,19,a,24.174407447132598
446,20,lifetime.,6.7590007005174195
447,1,Rather,0.0
447,2,it,8.404505968534423
447,3,is,10.59683210869816
447,4,a,8.360706286925936
447,5,condition,8.704915890007104
447,6,whose,11.601887455476783
447,7,severity,20.071949297914802
447,8,peaks,21.524878209439017
447,9,in,20.733788176927494
447,10,the,21.55790949833337
447,11,early,28.540884525002678
447,12,"teens,",24.66181377100022
447,13,with,20.307947008614292
447,14,improvement,31.544936460623887
447,15,occurring,24.39053220445164
447,16,in,12.182294075651964
447,17,the,15.6670796857437
447,18,late,21.978563903685462
447,19,teens,11.746805938248494
447,20,and,29.87889462384591
447,21,continuing,11.230932079279457
447,22,into,10.956019257604417
447,23,adulthood.,0.6313446275044131
448,1,"However,",0.0
448,2,approximately,10.463268318246294
448,3,ten,21.452854454997436
448,4,percent,24.22390875065526
448,5,of,26.26326057944714
448,6,those,14.626823228268886
448,7,affected,9.270891198723325
448,8,have,12.678476083674557
448,9,a,10.171965845539209
448,10,progressive,12.115054351860516
448,11,or,27.46052057664883
448,12,disabling,56.82320610837435
448,13,course,8.702770492428916
448,14,that,15.174796876443153
448,15,lasts,25.474238904347906
448,16,into,11.3677583906953
448,17,adulthood.,6.28093066512755
449,1,It,0.0
449,2,is,8.553873588739375
449,3,not,6.459786002540282
449,4,uncommon,11.754066562066717
449,5,for,11.189484581545376
449,6,symptoms,11.849394696626474
449,7,to,22.066932139528177
449,8,be,27.464344997851725
449,9,present,25.557288007020155
449,10,for,28.628880179242902
449,11,an,35.49138376673993
449,12,extended,35.36277331310905
449,13,period,32.83698063813294
449,14,of,24.86915586139994
449,15,time,15.868060016962703
449,16,before,12.770347635674865
449,17,a,24.2035352720008
449,18,formal,28.61691427133081
449,19,diagnosis,36.427024749723806
449,20,of,9.908060545018184
449,21,Tourette's,23.06560520475882
449,22,is,6.208949083888683
449,23,obtained.,3.6665677370880574
450,1,The,0.0
450,2,reasons,8.57830613205155
450,3,for,16.740275974963808
450,4,this,8.409716182942311
450,5,are,7.050153040935844
450,6,many,7.55792205759285
450,7,and,9.74349353614829
450,8,may,14.598564672914295
450,9,include,14.23207409397674
450,10,the,13.611620045176107
450,11,fact,16.10749977768765
450,12,that,15.345635509461337
450,13,for,12.481024027595353
450,14,families,25.655623741931453
450,15,and,25.85880736707572
450,16,physicians,32.31773717548651
450,17,unfamiliar,28.138628541480852
450,18,with,46.717813145395695
450,19,"Tourette's,",35.04845143553627
450,20,mild,22.242458783132736
450,21,and,50.62698046021481
450,22,even,49.172026302491865
450,23,moderate,40.18550828260875
450,24,tic,36.49734954667655
450,25,symptoms,16.57063664952527
450,26,may,16.19044143957323
450,27,be,12.735068684018557
450,28,considered,12.617077962910752
450,29,"inconsequential,",11.581075316260694
450,30,part,9.814632274586604
450,31,of,21.102612713609304
450,32,a,13.29158916051227
450,33,developmental,12.741953660106091
450,34,"phase,",14.177275507141962
450,35,or,13.49254411119003
450,36,the,7.7714817890709
450,37,result,16.95722067838144
450,38,of,6.4228137301937
450,39,another,5.9394463545560505
450,40,condition.,4.875966083823004
451,1,For,0.0
451,2,"example,",9.130990954725478
451,3,parents,10.44121395103025
451,4,may,38.21736312943312
451,5,think,33.62211559937569
451,6,that,28.616946733056157
451,7,eye,23.03584202156195
451,8,blinking,43.39160048658791
451,9,is,32.35744078929506
451,10,related,22.990871353079402
451,11,to,24.18135265409733
451,12,vision,17.130938726229044
451,13,problems,19.161059182006465
451,14,or,20.233618729646814
451,15,that,13.266766625041432
451,16,sniffing,13.232240102857109
451,17,is,12.789795866478288
451,18,related,12.070068492472886
451,19,to,6.869064678600935
451,20,seasonal,5.433877006920447
451,21,allergies.,4.831016436314644
452,1,There,0.0
452,2,are,8.877062698310162
452,3,many,13.973355798267425
452,4,patients,8.161370311391352
452,5,who,21.117166936231822
452,6,are,20.31513212129987
452,7,self-diagnosed,24.031806365415964
452,8,after,26.283874119009916
452,9,"they,",20.46939767841441
452,10,their,19.193826692510054
452,11,"parents,",31.20651922784932
452,12,other,24.725872826148777
452,13,"relatives,",23.159684766771147
452,14,or,23.216565368187393
452,15,friends,14.885223307703988
452,16,read,21.11025564142425
452,17,or,13.62881133959057
452,18,hear,29.209910043046975
452,19,about,8.708174181944567
452,20,Tourette's,9.002172541822963
452,21,from,10.186240776398412
452,22,others.,8.764777109309305
453,1,Tics,0.0
453,2,are,7.251299004883773
453,3,classified,18.904692082614925
453,4,as,16.098967116439066
453,5,either,12.924652544569703
453,6,simple,20.556112921818958
453,7,or,22.626578502816017
453,8,complex.,8.257383921770941
454,1,Simple,0.0
454,2,motor,28.126383935683034
454,3,tics,30.939136800903754
454,4,are,18.38324515674781
454,5,"sudden,",25.49681839102884
454,6,"brief,",19.499914320231333
454,7,repetitive,16.5862483988424
454,8,movements,18.249552809264426
454,9,that,17.466421725376037
454,10,involve,8.138784259810166
454,11,a,8.88362054189792
454,12,limited,10.668975251346188
454,13,number,11.559861451100863
454,14,of,5.959476507637222
454,15,muscle,5.9355706585060855
454,16,groups.,9.407951807613259
455,1,Some,0.0
455,2,of,10.358177975471273
455,3,the,20.399889299228683
455,4,more,15.76764322748247
455,5,common,21.907467202912756
455,6,simple,17.524312203543687
455,7,tics,15.965766037397868
455,8,include,15.340236845063766
455,9,eye,16.251298578159833
455,10,"blinking,",35.54425131960648
455,11,facial,25.07049767059154
455,12,"grimacing,",20.2302092703337
455,13,shoulder,13.211353288236568
455,14,"shrugging,",14.481201640112017
455,15,and,8.013387191834278
455,16,head,10.089256620893497
455,17,or,15.531505039203969
455,18,shoulder,19.961082001465492
455,19,jerking.,4.171177037342087
456,1,Simple,0.0
456,2,"vocalizations,",12.73372892841942
456,3,which,25.209905066056592
456,4,motor,26.133535312775543
456,5,tics,44.39599808571831
456,6,typically,30.765691953543307
456,7,"precede,",25.246292811360842
456,8,might,27.693983349065928
456,9,include,17.905250679517092
456,10,repetitive,23.394763988000335
456,11,"throat-clearing,",22.8648595143074
456,12,"sniffing,",19.603342499055888
456,13,or,8.2883095827315
456,14,grunting,5.9653077917058095
456,15,sounds.,7.2279359558402065
457,1,Complex,0.0
457,2,tics,15.952115946381538
457,3,are,20.655024185922453
457,4,"distinct,",22.186684476241542
457,5,coordinated,15.634982001982328
457,6,patterns,17.880721481955135
457,7,of,16.111022369338283
457,8,movement,15.86673094578575
457,9,that,17.558708690720586
457,10,involve,6.691239679004461
457,11,several,6.533865465607627
457,12,muscle,5.5401075516750256
457,13,groups.,6.50859003397996
458,1,Complex,0.0
458,2,motor,16.845750183015554
458,3,tics,41.79012762276939
458,4,might,18.04760106360154
458,5,include,29.128539396994135
458,6,facial,23.834100785411557
458,7,grimacing,24.617459316355713
458,8,combined,21.016874737433223
458,9,with,27.47716659469427
458,10,a,11.510812989318646
458,11,head,11.965245391926702
458,12,twist,15.462323502297293
458,13,and,9.537508593093275
458,14,a,8.21443351602109
458,15,shoulder,7.175967395254532
458,16,shrug.,3.9300620312362913
459,1,Other,0.0
459,2,complex,10.631868414331933
459,3,motor,19.507460660977216
459,4,tics,22.4669322696143
459,5,may,17.230686567690917
459,6,actually,26.59072573666199
459,7,appear,22.963702608787663
459,8,"purposeful,",19.260344293397274
459,9,including,21.786817460727185
459,10,sniffing,19.288131315318864
459,11,or,27.1589830079301
459,12,touching,18.60319944436374
459,13,"objects,",14.787703453113922
459,14,"hopping,",19.403147378814456
459,15,"jumping,",19.385277424736316
459,16,"bending,",8.318808909449487
459,17,or,5.208864524459756
459,18,twisting.,1.7391958884092207
460,1,Complex,0.0
460,2,vocal,7.182554787611494
460,3,tics,15.798002292943377
460,4,include,11.309175821422022
460,5,words,12.136753736136264
460,6,or,16.200890355702786
460,7,phrases.,12.076396338824635
461,1,Perhaps,0.0
461,2,the,9.9492004799971
461,3,most,9.568212473020246
461,4,dramatic,12.506158389110036
461,5,and,11.081086152481008
461,6,disabling,25.470998807637457
461,7,tics,17.017635319715325
461,8,include,12.70277196527279
461,9,motor,11.250256758015222
461,10,movements,53.94677981610397
461,11,that,28.43761238281258
461,12,result,35.426436324459424
461,13,in,39.26494507774504
461,14,self-harm,31.980655995309633
461,15,such,31.568488350648945
461,16,as,37.67809202911974
461,17,punching,40.87223596415744
461,18,oneself,34.64029122311683
461,19,in,23.6198428319151
461,20,the,38.49171288528369
461,21,"face,",20.353804914094813
461,22,or,18.954830819006986
461,23,vocal,21.043172980788704
461,24,tics,26.172215318092903
461,25,including,26.835801852556916
461,26,"coprolalia,",27.979222250949373
461,27,which,24.28085119595786
461,28,involves,27.277999043919458
461,29,uttering,16.440657673509673
461,30,swear,13.714322884483416
461,31,"words,",15.669924112180777
461,32,or,9.979696744617732
461,33,"echolalia,",12.198238318490562
461,34,which,26.716889307127715
461,35,involves,9.16986118561903
461,36,repeating,8.581354036806044
461,37,the,7.895340096694579
461,38,words,18.745506854619205
461,39,or,11.476000902370998
461,40,phrases,12.374507170691908
461,41,of,18.651676843464124
461,42,others.,6.643726958766679
462,1,Tics,0.0
462,2,are,8.866792582331238
462,3,often,21.19243970092218
462,4,worse,18.67431650626997
462,5,with,17.328491553392738
462,6,excitement,24.953989034162603
462,7,or,22.24092445066198
462,8,anxiety,20.285525694914803
462,9,and,11.640516779656718
462,10,better,20.04181756127159
462,11,during,30.65556494835295
462,12,"calm,",10.513616851974573
462,13,focused,24.958634618778795
462,14,activities.,4.39316625996061
463,1,Certain,0.0
463,2,physical,12.380043167267038
463,3,experiences,30.17403689407977
463,4,can,12.362747560000368
463,5,trigger,11.049354579474892
463,6,or,9.77855645609728
463,7,worsen,19.49924414683658
463,8,tics.,5.2194904533968085
464,1,For,0.0
464,2,"example,",7.838235892303539
464,3,tight,9.591285278499036
464,4,collars,43.632877011275156
464,5,may,24.67337130610784
464,6,trigger,54.1517087964316
464,7,neck,61.5075681365561
464,8,"tics,",55.13186122734794
464,9,or,41.283177179037
464,10,hearing,22.80002403273261
464,11,another,26.029275495719368
464,12,person,37.14259721636485
464,13,sniff,30.568226611804327
464,14,or,29.454113819941064
464,15,throat-clear,33.345260357271684
464,16,may,26.12137880509063
464,17,trigger,18.255535263395892
464,18,the,11.159844849645078
464,19,production,14.955609346603811
464,20,of,10.30177117819647
464,21,similar,6.951337012225263
464,22,sounds.,6.543008667786049
465,1,Tics,0.0
465,2,come,10.341225301610423
465,3,and,24.66300900742805
465,4,go,56.614117179440896
465,5,over,20.081521379309535
465,6,"time,",18.577056361606083
465,7,varying,14.145374909452215
465,8,in,30.944616318645064
465,9,"type,",22.21109823044911
465,10,"frequency,",13.20694110557543
465,11,"location,",8.110157134885856
465,12,and,5.165644090832388
465,13,severity.,2.2384262805207684
466,1,The,0.0
466,2,first,7.936936047703101
466,3,symptoms,20.22841227735941
466,4,Tourette's,27.096477181846062
466,5,patients,59.72779191549026
466,6,experience,46.138415289459154
466,7,usually,34.963711842833504
466,8,occur,37.96049306677913
466,9,in,20.714107256284684
466,10,the,21.73050539633349
466,11,head,21.037472218115976
466,12,and,20.49960720496039
466,13,neck,20.50209336466343
466,14,"area,",15.380604634372116
466,15,though,13.864643737341378
466,16,they,14.746871445009688
466,17,may,20.72014834306395
466,18,progress,13.06223682450814
466,19,to,13.355707794213206
466,20,include,14.791347816543054
466,21,muscles,13.286879764958151
466,22,of,10.725326961771751
466,23,the,12.844410873253993
466,24,trunk,9.07967750292923
466,25,and,3.3962618293774622
466,26,extremities.,4.390102972164165
467,1,The,0.0
467,2,symptoms,7.844065416237184
467,3,of,21.824923097735244
467,4,Tourette's,11.050812304423605
467,5,are,36.0676591056674
467,6,"involuntary,",26.210681312499098
467,7,but,34.612250763261365
467,8,there,26.699693600283364
467,9,are,23.109309269387886
467,10,some,26.08391668416644
467,11,people,21.32396244426927
467,12,who,30.03745811877129
467,13,can,13.686292203453986
467,14,sometimes,15.366475937136267
467,15,"suppress,",17.026686239933365
467,16,"camouflage,",14.837508352370055
467,17,or,27.062801412152666
467,18,otherwise,17.88250178723783
467,19,manage,21.690413289840016
467,20,their,15.74757056260774
467,21,tics,18.107494803748132
467,22,in,9.706485433299003
467,23,an,15.377337453081386
467,24,effort,26.417037259753226
467,25,to,9.123277606061269
467,26,minimize,3.3547088149126187
467,27,their,6.3648327511945855
467,28,impact,6.753429879302961
467,29,on,12.605579122257197
467,30,functioning.,1.1085760850199413
468,1,"However,",0.0
468,2,people,8.407113225521503
468,3,affected,16.548443086538413
468,4,by,23.595977734610532
468,5,Tourette's,22.41438727020944
468,6,often,38.292505961230745
468,7,report,30.274529452666627
468,8,a,32.51151454275823
468,9,substantial,36.58590930401161
468,10,buildup,33.291530461895874
468,11,in,23.30931350501023
468,12,tension,25.63004756773562
468,13,when,24.73904743888005
468,14,suppressing,21.61462823720286
468,15,their,18.173675504058455
468,16,tics,18.45570936950717
468,17,to,11.620648645149528
468,18,the,20.20029506487154
468,19,point,39.52463046414691
468,20,where,14.691392695678461
468,21,they,6.330519314171066
468,22,often,7.258354732871323
468,23,feel,9.033331514716407
468,24,that,8.38721785594921
468,25,the,9.491663939682175
468,26,tic,11.427205859376153
468,27,must,8.995613830260261
468,28,be,8.559356605252738
468,29,expressed.,6.587507055953906
469,1,Tics,0.0
469,2,in,12.097112444540821
469,3,response,14.138969587603482
469,4,to,24.998058728532943
469,5,an,14.545768922804475
469,6,environmental,21.21670387321916
469,7,trigger,21.20337027327608
469,8,can,16.082811195204002
469,9,appear,38.412031667805934
469,10,to,24.79787771624334
469,11,be,27.968915438172324
469,12,voluntary,15.35760831280284
469,13,or,12.268202354960833
469,14,"purposeful,",19.759472154625293
469,15,but,17.365366772771942
469,16,are,12.416441005803112
469,17,not.,6.103323083680562
470,1,Many,0.0
470,2,people,10.622362589253443
470,3,with,21.73777604889004
470,4,Tourette's,27.517912756583435
470,5,experience,37.25242694954319
470,6,additional,29.516439902657115
470,7,neurobehavioral,20.750881726077232
470,8,problems,16.844300111294803
470,9,that,9.074647224026192
470,10,include,12.92564630332205
470,11,"inattention,",23.627010993560653
470,12,hyperactivity,12.297164915922274
470,13,and,7.111469027891333
470,14,impulsivity.,3.685916403288799
471,1,People,0.0
471,2,with,7.627771091414271
471,3,Tourette's,12.288554588383453
471,4,have,36.38221296633837
471,5,also,37.70928819863589
471,6,reported,44.52845430789862
471,7,problems,49.02414116736289
471,8,with,34.85494863856666
471,9,depression,41.898912324867595
471,10,or,24.9366658451783
471,11,anxiety,19.042150119225944
471,12,"disorders,",19.746710767833925
471,13,as,29.192692575022836
471,14,well,30.623386317194832
471,15,as,12.715457722693444
471,16,other,4.409477470780487
471,17,difficulties,8.776000154284372
471,18,Tourette's,9.61478906712643
471,19,syndrome,31.169689993675004
471,20,may,26.032913812883432
471,21,or,15.852651776194314
471,22,may,50.49153327969166
471,23,not,25.222405661312145
471,24,directly,13.31199370487666
471,25,cause.,9.024110433116903
472,1,Tourette's,0.0
472,2,is,25.63429753851025
472,3,a,34.00983062174972
472,4,diagnosis,33.91481123904392
472,5,doctors,33.38105895450757
472,6,make,29.752184949344663
472,7,after,28.517983100235472
472,8,verifying,27.41783605204637
472,9,that,22.69676932528374
472,10,the,26.462800440414323
472,11,patient,20.107302460084956
472,12,has,14.661647651276796
472,13,had,14.368822476425718
472,14,both,17.799548863175847
472,15,motor,20.307090835982635
472,16,and,34.048092956450546
472,17,vocal,45.208943587510156
472,18,tics,25.193235325154244
472,19,for,20.496888454845433
472,20,at,16.609458261057785
472,21,least,6.762542371997241
472,22,one,0.8189071938888234
472,23,year.,4.262079820979241
473,1,The,0.0
473,2,existence,9.96254151818983
473,3,of,21.6875963268825
473,4,other,9.726354476089568
473,5,neurological,12.444485066545331
473,6,or,29.611516319109505
473,7,psychiatric,40.40792124495032
473,8,conditions,14.771982604989878
473,9,can,8.892945855060956
473,10,also,13.288822561599165
473,11,help,12.6212984520969
473,12,doctors,12.23503597369423
473,13,establish,12.550951251716652
473,14,the,9.795115531538258
473,15,diagnosis,10.328921305366253
473,16,of,6.797453124921423
473,17,Tourette's,5.26016796196153
473,18,is,7.742689592376704
473,19,the,27.430938931888857
473,20,correct,39.418617859032175
473,21,one.,11.371757605138585
474,1,Knowledgeable,0.0
474,2,clinicians,15.970918465635068
474,3,consulted,27.977343770445323
474,4,by,20.707965433354904
474,5,patients,16.065260752644416
474,6,do,16.055646750478534
474,7,not,27.50768615221518
474,8,often,13.161005463936721
474,9,misdiagnose,15.537801915242419
474,10,common,9.768331528559873
474,11,tics.,9.770255925744474
475,1,"However,",0.0
475,2,atypical,9.08251454889208
475,3,symptoms,8.441484302261737
475,4,or,33.27027082650947
475,5,atypical,38.853515604119686
475,6,presentation,30.387461172425088
475,7,such,31.122856751739995
475,8,as,48.993408899549614
475,9,onset,38.14988857408083
475,10,of,25.93646660602511
475,11,symptoms,19.792204532297987
475,12,in,16.67998479097276
475,13,adulthood,17.848899747044303
475,14,may,18.048285409441615
475,15,require,6.537446268011121
475,16,specialty,12.345409749803515
475,17,expertise,5.671200879871587
475,18,for,3.3170047956873385
475,19,diagnosis.,3.5999103733407463
476,1,There,0.0
476,2,are,22.517399546614083
476,3,no,8.724776876485368
476,4,blood,8.240844182285658
476,5,or,21.1716484602854
476,6,laboratory,38.08937897212319
476,7,tests,19.747732635000773
476,8,needed,6.65220268607403
476,9,for,10.939918708064857
476,10,diagnosis.,5.739502098051147
477,1,"However,",0.0
477,2,neuroimaging,8.84529131132037
477,3,"studies,",23.08904924016396
477,4,which,51.88137992496904
477,5,include,59.27652212334675
477,6,magnetic,64.87460590803872
477,7,resonance,62.45529809716214
477,8,"imaging,",35.98851045396588
477,9,computerized,39.368013484987365
477,10,"tomography,",25.49861775951349
477,11,and,25.065131295936666
477,12,"electroencephalograms,",43.44755772927505
477,13,as,50.78169606905437
477,14,well,47.247733054531544
477,15,as,41.94884907838513
477,16,certain,25.854185774039326
477,17,lab,21.644649141776508
477,18,tests,20.29963002435881
477,19,may,16.47453588559374
477,20,be,15.866753851725063
477,21,used,13.96384948948773
477,22,to,10.115840567740495
477,23,rule,9.542069008676084
477,24,out,15.047266524917047
477,25,other,8.69306829003543
477,26,conditions,10.654606689369734
477,27,that,8.522710640090745
477,28,Tourette's,7.444366671974651
477,29,might,46.05183457478059
477,30,be,16.157375786899312
477,31,confused,21.078139614638275
477,32,with.,4.011903218588822
478,1,In,0.0
478,2,terms,6.396752985137856
478,3,of,22.624921724072305
478,4,the,15.260837614639934
478,5,role,23.039178398997365
478,6,of,20.514032636762472
478,7,genes,20.590959831558465
478,8,in,35.45739581360124
478,9,the,35.8905315723062
478,10,"disorder,",40.05646866777048
478,11,evidence,20.292000401014246
478,12,from,21.022892335144505
478,13,twin,26.385446317498168
478,14,and,26.038535047016282
478,15,family,40.71264417421363
478,16,studies,24.36429637198782
478,17,suggests,14.565663677001346
478,18,that,17.35276236583238
478,19,Tourette's,10.068036627508114
478,20,is,14.427940780389928
478,21,an,11.197984348424752
478,22,inherited,19.24111479547009
478,23,disorder.,1.973645834020346
479,1,Although,0.0
479,2,early,6.721733466000029
479,3,family,13.858023544668221
479,4,studies,20.899668130913593
479,5,suggested,19.192813585709484
479,6,an,31.54809365900939
479,7,autosomal,36.421119225581855
479,8,dominant,38.851679173373775
479,9,mode,28.88534732954158
479,10,of,29.09337496428547
479,11,inheritance,27.112241756559087
479,12,characterized,18.489030513661717
479,13,the,30.623888151821134
479,14,"condition,",19.593830713703653
479,15,more,26.123733408814676
479,16,recent,31.53966193545349
479,17,studies,16.56628899529218
479,18,discovered,8.161271002159392
479,19,the,10.084107046493411
479,20,pattern,10.586584979275417
479,21,of,9.688411378809949
479,22,inheritance,17.600048321742214
479,23,was,12.262330724837243
479,24,much,8.45129780161539
479,25,more,7.898119195253003
479,26,complex.,2.1559605141125333
480,1,Although,0.0
480,2,there,7.025400480906077
480,3,may,15.485998591019404
480,4,be,14.199322427374863
480,5,a,10.302427305445656
480,6,few,10.57470619669936
480,7,genes,9.183697101874197
480,8,that,19.54943384383788
480,9,have,24.77274447261589
480,10,substantial,26.525251468526232
480,11,"effects,",29.641406946825125
480,12,it's,28.33232638827437
480,13,also,34.809483734941196
480,14,possible,31.792558924775197
480,15,that,29.046366339011403
480,16,many,22.79316364478969
480,17,genes,20.79641293438906
480,18,with,14.78584398475448
480,19,smaller,21.197706981323407
480,20,effects,22.0471002826114
480,21,and,18.004263768098816
480,22,environmental,18.11793393298996
480,23,factors,18.288793193177334
480,24,may,8.559006644743292
480,25,play,6.786366553554276
480,26,a,20.75114243699618
480,27,role,13.58825930714941
480,28,in,11.067585667560326
480,29,the,4.479046383828472
480,30,development,6.110687239039182
480,31,of,6.2269308199718125
480,32,Tourette's.,3.272125588384688
481,1,Genetic,0.0
481,2,studies,9.503229516322337
481,3,also,22.78483428853226
481,4,suggest,29.561071120382525
481,5,that,29.291522883667895
481,6,some,30.434375287858046
481,7,forms,32.838849251132395
481,8,of,32.30812566706907
481,9,Attention,27.70713804405645
481,10,Deficit,44.378443558570766
481,11,Hyperactivity,38.89751753732559
481,12,Disorder,27.964943993300768
481,13,and,25.69472183707306
481,14,Obsessive,26.315340580759727
481,15,Compulsive,34.80614022022577
481,16,Disorder,37.978110066624595
481,17,are,33.155237306774815
481,18,genetically,21.113288899437517
481,19,related,21.204784701592438
481,20,to,19.110894916939667
481,21,"Tourette's,",18.897844808349138
481,22,but,18.756746920166343
481,23,there,36.91084745564383
481,24,is,31.420204866079366
481,25,less,25.76009404962891
481,26,evidence,22.54478188260928
481,27,for,19.02307225574838
481,28,a,17.452105325200144
481,29,genetic,23.055951638521556
481,30,relationship,27.745160946660526
481,31,between,24.70064858623203
481,32,Tourette's,38.66042936525384
481,33,and,27.685176727516208
481,34,other,35.50736290324605
481,35,neurobehavioral,23.480223782238642
481,36,problems,20.107647326951984
481,37,that,13.134823284685513
481,38,Tourette's,13.417789153678772
481,39,commonly,22.034572219845444
481,40,co-occurs,30.04228924176463
481,41,with.,10.291953641617267
482,1,An,0.0
482,2,important,7.264410962185553
482,3,role,14.275742230355148
482,4,in,22.97636483145744
482,5,Tourette's,21.296189438933723
482,6,gene,17.865806071580742
482,7,expression,23.294155577600293
482,8,is,17.264718322660997
482,9,played,21.760383404822104
482,10,by,19.76146009671216
482,11,the,12.792801443346452
482,12,sex,14.66476957440827
482,13,of,17.012903609412255
482,14,the,20.515748116678324
482,15,person.,8.493043902883416
483,1,In,0.0
483,2,"particular,",5.639691547415204
483,3,males,11.84411822590234
483,4,affected,29.230639133453302
483,5,by,27.66710478250186
483,6,the,24.625467774484466
483,7,gene,24.60557643306832
483,8,are,23.374545105625625
483,9,more,35.64019839822886
483,10,likely,36.453115823852954
483,11,to,18.366038604247542
483,12,have,12.659923132745261
483,13,tics,11.399836497322182
483,14,and,14.349117177242148
483,15,females,12.014959126941733
483,16,who,23.375626833503887
483,17,have,25.04862515890541
483,18,a,22.550525780680626
483,19,genetic,23.74890980811823
483,20,predisposition,23.35494130845281
483,21,are,25.177953849707492
483,22,more,38.00186614036466
483,23,likely,16.485758334003986
483,24,to,11.232595155544143
483,25,have,10.803046128613282
483,26,obsessive-compulsive,11.864216821192532
483,27,symptoms.,7.0130582700832935
484,1,Much,0.0
484,2,current,13.513084133208118
484,3,research,15.25788974601282
484,4,is,21.929227823761124
484,5,aimed,25.094448640983465
484,6,at,31.686299777155998
484,7,better,30.644084139005447
484,8,understanding,25.660031947493792
484,9,the,13.890715941749047
484,10,genetic,13.561674714023857
484,11,basis,18.47883548960773
484,12,and,10.538158937486433
484,13,symptomology,25.731725747845235
484,14,of,17.042476026228115
484,15,"Tourette's,",7.372435775064295
484,16,as,11.090868402049555
484,17,well,15.56114869445849
484,18,as,13.265042224869184
484,19,its,5.86125714317429
484,20,relationship,8.99527003425396
484,21,to,8.39807895940469
484,22,related,3.7489524784218324
484,23,disorders.,2.944141470161822
485,1,The,0.0
485,2,hope,5.755206790554925
485,3,is,16.83291099019804
485,4,that,28.20582753763079
485,5,this,14.496497613158791
485,6,research,21.822756460299676
485,7,leads,27.99245984157761
485,8,to,24.012022889368662
485,9,better,19.02737094060887
485,10,diagnostic,19.165211891217574
485,11,tools,10.357284530974498
485,12,and,6.975267495183906
485,13,better,7.84897046355449
485,14,treatments,7.523953675542383
485,15,for,4.805626351713791
485,16,Tourette's.,7.002346793717437
