word,dlt_stor
Unveiling,3
a,3
car,2
with,2
a,2
top,2
speed,2
of,2
"25mph,",4
two,2
seats,1
and,1
no,2
pedals,2
or,2
steering,2
wheel,1
might,1
not,1
make,1
much,1
of,1
an,1
impression,1
at,1
a,1
motor,1
show.,0
But,1
"Google,",2
in,2
the,2
"US,",2
sent,3
a,3
minor,3
earthquake,2
through,2
the,2
car,2
and,2
taxi,2
industries,1
as,1
it,1
unveiled,1
the,1
latest,1
version,1
of,1
its,1
driverless,1
car.,0
The,1
electrically,2
powered,1
"vehicle,",4
which,2
Google,2
has,2
begun,2
testing,2
around,2
its,2
headquarters,2
in,2
Mountain,2
"View,",4
"California,",2
dispenses,1
with,1
all,1
the,1
normal,1
"controls,",2
including,1
foot,1
pedals.,0
"Instead,",2
it,1
has,1
a,1
smartphone,1
app,2
that,2
summons,3
it,2
and,2
tells,3
it,2
the,2
"destination,",2
and,1
a,1
single,1
STOP,1
button,1
mounted,2
between,2
the,2
two,2
front-facing,8
seats,1
in,2
case,1
the,2
occupants,1
need,1
to,1
override,1
the,1
computer.,0
The,1
"car,",2
in,2
"fact,",2
takes,2
over,1
all,1
the,1
tasks,1
of,1
"navigation,",6
"steering,",4
acceleration,1
and,1
braking.,0
The,1
company,1
is,1
building,2
about,3
100,2
prototypes,1
for,1
a,1
two-year,5
test.,0
The,1
company's,3
"co-founder,",4
Sergey,2
"Brin,",2
told,2
a,2
conference,2
in,2
California,1
that,1
the,2
vehicle,1
was,1
“still,2
in,1
the,1
prototype,1
stage”,2
but,1
that,1
the,2
project,1
was,1
“about,2
changing,2
the,2
world,1
for,1
people,1
who,1
are,1
not,1
well,1
served,2
by,2
transportation,1
today.”,0
He,1
said,2
of,2
the,2
car:,2
“You're,3
just,1
sitting,2
there;,2
no,1
steering,1
"wheel,",2
no,1
pedals.,0
For,1
"me,",2
it,1
was,1
very,1
relaxing.,0
About,1
ten,1
seconds,2
after,2
getting,2
"in,",2
I,1
forgot,1
I,1
was,1
there.,0
It,1
reminded,2
me,1
of,1
catching,3
a,3
chairlift,2
by,2
yourself,1
–,1
a,1
bit,1
of,1
solitude,1
I,1
found,1
really,1
enjoyable.”,0
Google,1
says,1
that,1
the,2
principal,2
aim,2
of,2
the,2
project,1
is,1
to,1
improve,3
safety,2
and,2
"that,",4
because,2
the,3
car,2
is,2
constructed,2
with,2
impact-absorbing,8
foam,2
at,2
the,2
front,2
and,2
a,2
plastic,2
"windscreen,",2
“it,2
should,1
be,1
far,1
safer,1
than,1
any,1
other,1
car,1
for,1
pedestrians”.,0
The,1
"cars,",4
which,2
have,2
been,2
built,4
specially,3
by,3
a,3
company,3
(as,6
yet,3
unnamed),4
in,2
"Detroit,",2
will,1
be,1
used,1
to,1
investigate,1
further,1
how,1
best,1
to,1
make,2
driverless,2
vehicles,1
work.,0
Google,1
will,1
now,1
run,1
a,1
program,2
to,2
test,3
the,3
cars,2
"further,",2
which,1
are,1
not,1
yet,1
for,1
sale.,0
One,1
challenge,1
is,1
creating,2
high-definition,8
scans,2
of,2
the,2
roads,2
and,2
surroundings,1
before,1
the,2
cars,1
can,1
drive,2
along,2
them,1
because,1
they,1
cannot,2
gather,1
and,1
process,2
enough,2
information,1
in,1
real,1
time.,0
So,1
"far,",2
there,1
are,2
high-detail,8
maps,2
of,2
about,3
"2,000",2
miles,2
of,2
California's,5
"roads,",2
but,1
the,2
state,1
has,1
more,3
than,2
"170,000",1
miles,1
of,1
public,1
roads.,0
Google,1
says,1
it,1
is,1
interested,1
in,1
licensing,3
the,3
technology,2
to,2
traditional,2
vehicle,2
manufacturers,1
once,1
it,1
has,1
refined,2
it,1
sufficiently.,0
Members,2
of,2
the,2
team,1
had,1
been,1
working,2
on,2
the,2
project,1
even,1
before,1
joining,2
"Google,",2
for,1
more,2
than,1
a,1
decade.,0
But,1
the,2
prospect,2
of,2
driverless,2
cars,2
replacing,2
human-driven,8
taxis,1
has,1
been,1
the,1
cause,1
of,1
some,1
alarm.,0
“If,1
you,1
get,2
rid,2
of,2
the,2
"driver,",2
then,1
they're,2
"unemployed,”",3
said,1
Dennis,2
"Conyon,",2
the,1
south-,4
east,1
director,1
for,1
the,1
UK,1
National,1
Taxi,1
Association.,0
“It,1
would,1
have,1
a,1
major,1
impact,1
on,1
the,1
labor,1
force.”,0
London,1
has,2
about,3
"22,000",2
licensed,2
cabs,2
and,2
Conyon,2
estimates,1
that,1
the,2
total,2
number,2
of,2
people,2
who,2
drive,3
taxis,2
for,2
hire,2
in,2
the,2
UK,1
is,1
about,1
"100,000.",0
"However,",2
Steve,3
"McNamara,",4
general,2
secretary,2
of,2
the,2
"10,500-strong",8
London,3
Taxi,3
Drivers',5
"Association,",2
said:,2
“You,2
won't,2
get,3
these,3
driverless,3
cars,2
in,2
London,1
for,1
20,2
or,2
25,1
years.,0
"Maybe,",2
by,2
"then,",2
they'll,2
have,2
a,2
charge,2
point,1
–,1
because,1
there,1
isn't,5
a,2
single,2
one,2
in,2
London,1
now.”,0
Other,1
car,1
"makers,",4
including,2
"Volvo,",6
Ford,2
and,2
"Mercedes,",2
are,1
working,1
on,1
driver-assisted,5
"vehicles,",2
"which,",2
unlike,2
Google's,5
"version,",2
do,1
not,1
dispense,1
with,1
the,1
driver,1
controls.,0
But,1
Chris,3
"Urmson,",4
director,2
of,2
the,2
self-driving,8
car,2
project,2
at,2
"Google,",2
said,1
that,1
the,2
new,2
prototypes,1
dispensed,2
with,2
the,2
steering,2
wheel,2
and,2
brakes,1
because,1
there,1
was,1
no,1
guarantee,1
that,1
a,2
human,2
occupant,1
would,1
be,1
able,2
to,2
take,3
over,2
in,2
an,2
"emergency,",2
and,1
that,1
it,1
was,1
simpler,1
just,1
to,1
have,1
an,1
emergency,2
stop,1
button.,0
Urmson,1
said:,2
“The,3
vehicles,1
will,1
be,1
very,1
basic.,0
We,1
want,1
to,1
learn,2
from,2
them,1
and,1
adapt,2
them,1
as,1
quickly,1
as,1
possible.,0
But,1
they,1
will,1
take,2
you,1
where,1
you,1
want,1
to,1
go,1
at,1
the,1
push,1
of,1
a,1
button.,0
"And,",2
that's,2
an,1
important,1
step,1
towards,1
improving,2
road,2
safety,1
and,1
transforming,2
mobility,1
for,1
millions,1
of,1
people.”,0
So,1
"far,",2
the,2
Google,2
versions,2
of,2
the,2
self-driving,8
cars,1
have,1
covered,2
"700,000",2
miles,1
without,1
an,1
accident,1
caused,1
by,1
the,1
computer.,0
The,1
company,1
points,2
out,1
that,1
thousands,2
of,2
people,1
die,3
each,3
year,2
on,2
the,2
roads,1
and,1
that,1
about,2
80%,4
of,2
crashes,1
can,1
be,1
ascribed,1
to,1
human,1
error.,0
"But,",2
they,1
could,1
have,1
some,1
way,1
to,1
go,1
to,1
match,2
Conyon,1
at,1
the,1
National,1
Taxi,1
Association.,0
Aged,1
"79,",2
he,1
has,1
been,1
driving,3
a,3
taxi,2
for,2
50,2
years,1
and,1
claims,1
never,1
to,1
have,1
had,1
an,1
accident.,0
A,1
car,2
with,2
a,2
maximum,2
speed,2
of,2
25,2
miles,2
per,2
"hour,",2
two,2
seats,2
and,2
no,2
pedals,2
or,2
steering,2
wheel,1
does,1
not,1
sound,1
very,1
interesting.,0
But,1
"Google,",2
in,2
the,2
"US,",2
shocked,2
the,2
car,3
and,3
taxi,2
industries,1
when,1
it,1
unveiled,1
the,1
latest,1
version,1
of,1
its,1
driverless,1
car.,0
Google,1
has,1
begun,1
testing,2
the,2
electric,2
car,1
at,1
its,1
headquarters,1
in,1
Mountain,1
"View,",2
California.,0
The,1
car,1
does,1
not,1
have,1
all,1
the,1
normal,1
car,1
"controls,",2
such,2
as,1
foot,1
pedals.,0
"Instead,",2
it,1
has,1
a,1
smartphone,1
app,2
that,2
calls,3
it,2
and,2
tells,4
it,3
the,3
"destination,",4
and,2
a,2
STOP,2
button,2
between,2
the,2
two,2
seats,1
in,2
case,1
the,2
passengers,1
need,1
to,1
override,1
the,1
computer.,0
The,1
company,1
is,1
building,2
about,3
100,2
prototypes,1
for,1
a,1
two-year,5
test.,0
The,1
company's,3
"co-founder,",4
Sergey,2
"Brin,",2
said,1
that,1
the,2
vehicle,1
was,1
still,1
just,1
a,1
prototype.,0
He,1
says,1
that,1
they,1
want,1
to,1
change,2
the,2
world,1
for,1
people,1
who,1
do,1
not,1
find,2
it,1
easy,1
to,1
use,2
transportation,1
today.,0
Talking,2
about,2
the,2
"car,",2
he,1
"said,",2
“You're,3
just,1
sitting,2
there;,2
no,1
steering,1
"wheel,",2
no,1
pedals.,0
For,1
"me,",2
it,1
was,1
very,1
relaxing.,0
About,1
ten,1
seconds,1
after,2
getting,2
into,2
the,2
"car,",2
I,1
forgot,1
I,1
was,1
there.,0
I,1
found,2
it,1
really,1
fun.”,0
Google,1
says,1
that,1
the,2
aim,2
of,2
the,2
project,1
is,1
to,1
improve,1
safety.,0
They,1
say,2
that,2
the,3
car,2
is,2
made,3
with,3
foam,2
at,2
the,2
front,2
and,2
a,2
plastic,2
"windscreen,",2
so,1
“it,2
should,1
be,1
far,1
safer,1
than,1
any,1
other,1
car,1
for,1
pedestrians.”,0
The,1
cars,1
have,1
been,1
built,2
specially,1
by,1
a,1
company,1
in,1
Detroit.,0
Google,1
will,1
now,1
test,1
the,1
"cars,",2
which,1
are,1
not,1
yet,1
for,1
sale.,0
There,1
need,1
to,1
be,2
detailed,2
scans,2
of,2
the,2
roads,1
before,1
the,2
cars,1
can,1
drive,2
on,2
"them,",2
because,1
they,1
cannot,2
collect,1
and,1
process,2
enough,2
information,1
in,1
real,1
time.,0
So,1
"far,",2
there,1
are,2
detailed,2
maps,2
of,2
about,3
"2,000",2
miles,2
of,2
California's,5
"roads,",2
but,1
California,1
has,1
more,3
than,2
"170,000",1
miles,1
of,1
roads.,0
Google,1
says,1
it,1
wants,1
to,1
license,3
the,3
technology,2
to,2
traditional,2
car,2
makers,1
when,1
they,1
have,1
improved,1
it.,0
But,1
the,2
idea,2
that,2
driverless,3
cars,2
will,2
replace,3
taxis,2
with,2
human,2
drivers,1
has,1
alarmed,1
some,1
people.,0
Dennis,3
Conyon,2
from,2
the,2
UK,2
National,2
Taxi,2
Association,1
said,1
that,1
taxi,2
drivers,1
will,1
become,1
unemployed.,0
London,1
has,2
about,3
"22,000",2
taxis,1
and,1
Conyon,1
thinks,1
that,1
the,2
total,2
number,2
of,2
people,2
who,2
drive,3
taxis,2
in,2
the,2
UK,1
is,1
about,1
"100,000.",0
Other,1
car,1
"makers,",4
including,2
"Volvo,",6
Ford,2
and,2
"Mercedes,",2
are,1
going,1
to,1
make,1
vehicles,1
that,1
will,1
be,1
different,2
from,2
Google's,5
version,1
because,1
they,1
will,1
have,1
driver,1
controls.,0
But,1
Chris,3
"Urmson,",4
director,2
of,2
the,2
driverless,2
car,2
project,2
at,2
"Google,",2
said,1
that,1
the,2
new,2
prototypes,1
do,1
not,1
have,2
a,2
steering,2
wheel,2
or,2
brakes,1
because,1
a,2
human,2
passenger,1
might,1
not,1
be,1
able,1
to,1
take,2
control,1
in,1
an,1
emergency.,0
He,1
said,1
that,1
it,1
was,1
simpler,1
just,1
to,1
have,1
an,1
emergency,2
stop,1
button.,0
Urmson,1
said:,2
“The,3
vehicles,1
will,1
be,1
very,1
basic.,0
But,1
they,1
will,1
take,2
you,1
where,1
you,1
want,1
to,1
go,1
at,1
the,1
push,1
of,1
a,1
button.,0
"And,",2
that's,2
an,1
important,1
step,1
towards,1
improving,2
road,2
safety,1
and,1
helping,2
millions,2
of,2
people,1
travel,2
around,1
more,1
easily.”,0
So,1
"far,",2
the,2
Google,2
versions,2
of,2
the,2
driverless,2
cars,1
have,1
driven,2
"700,000",2
miles,1
without,1
an,1
accident,1
caused,1
by,1
the,1
computer.,0
The,1
company,1
says,1
that,1
thousands,2
of,2
people,1
die,3
each,3
year,2
on,2
the,2
roads,1
and,1
that,1
about,2
80%,4
of,2
crashes,1
are,1
caused,1
by,1
human,1
mistakes.,0
A,1
nasal,1
spray,2
laced,2
with,2
the,2
‘Love,5
hormone',4
oxytocin,1
could,1
help,3
children,3
with,3
autism,2
learn,2
to,2
handle,3
social,3
situations,2
"better,",2
US,2
researchers,1
claim.,0
Scans,2
of,2
children,2
with,2
autistic,2
spectrum,2
disorder,1
showed,1
that,1
a,1
single,1
dose,2
of,2
the,2
chemical,3
improved,2
brain,2
responses,2
to,2
facial,2
"expressions,",2
a,1
shift,1
that,1
could,1
make,2
social,2
interactions,1
feel,1
more,1
natural,2
and,2
rewarding,1
for,1
them.,0
The,1
scientists,2
behind,2
the,2
research,1
said,1
a,2
course,2
of,2
oxytocin,1
might,1
boost,1
the,1
success,1
of,1
behavioral,1
therapies,1
that,1
are,1
already,1
used,1
to,1
help,2
people,2
with,2
autism,1
learn,1
to,1
cope,1
with,1
social,1
situations.,0
“Over,1
"time,",2
what,3
you,3
would,3
expect,3
to,3
see,2
is,2
more,3
appropriate,2
social,2
"responding,",4
being,2
more,2
interested,2
in,2
interacting,2
with,2
other,2
"people,",6
more,3
eye,3
contact,2
and,2
more,3
conversational,2
"ability,”",3
said,1
Kevin,2
"Pelphrey,",2
director,1
of,1
the,1
Child,1
Neuroscience,1
Lab,1
at,1
Yale,1
University.,0
Autism,1
is,1
a,1
developmental,1
disorder,1
seen,1
in,1
more,3
than,2
one,2
in,2
100,1
people.,0
The,1
condition,1
affects,3
individuals,2
in,2
different,2
"ways,",2
but,1
is,1
characterized,1
by,1
difficulties,1
in,1
social,1
interaction,1
and,1
communication.,0
So,1
"far,",2
there,1
is,1
no,1
effective,1
treatment,1
for,1
the,1
social,1
problems,1
caused,1
by,1
autism.,0
Researchers,2
at,2
Yale,1
have,1
studied,3
the,3
brain,3
chemical,3
oxytocin,2
as,2
a,2
potential,2
treatment,2
for,2
the,2
social,2
impairments,2
caused,2
by,2
autism,1
because,1
it,1
plays,1
a,1
crucial,1
role,1
in,1
bonding,1
and,1
trust.,0
Results,1
have,1
been,1
"mixed,",4
though:,2
one,2
recent,2
study,1
found,1
no,1
significant,1
benefit,1
for,1
youths,1
given,2
the,2
chemical,1
over,1
several,1
days.,0
But,1
Pelphrey,1
said,3
oxytocin,3
might,3
help,4
the,4
brain,3
learn,3
from,3
social,3
interactions;,4
it,2
would,2
work,3
best,2
when,2
used,2
with,2
therapies,2
that,2
encourage,4
people,3
with,3
autism,2
to,2
engage,2
more,2
"socially,",2
he,1
said.,0
“Our,1
study,1
shows,2
that,2
oxytocin,2
affects,3
the,3
brain,2
and,2
opens,4
up,3
the,3
possibility,2
"that,",4
when,3
combined,3
with,3
behavioral,3
"treatments,",4
it,2
works,2
like,2
a,2
social,2
"enhancer,”",3
he,1
said.,0
The,1
scientists,1
used,1
a,1
technique,1
called,2
functional,2
MRI,1
to,1
scan,2
the,2
brains,2
of,2
17,2
youths,2
aged,3
eight,3
to,3
16,2
with,2
autism,1
while,1
they,1
looked,1
at,1
images,2
of,2
cars,1
or,1
the,1
eyes,1
of,1
people,1
expressing,1
various,1
emotions.,0
The,1
scans,1
were,1
given,2
45,2
minutes,1
after,1
the,2
participants,1
inhaled,2
a,2
placebo,2
or,2
oxytocin,1
through,1
a,1
nasal,1
spray.,0
The,1
scans,1
showed,1
that,1
reward,2
circuitry,2
in,2
the,3
children's,5
brains,1
behaved,3
more,3
normally,2
after,2
a,2
snort,2
of,2
"oxytocin,",2
being,1
more,1
active,1
when,1
the,2
person,1
was,1
looking,3
at,3
faces,2
and,2
less,2
active,1
when,1
viewing,1
the,1
inanimate,1
cars.,0
The,1
study,1
appears,1
in,1
the,1
latest,1
issue,1
of,1
the,1
journal,1
Proceedings,1
of,1
the,1
National,1
Academy,2
of,2
Sciences,1
in,1
the,1
United,1
States.,0
“If,1
our,2
study,1
is,1
"replicated,",2
it,1
suggests,2
that,2
oxytocin,2
might,2
treat,2
something,2
for,3
which,2
we,2
don't,4
have,3
a,3
treatment,3
in,3
"autism,",4
and,2
that's,4
the,2
core,2
social,2
"motivation,”",3
Pelphrey,1
told,1
the,1
Guardian.,0
He,1
warned,1
that,1
it,1
was,1
too,1
early,2
to,2
use,3
oxytocin,2
as,2
a,2
treatment,2
for,2
the,2
social,2
difficulties,2
caused,2
by,2
autism,1
and,1
cautioned,1
against,1
buying,3
oxytocin,2
from,2
suppliers,1
online.,0
“We,1
don't,2
want,2
them,1
running,3
out,2
on,2
the,2
basis,2
of,2
this,2
study,2
or,2
any,2
other,1
and,1
trying,2
oxytocin,1
at,1
home.,0
There,1
is,1
no,1
telling,1
what,1
they,1
are,1
buying.,0
We,1
are,1
nowhere,1
near,1
thinking,1
this,1
is,1
a,1
ready,1
treatment.,0
It,1
needs,2
more,2
follow-up,8
"research,”",3
said,1
Pelphrey.,0
“This,1
is,1
an,1
important,1
new,1
study,2
in,2
identifying,3
changes,3
in,3
brain,3
activity,2
in,2
key,2
regions,2
of,2
the,2
brain,2
involved,2
in,2
social,2
cognition,2
in,2
autism,2
following,2
oxytocin,2
"administration,”",3
said,1
Simon,3
"Baron-Cohen,",6
director,1
of,1
the,1
Autism,1
Research,1
Center,1
at,1
Cambridge,1
University.,0
A,1
surprising,1
"finding,",2
"however,",2
is,1
that,1
oxytocin,2
nasal,2
spray,1
did,1
not,1
change,2
performance,1
on,1
the,1
social,1
cognitive,1
task.,0
Nor,1
is,1
it,1
clear,2
yet,1
if,1
oxytocin,1
only,1
has,2
benefits,2
for,2
people,2
with,2
autism,1
or,1
has,1
any,1
unwanted,1
side,1
effects.,0
"Finally,",2
oxytocin,2
effects,1
only,1
last,2
about,3
45,2
"minutes,",2
so,1
there,1
may,1
be,2
practical,2
considerations,1
as,2
to,1
whether,1
this,1
could,1
be,1
used,1
as,1
a,1
treatment.,0
“From,1
a,1
scientific,1
"perspective,",2
this,2
study,1
has,3
a,3
lot,3
of,3
evidence,3
from,3
animal,4
and,4
human,3
work,2
to,2
justify,2
serious,2
"attention,",2
but,1
more,2
research,1
is,1
needed.,0
Doctors,1
should,1
be,1
cautious,3
about,3
the,3
clinical,3
potential,3
of,3
this,3
hormone,2
until,2
we,2
know,3
much,3
more,3
about,3
its,3
benefits,3
and,3
"risks,",4
in,2
much,3
larger,2
"studies,”",3
said,1
Simon,2
Baron-Cohen.,2
Uta,3
"Frith,",4
who,2
studies,4
autism,3
at,3
University,3
College,2
"London,",2
said:,2
“According,4
to,2
this,2
"study,",2
oxytocin,1
may,1
have,1
the,1
effect,1
of,1
making,3
faces,2
more,2
interesting,1
as,1
assessed,1
by,1
greater,1
activity,1
in,1
brain,1
structures,1
concerned,1
with,1
reward,1
evaluation.,0
"Disappointingly,",2
this,2
effect,1
is,1
seen,1
only,1
in,1
brain,1
activity,1
and,1
not,1
in,1
behavior.,0
Demonstrating,2
an,2
effect,2
on,2
behavior,1
will,1
be,1
critical,1
if,1
nasal,2
spray,2
treatment,1
is,1
to,1
be,1
of,1
any,1
value.”,0
American,1
researchers,1
say,1
that,1
a,2
nasal,2
spray,2
containing,3
the,3
‘Love,6
hormone',4
oxytocin,1
could,1
help,2
children,2
with,2
autism,1
behave,2
more,2
normally,1
in,1
social,1
situations.,0
Scans,2
of,2
autistic,2
children,1
showed,1
that,1
the,2
chemical,1
made,2
the,2
brain,1
respond,2
better,1
to,1
faces.,0
This,1
could,1
make,2
social,2
interactions,1
easier,1
for,1
them.,0
The,1
researchers,1
said,1
oxytocin,1
might,1
help,1
other,1
treatments,1
that,1
are,1
used,1
to,1
help,2
people,2
with,2
autism,1
in,1
social,1
situations.,0
“Over,1
"time,",2
there,1
would,1
be,1
more,1
normal,1
social,1
responding.,0
Autistic,1
people,1
would,1
be,1
more,1
interested,3
in,3
interacting,3
with,3
other,3
people;,4
there,2
would,2
be,2
more,2
eye,2
contact,2
and,2
more,2
"conversation,”",3
said,1
Kevin,2
"Pelphrey,",2
of,1
Yale,1
University.,0
Autism,1
is,1
a,1
disorder,1
that,1
one,2
in,3
100,2
people,1
have.,0
It,1
affects,3
people,2
in,2
different,2
"ways,",2
but,1
causes,1
difficulties,1
in,1
social,1
interaction,1
and,1
communication.,0
So,1
"far,",2
there,1
is,1
no,1
effective,1
treatment,1
for,1
the,1
social,1
problems,1
that,1
autism,1
causes.,0
Researchers,2
at,2
Yale,1
have,1
studied,1
the,1
brain,1
chemical,1
oxytocin.,0
They,1
say,1
it,1
is,1
a,1
possible,1
treatment,2
for,2
the,2
social,2
problems,2
caused,2
by,2
autism,1
because,1
it,1
plays,1
an,1
important,1
role,1
in,1
bonding,1
and,1
trust.,0
But,1
not,1
all,2
results,1
are,1
positive:,2
one,2
recent,2
study,1
found,1
no,1
significant,1
benefit,1
for,1
young,1
people,1
who,1
took,2
the,2
chemical,1
for,1
several,1
days.,0
But,1
Pelphrey,1
said,3
oxytocin,3
might,3
help,4
the,4
brain,3
learn,3
from,3
social,3
interactions;,4
it,2
would,2
work,3
best,2
when,2
used,3
together,2
with,2
therapies,2
that,2
encourage,4
people,3
with,3
autism,2
to,2
interact,2
more,2
"socially,",2
he,1
said.,0
Scientists,1
tested,1
17,1
young,1
people,1
aged,2
eight,2
to,2
16,1
with,1
autism.,0
They,1
gave,3
them,2
either,2
oxytocin,2
or,2
a,2
placebo,1
through,1
a,1
nose,1
spray.,0
"Then,",2
the,2
scientists,1
scanned,2
their,2
brains,1
while,1
they,1
looked,1
at,1
images,2
of,2
cars,1
or,1
the,1
eyes,1
of,1
people,1
expressing,1
different,1
emotions.,0
The,1
scans,1
showed,2
that,2
some,3
parts,3
of,3
the,4
children's,7
brains,2
behaved,3
more,3
normally,2
after,2
oxytocin:,2
they,1
were,1
more,1
active,1
when,1
the,2
person,1
was,1
looking,3
at,3
faces,2
and,2
less,2
active,1
when,1
the,2
person,1
was,1
looking,1
at,1
the,1
cars.,0
“Our,1
study,1
suggests,1
that,1
oxytocin,1
might,1
treat,1
basic,1
social,1
motivation.,0
This,1
is,1
something,2
for,3
which,2
we,2
don't,4
have,2
a,2
treatment,2
in,2
"autism,”",3
said,1
Pelphrey.,0
He,1
said,2
that,2
it,2
was,2
too,2
early,2
to,2
use,3
oxytocin,2
as,2
a,2
treatment,2
for,2
the,2
social,2
difficulties,2
caused,2
by,2
autism,1
and,1
said,1
people,1
should,1
not,1
buy,2
oxytocin,1
online.,0
“We,1
don't,2
want,2
them,1
to,1
try,2
oxytocin,1
at,1
home.,0
It,1
is,1
impossible,1
to,1
say,1
what,1
they,1
are,1
buying.,0
This,1
is,1
not,1
a,1
treatment,1
yet.,0
It,1
needs,2
more,2
"research,”",3
said,1
Pelphrey.,0
“This,1
is,1
an,1
important,1
new,1
"study,”",3
said,1
Simon,3
"Baron-Cohen,",6
director,1
of,1
the,1
Autism,1
Research,1
Center,1
at,1
Cambridge,1
University.,0
"But,",2
the,2
scientists,1
were,1
surprised,1
to,1
find,1
that,1
oxytocin,1
did,1
not,1
help,2
the,2
children,1
in,1
social,2
recognition,1
tasks.,0
It,1
is,1
also,1
not,1
known,2
yet,1
if,1
oxytocin,1
only,1
has,2
benefits,2
for,2
people,2
with,2
autism,1
or,1
has,1
any,1
bad,1
side,1
effects.,0
"Finally,",2
oxytocin,2
effects,1
only,1
last,2
about,3
45,2
"minutes,",2
so,1
it,1
might,1
be,1
difficult,1
to,1
use,2
it,1
as,1
a,1
treatment.,0
“This,1
study,1
has,4
a,4
lot,4
of,4
evidence,4
from,4
animal,5
and,5
human,4
work,3
to,3
show,3
that,3
oxytocin,3
"helps,",4
but,2
we,2
need,2
more,2
"research,”",3
said,1
Simon,2
Baron-Cohen.,2
Uta,3
"Frith,",4
who,2
studies,4
autism,3
at,3
University,3
College,2
"London,",2
said:,2
“According,4
to,2
this,2
"study,",2
oxytocin,1
may,1
make,2
faces,1
more,1
interesting.,0
"Disappointingly,",2
this,2
effect,1
is,1
seen,1
only,1
in,1
brain,1
activity,1
and,1
not,1
in,1
behavior.”,0
She,1
said,1
"that,",2
if,2
we,2
want,3
oxytocin,2
to,2
become,2
a,2
useful,2
treatment,2
for,2
"autism,",2
we,1
need,1
to,1
show,1
that,1
is,1
has,1
an,1
effect,1
on,1
behavior.,0
They,1
call,2
him,1
the,1
Robin,3
Hood,2
of,2
the,2
"banks,",2
a,1
man,1
who,1
took,4
out,3
dozens,3
of,3
"loans,",4
worth,2
almost,3
half,3
a,3
million,2
"euros,",2
with,1
no,1
intention,1
of,1
ever,1
paying,2
them,1
back.,0
"Instead,",2
Enric,2
Duran,1
handed,3
the,3
money,2
out,1
to,1
projects,1
that,1
created,2
and,2
promoted,1
alternatives,1
to,1
capitalism.,0
After,1
14,1
months,2
in,2
"hiding,",2
Duran,1
is,1
"unapologetic,",2
even,1
though,1
his,2
activities,1
could,1
land,2
him,1
in,1
jail.,0
“I'm,2
proud,2
of,2
what,2
I,2
"did,”",3
he,1
said,1
in,1
an,1
interview,2
by,2
Skype,1
from,1
an,1
undisclosed,1
location.,0
From,1
2006,2
to,2
"2008,",2
Duran,1
took,3
out,2
68,2
commercial,3
and,3
personal,2
loans,1
from,1
39,1
banks,1
in,1
Spain.,0
He,1
farmed,4
the,4
money,3
out,2
to,2
social,2
"activists,",2
funding,2
speaking,2
tours,2
against,2
capitalism,2
and,2
TV,2
cameras,1
for,1
a,1
media,1
network.,0
“I,1
saw,2
"that,",4
on,3
one,3
"side,",4
these,3
social,3
movements,2
were,2
building,3
alternatives,2
but,2
that,2
they,2
lacked,2
resources,2
and,2
communication,2
"capacities,”",3
he,1
said.,0
"“Meanwhile,",2
our,2
economy,1
was,1
perpetually,1
"growing,",2
which,1
lead,1
to,1
a,1
system,1
that,1
created,2
money,1
out,2
of,1
nothing.”,0
The,1
loans,2
Duran,2
swindled,2
from,2
banks,1
were,1
his,1
way,2
of,2
regulating,2
and,2
denouncing,2
this,2
"situation,",2
he,1
said.,0
He,1
started,1
slowly.,0
“I,1
filled,3
out,2
a,2
few,2
credit,2
applications,1
with,1
my,1
real,1
details.,0
They,1
denied,2
"me,",2
but,1
I,1
just,1
wanted,1
to,1
get,1
a,1
feel,1
for,1
what,1
they,1
were,1
asking,1
for.”,0
From,1
"there,",2
the,2
former,2
table-tennis,8
coach,1
began,1
to,1
weave,1
an,1
intricate,1
web,1
of,1
"accounts,",4
payments,1
and,1
transfers.,0
“I,1
was,1
learning,1
constantly.”,0
By,1
the,1
summer,2
of,2
"2007,",2
he,1
had,1
discovered,2
how,1
to,1
make,3
the,3
system,2
"work,",2
applying,2
for,2
loans,1
under,1
the,1
name,1
of,1
a,1
false,1
television,1
production,1
company.,0
"“Then,",2
I,1
managed,1
to,1
get,1
a,1
lot.”,0
"€492,000,",4
to,1
be,1
exact.,0
Duran,1
was,1
arrested,3
in,3
Spain,2
in,2
"2009,",2
on,1
charges,1
brought,2
against,2
him,1
by,1
six,1
of,1
the,1
39,1
banks,1
that,1
had,1
lent,2
him,1
money.,0
He,1
spent,3
two,3
months,2
in,2
prison,1
before,1
being,1
bailed,1
for,1
"€50,000.",1
In,1
February,2
"2013,",2
facing,2
up,4
to,3
eight,2
years,2
in,2
"prison,",2
he,1
decided,1
to,1
flee,1
rather,2
than,1
stand,1
trial.,0
“I,1
don't,2
see,3
legitimacy,3
in,3
a,3
judicial,3
system,3
based,3
on,3
"authority,",4
because,2
I,2
don't,4
recognize,2
its,2
"authority,”",3
he,1
said.,0
His,1
"actions,",2
he,2
"said,",2
were,1
in,1
the,1
vanguard,1
of,1
a,1
worldwide,1
debate,1
on,1
the,1
economic,1
crisis.,0
The,1
timing,1
pushed,3
the,3
anti-capitalist,3
movement,2
into,2
the,2
"light,",2
just,1
as,1
many,2
Spaniards,1
were,1
seeking,1
alternatives,1
to,1
a,1
system,1
that,1
had,1
wreaked,2
havoc,1
on,1
their,1
lives.,0
While,1
the,2
same,2
actions,1
would,1
probably,1
be,1
better,1
understood,2
in,2
today's,5
"Spain,",2
he,1
said,1
that,1
they,1
would,1
not,1
be,1
needed.,0
The,1
anti-capitalist,1
movement,1
has,1
grown,2
from,2
a,2
fringe,2
movement,2
to,2
one,2
supported,2
by,2
thousands,2
of,2
"Spaniards,",2
he,1
"said,",2
evidenced,1
by,1
the,1
widely,2
supported,1
movements,1
such,2
as,1
the,1
Indignados.,0
Duran,1
is,1
widening,2
his,2
focus,1
to,1
include,2
Spain's,5
justice,2
"system,",2
by,1
promoting,1
restorative,1
justice.,0
“The,1
people,3
in,3
Spain,2
who,2
believe,2
that,2
banks,2
don't,4
"work,",2
they,1
think,1
that,1
I,1
don't,2
owe,1
anything.,0
I,1
also,1
think,2
"that,”",3
he,1
said.,0
“But,1
there,1
is,2
a,2
part,2
of,2
a,2
population,2
that,2
is,2
not,2
in,2
agreement,2
with,2
us,1
and,1
I,1
think,1
I,1
should,1
respond,1
to,1
that.”,0
In,1
his,1
"case,",2
he,1
"said,",2
the,2
element,2
of,2
reciprocity,2
he,2
could,2
offer,2
to,2
banks,1
might,1
lie,1
in,1
the,1
insight,1
he,1
gleaned,1
from,1
years,1
of,1
obtaining,2
bank,2
loans,1
fraudulently.,0
He,1
could,1
share,1
his,1
thoughts,1
on,1
“which,3
best,2
practices,1
work,1
and,1
the,1
bad,1
ones,1
that,1
"don't,",4
for,1
the,1
general,1
population,1
and,1
for,1
bank,1
workers”.,0
They,1
call,2
him,1
the,2
Robin,1
Hood,1
of,1
the,1
banks.,0
He,1
is,1
a,1
man,1
who,1
took,4
out,3
loans,2
for,2
almost,3
half,3
a,3
million,2
euros,1
and,1
never,1
paid,2
the,2
money,1
back.,0
Enric,2
Duran,1
gave,2
the,2
money,1
to,1
projects,1
that,1
created,2
and,2
supported,1
alternatives,1
to,1
capitalism.,0
Duran,1
has,1
spent,2
14,2
months,1
in,1
hiding.,0
He,1
will,1
not,1
say,2
he,2
is,2
"sorry,",2
even,1
though,1
he,1
might,1
go,2
to,2
prison,1
for,1
what,1
he,1
has,1
done.,0
“I'm,2
proud,2
of,2
what,2
I've,4
"done,”",3
he,1
said,1
in,1
an,1
interview,2
by,2
Skype,1
from,1
a,1
secret,1
location.,0
From,1
2006,2
to,2
"2008,",2
Duran,1
took,2
out,1
68,1
loans,1
from,1
39,1
banks,1
in,1
Spain.,0
He,1
gave,2
the,2
money,1
to,1
social,1
activists.,0
They,1
used,2
the,2
money,1
to,1
pay,2
for,2
speaking,2
tours,2
against,2
capitalism,2
and,2
TV,2
cameras,1
for,1
a,1
media,1
network.,0
He,1
said,1
that,1
these,2
social,2
activists,1
didn't,2
have,1
enough,1
money.,0
At,1
the,1
same,1
"time,",2
he,1
"said,",2
the,2
economy,1
was,1
constantly,1
"growing,",2
which,1
created,2
money,1
from,1
nothing.,0
The,1
loans,2
Duran,2
took,4
out,3
dishonestly,2
from,2
banks,1
were,1
his,1
way,2
of,2
showing,2
that,2
this,3
situation,2
was,2
"wrong,",2
he,1
said.,0
He,1
started,1
slowly.,0
He,1
tried,1
to,1
take,3
out,2
a,2
few,2
bank,2
loans,1
using,1
his,1
real,1
details.,0
The,1
banks,1
said,1
no.,0
"Then,",2
he,1
learned,1
how,1
to,1
get,2
money,1
from,1
the,1
banks.,0
“I,1
was,1
learning,1
all,1
the,1
time.”,0
By,1
the,1
summer,2
of,2
"2007,",2
he,1
learned,2
how,2
to,2
make,2
the,2
system,2
work,1
–,1
he,1
took,3
out,2
loans,1
under,1
the,1
name,1
of,1
a,1
false,1
television,1
production,1
company.,0
This,1
"way,",2
he,1
got,1
a,1
lot,1
of,1
money.,0
"€492,000,",4
to,1
be,1
exact.,0
Duran,1
was,1
arrested,2
in,2
Spain,1
in,1
2009.,0
He,1
spent,3
two,3
months,2
in,2
prison;,2
"then,",2
they,1
let,3
him,2
out,1
on,1
"€50,000",3
bail.,0
In,1
February,2
"2013,",2
with,2
the,2
possibility,2
of,2
up,4
to,3
eight,2
years,2
in,2
"prison,",2
he,1
decided,1
to,1
run,1
away.,0
His,1
actions,2
in,2
2006,2
to,2
2008,1
made,2
many,2
people,1
notice,2
the,2
anti-capitalist,2
movement,1
for,1
the,1
first,1
time.,0
This,1
happened,2
at,2
a,2
time,1
when,1
many,2
Spanish,2
people,1
were,1
looking,1
for,1
alternatives,1
to,1
a,1
system,1
that,1
has,1
caused,2
problems,1
in,1
their,1
lives.,0
In,1
today's,3
"Spain,",2
thousands,2
of,2
people,1
support,1
the,1
anti-capitalist,1
movement,1
and,1
groups,1
such,2
as,1
the,1
Indignados.,0
Duran,1
says,2
he,2
does,2
not,2
want,2
to,2
give,4
back,3
the,3
money,2
to,2
the,2
banks,1
but,1
he,1
can,1
offer,2
them,1
something.,0
He,1
learned,4
a,4
lot,3
in,3
the,3
years,2
when,2
he,2
was,2
taking,4
loans,3
out,2
"dishonestly,",2
so,1
he,1
can,1
show,2
the,2
banks,1
how,1
they,1
can,1
improve,2
things,1
for,1
people,2
in,2
general,1
and,1
for,1
bank,1
workers.,0
How,1
far,1
away,1
are,1
we,1
from,1
a,1
world,1
where,1
drones,1
deliver,1
packages?,0
If,1
Amazon,1
is,1
to,1
be,1
"believed,",2
not,1
far,1
at,1
all.,0
Others,1
are,1
not,1
so,1
sure:,2
technical,2
progress,2
past,2
this,2
point,1
isn't,2
merely,1
a,1
matter,2
of,2
invention;,2
it's,2
a,1
matter,1
of,1
public,1
safety.,0
Paul,3
"Misener,",4
Amazon's,5
vice-president,6
of,2
global,2
public,2
"policy,",2
told,2
a,2
congressional,2
hearing,2
recently,1
that,1
his,2
company,1
would,1
be,1
ready,1
as,1
soon,1
as,1
all,2
the,2
rules,1
were,1
in,1
place.,0
The,1
Federal,2
Aviation,1
Authority,2
(FAA),4
will,1
finally,1
have,1
regulations,1
governing,2
the,2
commercial,2
use,2
of,2
unmanned,2
aircraft,1
by,1
June,1
2016.,0
But,1
the,2
technology,1
has,5
a,5
long,5
way,5
to,5
go,4
before,4
then,3
and,3
larger,4
machines,3
aren't,6
airway-legal,8
at,3
all,2
yet,2
–,2
only,3
drones,3
up,4
to,3
25kg,5
will,2
be,2
covered,2
and,2
the,3
FAA,2
points,3
out,2
in,2
the,2
proposed,2
rules,1
"that,",2
if,2
you're,4
going,2
to,2
crowd,3
the,3
skies,2
with,2
radio-controlled,8
flying,2
"robots,",2
they,1
had,2
better,2
all,1
be,1
using,1
different,1
radio,1
frequencies,1
that,1
nobody,1
can,1
jam,1
or,1
hijack.,0
Professor,4
Sanjiv,3
"Singh,",4
who,2
runs,2
a,2
cargo,2
delivery,2
company,2
called,2
"NearEarth,",2
said,1
that,1
piloting,2
a,2
state-of-the-art,20
drone,1
was,1
a,2
little,2
more,1
like,1
leaving,3
it,2
a,2
trail,2
of,2
breadcrumbs:,2
go,3
to,3
this,3
"altitude,",4
perform,2
this,2
short,2
"task,",2
go,2
back,1
home.,0
But,1
even,2
short,2
flights,2
from,2
a,2
mobile,2
landing,2
pad,1
pose,2
serious,2
logistical,2
"problems,",2
he,1
said.,0
“They're,2
not,1
proposing,3
to,3
deliver,4
from,4
one,4
uninhabited,4
place,3
to,3
another,3
uninhabited,3
place;,4
they're,4
proposing,2
to,2
deliver,3
from,3
a,3
warehouse,2
to,2
where,3
the,4
consumer,3
"is,",4
which,2
is,2
likely,2
an,2
urban,2
"area,”",3
he,1
said.,0
“There,1
are,1
going,1
to,1
be,2
hazards,1
along,1
the,1
way,1
that,2
the,3
vehicle,2
is,2
going,2
to,2
have,1
to,1
detect.,0
Maybe,1
there,1
will,1
be,1
terrain,1
that,2
the,3
map,2
doesn't,4
know,1
about.,0
Even,1
"then,",2
maybe,1
there's,2
construction,1
equipment,1
that,1
wasn't,2
there,1
but,1
is,1
there,1
now.,0
Maybe,1
GPS,2
signals,1
are,1
"blocked,",2
in,2
which,2
case,1
it's,2
going,1
to,1
have,1
an,1
incorrect,1
idea,1
about,1
where,1
it,1
is.”,0
All,1
this,1
is,1
"surmountable,",4
he,2
said,1
–,1
but,1
it's,2
difficult.,0
One,1
major,1
problem,1
is,1
maintaining,3
radio,3
contact,2
with,2
a,2
drone,1
and,1
planning,1
for,1
what,1
happens,1
if,1
that,2
contact,1
breaks.,0
“If,1
you,1
have,2
an,2
off-the-shelf,14
UAV,2
(unmanned,4
aerial,2
"vehicle),",3
it'll,2
just,1
keep,2
going,2
and,2
crash,2
into,2
the,2
"ground,”",3
said,2
roboticist,1
Daniel,1
Huber.,0
"“Technologically,",2
most,3
of,3
the,3
things,3
that,3
are,3
needed,3
for,3
this,2
are,2
in,2
"place,”",3
said,1
Huber.,0
He,1
is,1
working,1
on,1
a,1
program,1
that,1
proposes,1
using,2
drones,1
to,1
inspect,1
infrastructure,4
–,4
"pipelines,",6
telephone,3
"lines,",4
bridges,1
and,1
so,1
on.,0
“We've,2
developed,2
an,2
exploration,2
algorithm,2
where,2
you,2
draw,3
a,3
box,2
around,2
an,2
area,1
and,1
it'll,2
autonomously,1
fly,3
around,3
that,3
area,2
and,2
look,2
at,2
every,2
surface,1
and,1
then,1
report,1
back.”,0
Huber,1
said,2
about,2
Amazon:,2
“I,2
have,1
heard,3
them,2
say,2
that,2
many,3
packages,2
are,2
lightweight,1
–,1
a,2
drone,1
can,1
carry,2
a,2
kilogram,1
for,1
15,1
minutes.,0
If,1
you,1
have,2
a,2
vehicle,2
that,2
can,2
go,2
into,2
a,2
"neighborhood,",2
it,1
can,1
deliver,1
from,1
that,1
base.,0
You,1
need,2
a,2
15-minute,8
distance,1
and,1
typical,2
off-the-shelf,14
drones,1
have,1
about,1
that,1
distance.”,0
It's,2
one,1
"way,",2
he,1
"said,",2
of,1
making,1
sure,1
the,2
surrounding,2
population,1
is,1
relatively,1
safe.,0
“The,1
larger,2
the,2
distance,2
the,3
drone,2
"travels,",2
the,1
more,1
dangerous,1
it,1
becomes.”,0
Of,2
"course,",2
safety,1
remains,2
a,2
major,2
concern,1
–,1
Singh,1
points,2
out,1
"that,",2
for,2
a,2
commercial,2
aircraft,2
to,2
be,2
considered,2
"skyworthy,",2
it,1
has,1
to,1
prove,2
a,2
rate,2
of,2
one,2
serious,2
failure,1
every,1
one,2
million,1
hours.,0
"Drones,",2
he,2
"said,",2
are,1
“one,3
or,2
two,1
orders,3
of,3
magnitude,2
away”,2
from,1
that,1
benchmark.,0
“The,1
Reaper,1
drone,1
has,3
one,3
failure,2
in,2
"10,000",2
"hours,”",3
Singh,1
said.,0
An,1
oil,1
"leak,",2
by,2
the,2
"way,",2
doesn't,2
count,2
as,2
catastrophic,2
failure,1
–,1
something,1
has,1
to,1
fall,1
out,2
of,1
the,1
sky.,0
Part,2
of,2
this,1
is,1
simply,1
that,1
air,2
travel,1
is,1
inherently,1
dangerous,1
"and,",2
"thus,",2
standards,1
are,1
much,1
higher.,0
“If,1
you,1
fly,2
commercial,2
"airlines,",2
often,1
they'll,2
"say,",6
"'Oh,",9
a,4
small,4
component,3
has,3
failed,2
–,2
we,2
have,2
to,2
go,3
back,2
to,2
the,2
"gate,'”",4
Singh,1
said.,0
“And,1
that's,2
an,1
established,1
industry,1
with,1
60,1
years,1
of,1
legacy!,0
I,1
shudder,1
to,1
think,1
that,1
one,2
of,2
these,2
things,1
might,1
come,2
down,1
on,1
a,1
crowded,1
highway.”,0
Part,2
of,2
the,2
"solution,",2
Singh,2
"said,",2
is,1
comprehensive,1
contingency,1
planning:,2
“If,3
things,2
"fail,",2
the,2
vehicle,1
has,1
to,1
do,1
something,1
reasonable.”,0
One,1
"day,",2
drones,1
could,1
deliver,2
packages,1
to,1
your,1
home.,0
When,1
will,1
this,1
happen?,0
If,1
you,1
believe,2
"Amazon,",2
it,1
will,1
be,1
soon.,0
Other,1
people,1
are,1
not,1
so,1
sure.,0
They,1
have,2
to,2
invent,2
the,2
right,2
technology,1
"but,",2
"also,",2
they,1
have,1
to,1
consider,1
public,1
safety.,0
Amazon,1
says,1
that,1
they,1
will,1
be,1
ready,2
as,2
soon,1
as,1
the,2
Federal,2
Aviation,2
Authority,2
(FAA),4
introduce,2
rules,1
for,1
using,1
drones.,0
The,1
FAA,1
will,1
finally,1
introduce,2
rules,1
for,1
using,2
unmanned,2
aircraft,1
by,1
June,1
2016.,0
But,1
the,2
technology,1
has,3
a,3
long,3
way,3
to,3
go,3
before,3
then,2
and,2
larger,3
machines,2
aren't,4
legal,2
yet,1
–,1
only,2
drones,2
up,3
to,2
25kg,3
will,1
be,1
legal.,0
And,1
the,2
FAA,1
says,2
in,2
the,2
rules,1
they,1
want,1
to,1
introduce,1
that,2
drones,1
will,1
all,1
have,1
to,1
use,1
different,1
radio,1
frequencies,1
that,1
nobody,1
can,1
block,1
or,1
hijack.,0
Professor,4
Sanjiv,3
"Singh,",4
who,2
works,3
for,3
delivery,3
company,2
"NearEarth,",2
said,2
that,2
flying,3
drones,2
is,2
quite,2
simple,1
–,1
you,1
just,1
give,3
it,2
some,2
basic,2
instructions:,2
go,3
to,3
this,3
"height,",4
do,2
this,2
short,2
"task,",2
go,2
back,1
home.,0
But,1
even,2
short,2
flights,2
from,2
a,2
mobile,2
landing,2
place,1
could,1
cause,2
serious,2
"problems,",2
he,1
said.,0
“They're,2
not,1
planning,3
to,3
deliver,3
in,3
areas,3
where,3
nobody,3
lives;,4
they're,4
planning,2
to,2
deliver,3
from,3
a,3
warehouse,2
to,2
the,2
"consumer,",4
which,2
will,2
probably,2
be,2
in,2
a,2
town,2
or,2
"city,”",3
he,1
said.,0
“The,1
drone,1
will,1
have,1
to,1
see,1
hazards.,0
Maybe,1
there,1
will,1
be,1
things,1
that,2
the,3
map,2
doesn't,4
know,1
about.,0
Maybe,1
there,1
will,1
be,1
construction,1
equipment,1
that,1
wasn't,2
there,1
but,1
is,1
there,1
now.,0
Maybe,1
GPS,2
signals,1
will,1
be,1
blocked,1
so,1
it's,2
going,1
to,1
have,1
an,1
incorrect,1
idea,1
about,1
where,1
it,1
is.”,0
All,1
this,1
can,1
be,1
"solved,",4
he,2
said,1
–,1
but,1
it's,2
difficult.,0
One,1
big,1
problem,1
is,1
keeping,3
radio,3
contact,2
with,2
a,2
drone,1
and,1
planning,1
for,1
what,1
happens,1
if,1
that,2
contact,1
breaks.,0
”If,1
a,2
drone,1
loses,2
radio,2
"contact,",2
it,1
will,1
keep,2
going,2
and,2
crash,2
into,2
the,2
"ground,”",3
said,2
robot,2
expert,1
Daniel,1
Huber.,0
“We,1
already,1
have,2
most,2
of,2
the,2
technology,2
we,2
"need,”",3
said,1
Huber.,0
He,1
is,1
working,1
on,1
a,1
program,1
that,1
will,1
use,2
drones,1
to,1
check,1
telephone,1
"lines,",4
bridges,1
and,1
so,1
on.,0
“We,1
can,1
make,3
drones,2
fly,2
around,2
a,2
certain,2
area,1
and,1
look,1
at,1
every,1
surface.”,0
Huber,1
said,2
about,2
Amazon:,2
“They,2
say,2
that,2
many,3
packages,2
are,2
light,1
–,1
a,2
drone,1
can,1
carry,2
a,2
kilogram,1
for,1
15,1
minutes.,0
If,1
you,1
have,2
a,2
vehicle,2
that,2
can,2
go,2
into,2
a,2
"neighborhood,",2
it,1
can,1
deliver,1
from,1
that,1
vehicle.,0
You,1
need,2
a,2
15-minute,8
"distance,",2
and,1
typical,2
drones,1
have,1
about,1
that,1
distance.”,0
It's,2
one,1
"way,",2
he,1
"said,",2
to,1
make,1
sure,1
people,1
are,1
safe.,0
“The,1
larger,1
the,1
"distance,",2
the,1
more,1
dangerous,1
it,1
becomes.”,0
Of,2
"course,",2
safety,1
is,1
still,1
a,1
big,1
worry,0
–,0
Singh,1
points,2
out,1
that,1
for,2
a,3
passenger,3
airplane,2
to,2
be,2
allowed,2
to,2
"fly,",2
it,1
can,1
only,1
have,2
one,2
serious,2
failure,1
every,1
one,2
million,1
hours.,0
"Drones,",2
he,2
"said,",2
are,1
much,2
less,1
safe.,0
“The,1
Reaper,1
"drone,",2
for,2
"example,",2
has,3
one,3
failure,2
in,2
"10,000",2
"hours,”",3
Singh,1
said.,0
Part,2
of,2
the,2
reason,2
for,2
this,1
is,1
simply,1
that,1
air,2
travel,1
is,1
dangerous,1
so,1
standards,1
are,1
much,1
higher.,0
“If,1
you,1
fly,2
a,2
passenger,2
"airplane,",2
often,1
they,1
will,1
"say,",4
"‘Oh,",6
a,3
small,3
part,2
isn't,4
working;,4
we,2
have,2
to,2
go,2
"back,'”",4
Singh,1
said.,0
“And,1
people,1
have,1
been,1
flying,2
passenger,2
airplanes,1
for,1
60,1
years!,0
I,1
hate,1
to,1
think,1
that,1
a,2
drone,1
might,1
come,2
down,1
on,1
a,1
busy,1
road.”,0
Part,2
of,2
the,2
"solution,",2
Singh,2
"said,",2
is,1
planning,2
for,2
every,2
situation:,2
“If,3
things,2
"fail,",2
the,2
drone,1
has,1
to,1
do,1
something,1
sensible.”,0
Illegal,1
downloading,1
is,1
a,1
kind,2
of,2
“moral,4
squalor”,4
and,2
"theft,",2
as,2
much,2
as,2
reaching,4
in,3
to,3
someone's,7
pocket,2
and,2
stealing,2
their,2
wallet,1
is,2
"theft,",2
says,1
author,1
Philip,1
Pullman.,0
In,1
an,1
article,2
for,2
Index,2
on,2
"Censorship,",2
"Pullman,",4
who,2
is,2
president,2
of,2
the,2
Society,2
of,2
"Authors,",2
makes,1
a,1
robust,1
defence,1
of,1
copyright,1
laws.,0
He,1
is,1
highly,1
critical,1
of,1
Internet,1
users,1
who,1
think,1
it,1
is,1
OK,1
to,1
download,2
music,2
or,2
books,1
without,1
paying,1
for,1
them.,0
“The,1
technical,1
brilliance,1
is,1
so,1
dazzling,2
that,2
people,2
can't,4
see,2
the,2
moral,2
squalor,2
of,2
what,2
they're,4
"doing,”",3
he,1
writes.,0
“It,1
is,1
outrageous,1
that,1
anyone,1
can,1
steal,2
an,3
artist's,5
work,1
and,1
get,2
away,1
with,1
it.,0
It,1
is,1
"theft,",2
as,2
surely,2
as,2
reaching,3
into,3
someone's,7
pocket,2
and,2
taking,2
their,2
wallet,1
is,1
theft.”,0
His,1
article,1
comes,1
after,1
music,2
industry,2
leaders,1
met,2
British,2
Prime,2
Minister,3
David,2
Cameron,1
in,1
Downing,1
"Street,",2
where,1
the,2
issue,2
of,2
web,2
piracy,1
was,1
discussed.,0
"Pullman,",4
writer,2
of,2
the,2
His,2
Dark,3
Materials,2
"trilogy,",2
says,2
authors,3
and,3
musicians,2
work,4
in,4
poverty,4
and,4
obscurity,3
for,3
years,2
to,2
bring,3
their,3
work,2
to,2
the,2
level,2
“that,4
gives,3
delight,2
to,2
their,2
audiences,1
"and,",2
as,2
soon,2
as,2
they,2
achieve,2
"that,",2
the,2
possibility,2
of,2
making,3
a,3
living,2
from,2
it,1
is,1
taken,2
away,1
from,1
them”.,0
He,1
concludes:,2
“The,3
principle,1
is,1
"simple,",4
and,2
unaltered,2
by,2
"technology,",6
science,2
or,2
magic:,2
if,2
we,2
want,2
to,2
enjoy,2
the,2
work,2
that,2
someone,2
"does,",2
we,1
should,1
pay,1
for,1
it.”,0
Pullman,1
is,1
writing,2
in,2
the,2
next,2
issue,2
of,2
the,3
campaign,3
group's,5
magazine,1
in,1
a,1
dialogue,1
with,1
Cathy,3
"Casserly,",4
chief,2
executive,2
of,2
Creative,2
"Commons,",2
which,1
offers,1
open,1
content,1
licenses,1
“that,2
lets,2
creators,1
take,2
copyright,1
into,1
their,1
own,1
hands”.,0
Casserly,1
argues,1
that,1
there,1
is,2
much,1
wrong,1
with,1
"copyright,",2
which,1
was,1
created,1
“in,2
an,1
analog,1
age”.,0
Casserly,1
writes:,2
“By,3
"default,",2
copyright,1
closes,2
the,2
door,1
on,1
countless,1
ways,1
that,1
people,1
can,1
"share,",2
build,2
upon,1
and,1
remix,1
each,3
other's,3
"work,",2
possibilities,1
that,1
were,1
unimaginable,1
when,1
those,2
laws,1
were,1
established.”,0
She,1
says,1
artists,1
need,1
to,1
think,3
creatively,2
about,2
how,2
they,2
distribute,3
and,3
monetize,2
their,2
"work,",2
quoting,1
the,1
science,2
fiction,1
writer,2
Cory,2
"Doctorow,",2
who,1
said:,2
“My,3
problem,1
is,1
not,1
"piracy,",2
it's,2
obscurity.”,0
Index,2
on,2
Censorship,1
agrees.,0
The,1
magazine's,3
"editor,",4
Rachael,2
"Jolley,",2
said:,2
“Existing,3
copyright,2
laws,1
don't,2
work,2
in,2
the,2
digital,2
age,1
and,1
risk,1
criminalizing,1
consumers.,0
We,1
need,1
new,1
models,1
for,1
how,1
"artists,",6
writers,2
and,2
musicians,1
earn,2
a,2
living,1
from,1
their,1
work.”,0
The,1
scale,2
of,2
illegal,2
downloading,1
vast.,0
Data,3
collected,3
by,3
Ofcom,2
(the,4
competition,2
authority,2
for,2
the,2
UK,2
communications,2
industries),2
suggests,1
"that,",2
between,2
November,3
2012,2
and,2
January,2
2013,1
in,2
the,2
"UK,",2
280,2
million,2
music,2
tracks,1
were,1
digitally,1
"pirated,",2
along,1
with,1
52,2
million,1
TV,1
"shows,",6
29,4
million,3
"films,",4
18,3
million,2
ebooks,1
and,1
7,2
million,2
software,1
or,1
games,1
files.,0
Ofcom,1
has,1
said,2
18%,6
of,3
Internet,3
users,3
aged,3
over,3
12,2
admit,2
to,2
having,2
recently,3
pirated,2
"content,",2
and,1
9%,3
say,1
they,1
fear,1
getting,1
caught.,0
Pullman,1
writes,2
in,2
his,2
article:,2
“The,3
ease,3
and,3
swiftness,2
with,3
which,2
music,2
can,2
be,2
acquired,2
in,2
the,2
form,2
of,2
MP3,2
downloads,1
is,1
still,1
astonishing,1
to,1
those,1
of,1
us,1
who,1
have,1
been,1
building,3
up,2
our,2
iTunes,2
list,1
for,1
some,1
time.”,0
One,1
thing,2
to,2
emerge,2
from,2
the,2
Downing,3
Street,2
meeting,1
was,1
Cameron's,3
appointment,2
of,2
the,2
Conservative,2
Member,3
of,3
Parliament,2
Mike,2
Weatherley,1
to,1
be,1
his,1
adviser,1
on,1
the,1
subject.,0
A,1
spokesman,2
for,2
the,2
"BPI,",4
the,2
record,2
industry,2
trade,2
"body,",2
said:,2
“Mike,3
Weatherley,1
is,1
a,1
strong,1
champion,2
of,2
copyright,3
and,3
the,3
artists,2
and,2
creative,2
producers,1
it's,2
there,1
to,1
protect.,0
We,1
hope,1
Weatherley's,5
influence,2
and,2
the,3
prime,3
minister's,5
endorsement,2
of,2
copyright,1
will,1
be,1
brought,1
to,1
bear,1
on,1
the,1
approach,1
of,1
the,2
UK's,3
intellectual,1
property,1
office.”,0
Illegal,1
downloading,1
is,1
morally,1
"wrong,",4
and,2
it,2
is,2
"theft,",6
the,3
same,2
as,2
how,3
putting,5
your,5
hand,4
in,4
someone's,9
pocket,3
and,3
stealing,3
their,3
wallet,2
is,2
"theft,",2
says,1
author,1
Philip,1
Pullman.,0
In,1
an,1
article,2
for,2
the,2
magazine,2
Index,2
on,2
"Censorship,",2
"Pullman,",4
who,2
is,2
president,2
of,2
the,2
Society,2
of,2
"Authors,",2
strongly,1
defends,1
copyright,1
laws.,0
He,1
criticizes,1
Internet,1
users,1
who,1
think,1
it,1
is,1
OK,1
to,1
download,2
music,2
or,2
books,1
without,1
paying,1
for,1
them.,0
“The,1
technology,1
is,1
so,1
dazzling,2
that,2
people,2
can't,4
see,2
that,2
what,3
they're,6
doing,2
is,2
morally,2
"wrong,”",3
he,1
writes.,0
“It,1
is,1
outrageous,1
that,1
anyone,1
can,1
steal,2
an,3
artist's,5
work,1
without,1
punishment.,0
It,1
is,1
"theft,",2
just,2
as,2
putting,4
your,4
hand,3
in,3
someone's,7
pocket,2
and,2
taking,2
their,2
wallet,1
is,1
theft.”,0
His,1
article,1
comes,1
after,1
music,2
industry,2
leaders,1
met,3
British,3
Prime,3
Minister,4
David,3
Cameron,2
in,2
Downing,2
Street,1
to,1
discuss,1
the,1
issue,1
of,1
web,1
piracy.,0
"Pullman,",4
writer,2
of,2
the,2
His,2
Dark,3
Materials,2
"trilogy,",2
says,2
authors,3
and,3
musicians,2
work,4
in,4
poverty,3
for,3
years,2
to,2
bring,3
their,3
work,2
to,2
the,2
level,2
“that,4
gives,3
happiness,2
to,2
their,2
audiences,1
"and,",2
when,2
they,2
achieve,2
"that,",2
the,2
possibility,2
of,2
making,3
money,2
from,2
it,1
is,1
taken,2
away,1
from,1
them”.,0
He,1
concludes:,2
“If,3
we,2
want,2
to,2
enjoy,2
the,2
work,2
that,2
someone,2
"does,",2
we,1
should,1
pay,1
for,1
it.”,0
Pullman,1
is,1
writing,2
in,2
the,2
next,2
issue,2
of,2
the,3
campaign,3
group's,5
magazine,1
in,1
a,1
dialogue,1
with,1
Cathy,2
"Casserly,",2
chief,1
executive,1
of,1
Creative,1
Commons.,0
Casserly,1
argues,1
that,1
there,1
is,1
a,1
lot,1
wrong,1
with,1
"copyright,",2
which,1
was,1
created,1
a,2
long,2
time,1
ago.,0
Casserly,1
writes:,2
“Copyright,2
closes,2
the,2
door,1
on,1
the,1
many,1
ways,1
that,1
people,1
can,1
"share,",2
build,2
upon,1
and,1
remix,1
each,3
other's,3
"work,",2
possibilities,1
that,1
we,1
could,1
not,1
imagine,1
when,1
those,2
laws,1
were,1
made.”,0
She,1
says,1
artists,1
need,1
to,1
think,2
creatively,1
about,1
how,1
they,1
earn,2
money,1
from,1
their,1
work.,0
Index,2
on,2
Censorship,1
agrees.,0
The,1
magazine's,3
"editor,",4
Rachael,2
"Jolley,",2
said:,2
“Illegal,3
downloading,1
is,1
a,1
very,2
big,1
problem.”,0
Between,1
November,3
2012,2
and,2
January,2
2013,1
in,2
the,2
"UK,",2
280,2
million,2
music,2
tracks,1
were,1
digitally,1
pirated,1
along,1
with,1
52,2
million,1
TV,1
"shows,",6
29,4
million,3
"films,",4
18,3
million,2
ebooks,1
and,1
7,2
million,2
software,1
or,1
games,1
files.,0
18%,3
of,2
Internet,2
users,2
aged,2
over,2
12,1
say,2
they,2
have,2
pirated,2
"items,",2
and,1
9%,3
say,1
they,1
are,1
afraid,1
they,1
will,1
get,1
caught.,0
Pullman,1
writes,2
in,2
his,2
article:,2
“The,3
ease,3
and,3
speed,2
with,3
which,2
people,2
can,2
get,3
music,2
in,2
MP3,1
is,1
still,1
very,1
surprising,1
to,1
people,2
like,2
me,1
who,1
have,1
been,1
building,3
up,2
their,2
iTunes,2
list,1
for,1
some,1
time.”,0
After,1
the,1
Downing,2
Street,1
"meeting,",2
Cameron,1
asked,2
the,2
Conservative,2
member,3
of,3
parliament,2
Mike,2
Weatherley,1
to,1
be,1
his,1
adviser,1
on,1
the,1
subject.,0
The,1
"BPI,",4
an,2
organization,2
that,2
supports,2
music,2
"companies,",2
said:,2
“Mike,3
Weatherley,1
is,1
a,1
strong,1
supporter,2
of,2
copyright,3
and,3
the,3
artists,2
and,2
creative,2
producers,1
it's,2
there,1
to,1
protect.,0
We,1
hope,1
Weatherley's,5
influence,2
and,2
the,3
prime,3
minister's,5
support,2
for,2
copyright,1
will,1
change,1
what,1
the,2
government,1
does,1
about,1
illegal,1
downloading,1
in,1
the,1
UK.”,0
DNA,2
taken,2
from,2
the,2
wisdom,2
tooth,2
of,2
a,2
European,2
hunter-gatherer,5
has,1
given,3
scientists,2
an,2
unprecedented,2
glimpse,2
of,2
modern,2
humans,1
before,1
the,1
rise,1
of,1
farming.,0
The,1
Mesolithic,1
"man,",4
who,2
lived,3
in,3
Spain,2
around,3
"7,000",3
years,2
"ago,",2
had,2
an,2
unusual,2
mix,2
of,2
blue,2
"eyes,",6
black,3
or,3
brown,3
hair,2
and,2
dark,2
"skin,",2
according,2
to,1
analyses,1
of,1
his,1
genetic,1
make-up.,2
He,1
was,1
probably,1
lactose,1
intolerant,1
and,1
had,1
more,1
difﬁculty,1
digesting,2
starchy,2
foods,1
than,1
the,1
farmers,1
who,1
transformed,2
diets,2
and,2
lifestyles,1
when,1
they,1
took,3
up,2
tools,1
in,1
the,1
ﬁrst,1
agricultural,1
revolution.,0
The,1
invention,2
of,2
farming,1
brought,3
humans,3
and,3
animals,2
into,2
much,3
closer,2
contact,1
and,1
humans,1
likely,1
evolved,2
more,3
robust,2
immune,2
systems,1
to,1
fend,2
off,1
infections,1
that,1
the,2
animals,1
passed,1
on.,0
But,1
scientists,1
may,1
have,1
overestimated,2
the,3
impact,3
farming,2
had,2
in,2
shaping,2
the,2
human,2
immune,2
"system,",2
because,1
tests,2
on,2
the,2
hunter-gatherer's,11
DNA,1
found,1
that,1
he,1
already,1
carried,1
mutations,1
that,1
boost,2
the,2
immune,2
system,1
to,1
tackle,1
various,1
nasty,1
bugs.,0
Some,1
live,3
on,2
in,2
modern,2
Europeans,1
today.,0
“Before,1
we,1
started,2
this,2
"work,",2
I,1
had,2
some,2
ideas,2
of,2
what,2
we,2
were,2
going,2
to,2
"ﬁnd,”",3
said,1
Carles,3
"Lalueza-Fox,",6
who,1
led,2
the,2
study,1
at,1
the,1
Institute,2
of,2
Evolutionary,2
Biology,1
in,1
Barcelona.,0
“Most,2
of,2
those,2
ideas,1
turned,2
out,1
to,1
be,1
completely,1
wrong.”,0
The,1
Spanish,1
team,1
started,2
their,2
work,1
after,1
a,2
group,2
of,2
cavers,1
stumbled,1
upon,1
two,1
skeletons,1
in,1
a,1
deep,2
and,2
complex,1
cave,1
system,1
high,2
up,1
in,1
the,1
Cantabrian,1
Mountains,2
of,2
northwest,2
Spain,1
in,1
2006.,0
The,1
human,1
"remains,",4
which,2
belonged,3
to,3
two,3
men,2
in,2
their,2
early,2
"30s,",2
had,1
been,1
extremely,2
well,1
preserved,1
by,1
the,1
cool,1
environment,1
of,1
the,1
cave.,0
Carbon,1
dating,1
put,3
the,3
remains,2
at,2
around,3
"7,000",3
years,2
"old,",2
before,1
farming,1
had,1
swept,2
into,2
Europe,1
from,1
the,1
Middle,1
East.,0
The,1
timing,1
ﬁtted,1
with,1
ancient,1
artifacts,1
found,2
at,2
the,2
"site,",2
including,1
perforated,1
reindeer,1
teeth,1
that,1
were,1
strung,1
and,1
hung,1
from,1
the,2
people's,3
clothing.,0
On,1
top,2
of,2
the,2
scientiﬁc,2
"impact,",2
artists,1
might,1
have,1
to,1
rethink,1
their,1
drawings,1
of,1
the,1
people.,0
“You,1
see,2
a,2
lot,2
of,2
reconstructions,2
of,2
these,2
people,2
hunting,2
and,2
gathering,1
and,1
they,1
look,2
like,2
modern,2
Europeans,1
with,1
light,1
skin.,0
You,1
never,1
see,2
a,2
reconstruction,2
of,2
a,2
Mesolithic,2
hunter-,4
gatherer,2
with,2
dark,2
skin,2
and,2
blue,2
eye,2
"color,”",3
Lalueza-Fox,5
said.,0
The,1
Spanish,1
team,1
went,2
on,1
to,1
compare,3
the,3
genome,3
of,3
the,3
hunter-gatherer,8
to,2
those,3
of,3
modern,3
Europeans,2
from,2
different,2
regions,1
to,1
see,1
how,1
they,1
might,1
be,1
related.,0
They,1
found,1
that,1
the,2
ancient,2
DNA,1
most,2
closely,1
matched,1
the,1
genetic,1
makeup,1
of,1
people,1
living,2
in,2
northern,2
"Europe,",2
in,1
particular,1
Sweden,1
and,1
Finland.,0
Scientists,1
have,1
taken,3
DNA,2
from,2
the,2
tooth,2
of,2
a,2
European,2
hunter-gatherer,5
and,1
have,1
found,2
out,1
what,1
modern,2
humans,1
looked,2
like,1
before,1
they,1
started,1
farming.,0
The,1
Mesolithic,1
"man,",4
who,2
lived,3
in,3
Spain,2
about,3
"7,000",3
years,2
"ago,",2
had,1
an,1
unusual,1
mix,1
of,1
blue,1
"eyes,",4
black,2
or,2
brown,2
hair,1
and,1
dark,1
skin.,0
He,1
was,1
probably,1
lactose,1
intolerant,1
and,1
could,1
not,1
digest,2
starchy,2
foods,1
easily.,0
The,1
invention,2
of,2
farming,1
brought,3
humans,3
and,3
animals,2
much,2
closer,1
and,1
humans,1
probably,1
developed,2
stronger,2
immune,2
systems,1
to,1
ﬁght,2
infections,1
from,1
the,1
animals.,0
But,1
the,2
change,2
to,2
humans',5
immune,2
systems,1
may,1
not,1
be,1
as,1
big,2
as,2
scientists,2
thought,1
–,1
tests,2
on,2
the,3
hunter-gatherer's,11
DNA,1
found,1
that,1
he,1
already,1
had,1
genes,1
that,1
made,2
his,2
immune,2
system,1
strong.,0
Some,2
of,2
these,2
genes,1
still,1
exist,2
in,2
modern,2
Europeans,1
today.,0
“Before,1
we,1
started,2
this,2
"work,",2
I,1
had,2
some,2
ideas,2
of,2
what,2
we,2
were,2
going,2
to,2
"ﬁnd,”",3
said,1
Carles,3
"Lalueza-Fox,",6
who,1
led,2
the,2
study,1
at,1
the,1
Institute,2
of,2
Evolutionary,2
Biology,1
in,1
Barcelona.,0
“Most,2
of,2
those,2
ideas,1
turned,2
out,1
to,1
be,1
completely,1
wrong.”,0
The,1
Spanish,1
team,1
started,2
their,2
work,1
after,1
a,2
group,2
of,2
cave,2
explorers,1
found,2
two,2
skeletons,2
in,2
a,2
deep,2
cave,2
high,3
up,2
in,2
the,2
Cantabrian,2
Mountains,2
of,2
northwest,2
Spain,1
in,1
2006.,0
The,1
"skeletons,",4
which,2
belonged,3
to,3
two,3
men,2
in,2
their,2
early,2
"30s,",2
had,1
been,1
very,2
well,1
preserved,1
in,1
the,1
cool,1
cave.,0
Carbon,1
dating,1
showed,1
the,2
skeletons,1
are,1
around,2
"7,000",2
years,1
"old,",4
from,2
the,2
time,1
before,1
farming,1
arrived,2
in,2
Europe,1
from,1
the,1
Middle,1
East.,0
Other,1
things,1
were,1
found,2
in,2
the,2
"cave,",2
including,1
reindeer,1
teeth,1
that,1
were,1
hung,1
from,1
the,2
people's,3
clothing.,0
This,1
discovery,1
is,1
important,1
for,1
science.,0
It,1
is,1
also,1
important,1
to,1
artists,1
who,1
will,1
have,1
to,1
draw,2
Mesolithic,2
people,1
in,1
a,1
new,1
way.,0
“You,1
see,2
a,2
lot,2
of,2
pictures,2
of,2
these,2
people,2
hunting,2
and,2
gathering,1
and,1
they,1
look,2
like,2
modern,2
Europeans,1
with,1
light,1
skin.,0
You,1
never,1
see,2
a,2
picture,2
of,2
a,2
Mesolithic,2
hunter-gatherer,6
with,2
dark,2
skin,2
and,2
blue,2
"eyes,”",3
Lalueza-Fox,5
said.,0
The,1
Spanish,1
team,1
compared,4
the,4
hunter-gatherer,11
to,3
modern,3
Europeans,2
from,2
different,2
regions,1
to,1
see,1
how,1
they,1
might,1
be,1
related.,0
They,1
found,1
that,1
the,2
ancient,2
DNA,1
was,1
most,2
closely,1
related,1
to,1
the,1
DNA,1
of,1
people,1
living,2
in,2
northern,2
"Europe,",2
in,1
particular,1
Sweden,1
and,1
Finland.,0
An,1
octopus,1
has,1
made,2
a,2
brazen,2
escape,2
from,2
the,2
National,2
Aquarium,3
in,3
New,2
Zealand,1
by,1
breaking,2
out,2
of,2
its,2
"tank,",2
slithering,3
down,2
a,2
50-meter,8
drainpipe,1
and,1
disappearing,1
into,1
the,1
sea.,0
In,1
scenes,3
reminiscent,2
of,2
Finding,2
"Nemo,",6
Inky,2
–,2
a,2
common,2
New,3
Zealand,2
octopus,1
–,1
made,3
his,3
dash,2
for,2
freedom,1
after,1
the,2
lid,2
of,2
his,2
tank,1
was,1
accidentally,1
left,1
slightly,1
ajar.,0
Staff,1
believe,1
that,1
in,2
the,2
middle,2
of,2
the,2
"night,",2
while,2
the,3
aquarium,2
was,2
"deserted,",2
Inky,1
clambered,3
to,3
the,3
top,3
of,3
his,3
glass,3
"enclosure,",4
down,2
the,2
side,2
of,2
the,2
tank,1
and,1
traveled,1
across,1
the,1
floor,1
of,1
the,1
aquarium.,0
Rob,3
"Yarrell,",4
national,2
manager,2
of,2
the,2
National,2
Aquarium,3
of,3
New,3
Zealand,2
in,2
"Napier,",2
said:,2
“Octopuses,2
are,1
famous,1
escape,1
artists.,0
I,1
don't,2
think,1
he,1
was,1
unhappy,2
with,2
"us,",4
or,2
"lonely,",2
as,1
octopuses,1
are,1
solitary,1
creatures.,0
"But,",2
he,1
is,1
such,1
a,1
curious,1
boy.,0
He,1
would,1
want,1
to,1
know,1
what's,2
happening,1
on,1
the,1
outside.,0
That's,2
just,1
his,1
personality.”,0
One,1
theory,1
is,1
that,1
Inky,1
slid,2
across,2
the,2
aquarium,2
floor,2
–,2
a,2
journey,2
of,2
three,3
or,3
four,2
meters,1
–,1
and,1
"then,",2
sensing,2
freedom,1
was,1
at,1
"hand,",2
into,1
a,1
drainpipe,1
that,1
led,2
directly,1
to,1
the,1
sea.,0
The,1
drainpipe,1
was,1
50,2
meters,1
long,1
and,1
opened,2
onto,2
the,2
waters,2
of,2
Hawke's,5
"Bay,",2
on,1
the,1
east,1
coast,1
of,1
New,3
Zealand's,3
North,1
Island.,0
Another,1
possible,1
escape,1
route,1
could,1
have,1
involved,2
Inky,1
squeezing,2
into,2
an,2
open,2
pipe,1
at,1
the,1
top,2
of,2
his,2
"tank,",2
which,1
led,2
under,2
the,2
floor,1
to,1
the,1
drain.,0
“When,1
we,1
came,4
in,3
the,3
next,3
morning,2
and,2
his,3
tank,2
was,2
"empty,",2
I,1
was,1
really,1
"surprised,”",3
said,1
"Yarrell,",2
who,1
has,1
not,1
launched,1
a,1
search,1
for,1
Inky.,0
“The,1
staff,2
and,2
I,1
have,1
been,1
pretty,1
sad.,0
But,1
"then,",2
this,1
is,1
Inky,1
and,1
he's,2
always,1
been,1
a,1
bit,1
of,1
a,1
surprise,1
octopus.”,0
Reiss,3
"Jenkinson,",4
exhibits,2
keeper,2
at,2
the,2
National,2
"Aquarium,",2
said,1
he,1
was,1
absolutely,1
certain,1
Inky,1
had,1
not,1
been,1
taken.,0
“I,1
understand,3
the,3
nature,3
of,3
octopus,3
behavior,2
very,2
"well,”",3
he,1
said.,0
“I,1
have,1
seen,2
octopuses,2
on,2
boats,1
slip,1
through,1
bilge,1
pumps.,0
"And,",2
the,2
security,2
here,1
is,1
too,1
tight,2
for,2
anyone,2
to,2
take,2
Inky,1
and,1
why,1
would,1
they?”,0
Because,1
octopuses,1
have,2
no,2
"bones,",2
they,1
are,1
able,2
to,2
fit,2
into,2
extremely,3
small,2
spaces,1
and,1
have,1
been,1
filmed,1
squeezing,2
through,2
gaps,1
the,1
size,1
of,1
coins.,0
They,1
are,1
also,1
understood,1
to,1
be,1
extremely,1
intelligent,1
and,1
capable,1
of,1
using,1
tools.,0
At,1
the,1
Island,2
Bay,1
Marine,1
Education,1
Center,2
in,2
"Wellington,",2
an,2
octopus,1
was,1
found,1
to,1
be,1
in,1
the,1
habit,1
of,1
visiting,4
another,4
tank,3
overnight,2
to,2
steal,2
"crabs,",2
then,1
returning,1
to,1
its,1
own.,0
Another,2
at,2
the,2
"center,",4
"Ozymandias,",2
was,1
thought,1
to,1
have,1
broken,2
a,2
world,2
record,1
for,1
opening,2
a,2
jar,1
before,1
it,1
was,1
released,1
into,1
the,1
ocean.,0
Inky,1
was,1
brought,3
to,3
the,3
National,3
Aquarium,2
a,2
number,3
of,3
years,2
ago,1
by,1
a,1
local,1
fisherman,1
who,1
found,2
him,1
caught,1
in,1
a,1
crayfish,1
pot.,0
He,1
was,1
scarred,2
and,2
“rough,4
"looking”,",3
said,1
Yarrell.,0
“He,1
had,1
been,1
living,3
on,3
the,3
reef,2
and,2
fighting,2
with,2
fish,1
so,1
he,1
wasn't,2
in,1
the,1
best,1
shape.”,0
According,2
to,1
"Yarrell,",4
Inky,2
–,2
who,2
is,2
about,2
the,2
size,2
of,2
a,2
rugby,2
ball,1
–,1
was,1
an,1
“unusually,3
intelligent”,2
octopus.,0
“He,1
was,1
very,1
"friendly,",4
very,2
inquisitive,1
and,1
a,1
popular,1
attraction,1
here.,0
We,1
have,2
another,2
"octopus,",4
"Blotchy,",2
but,1
he,1
is,1
smaller,2
than,2
Inky,1
and,1
Inky,1
had,1
the,1
personality.”,0
The,1
aquarium,1
has,1
no,1
plans,1
to,1
step,4
up,3
security,2
as,2
a,2
result,2
of,2
the,2
escape,1
as,1
Inky,1
was,1
a,1
“one-off”,5
but,1
the,2
staff,1
are,1
“increasingly,2
aware,1
of,2
what,1
octopuses,1
can,1
actually,1
do”.,0
Although,1
the,2
aquarium,1
is,1
not,1
actively,1
searching,2
for,2
a,2
replacement,2
for,2
"Inky,",2
if,2
a,3
fisherman,2
brought,3
in,2
another,2
"octopus,",2
it,1
might,1
be,1
willing,1
to,1
take,2
it,1
on.,0
An,1
octopus,1
has,1
escaped,1
from,1
the,1
National,1
Aquarium,1
in,1
New,1
Zealand.,0
It,1
escaped,2
from,2
its,2
"tank,",2
slid,3
down,2
a,2
50-meter,8
drainpipe,1
and,1
disappeared,1
into,1
the,1
sea.,0
Inky,0
–,0
a,1
common,1
New,2
Zealand,1
octopus,1
–,1
escaped,1
after,1
someone,1
left,2
the,2
lid,2
of,2
his,2
tank,1
open.,0
Staff,2
at,2
the,2
aquarium,1
believe,1
"that,",2
in,2
the,2
middle,2
of,2
the,2
"night,",2
when,2
there,2
was,3
no-one,8
in,2
the,2
"building,",2
Inky,1
climbed,2
down,2
the,2
side,2
of,2
the,2
tank,1
and,1
traveled,1
across,1
the,1
floor.,0
Rob,3
"Yarrell,",4
national,2
manager,2
of,2
the,2
National,2
Aquarium,3
of,3
New,3
Zealand,2
in,2
"Napier,",2
said:,2
“Octopuses,2
are,1
famous,1
for,1
their,1
ability,1
to,1
escape.,0
I,1
don't,2
think,2
he,2
was,2
unhappy,2
with,2
"us,",4
or,2
"lonely,",2
because,1
octopuses,1
like,1
to,1
live,1
alone.,0
"But,",2
he,1
is,1
such,1
a,1
curious,1
boy.,0
He,1
would,1
want,1
to,1
know,1
what's,2
happening,1
on,1
the,1
outside.,0
That's,2
his,1
personality.”,0
One,1
idea,1
is,1
that,1
Inky,1
crossed,2
the,2
aquarium,2
floor,2
–,2
a,2
journey,2
of,2
three,3
or,3
four,2
meters,1
–,1
and,1
"then,",2
he,1
realized,2
that,2
freedom,2
was,2
very,2
near,1
so,1
he,1
entered,1
a,1
drainpipe,1
that,1
led,2
directly,1
to,1
the,1
sea.,0
The,1
drainpipe,1
was,1
50,2
meters,1
long,1
and,1
opened,2
into,2
Hawke's,5
"Bay,",2
on,1
the,1
east,1
coast,1
of,1
New,3
Zealand's,3
North,1
Island.,0
It,1
is,1
also,1
possible,1
that,1
Inky,1
escaped,2
through,2
an,2
open,2
pipe,1
at,1
the,1
top,2
of,2
his,2
"tank,",2
which,1
led,2
under,2
the,2
floor,1
to,1
the,1
drain.,0
“When,1
we,1
came,4
in,3
the,3
next,3
morning,2
and,2
his,3
tank,2
was,2
"empty,",2
I,1
was,1
really,1
"surprised,”",3
said,1
"Yarrell,",2
who,1
has,1
not,1
started,1
looking,1
for,1
Inky.,0
“The,1
staff,2
and,2
I,1
have,1
been,1
sad.,0
But,1
"then,",2
this,1
is,1
Inky,1
and,1
he's,2
always,1
been,1
a,1
bit,1
of,1
a,1
surprise,1
octopus.”,0
Reiss,3
"Jenkinson,",4
a,2
keeper,2
at,2
the,2
National,2
"Aquarium,",2
said,1
he,1
was,1
absolutely,1
certain,1
Inky,1
was,1
not,1
stolen.,0
“I,1
understand,3
octopus,3
behavior,2
very,2
"well,”",3
he,1
said.,0
“I,1
have,1
seen,2
octopuses,2
on,2
boats,1
escape,1
through,1
waste,1
pumps.,0
"And,",2
the,2
security,2
here,1
is,1
too,1
good,2
for,2
anyone,2
to,2
take,2
Inky,1
and,1
why,1
would,1
they?”,0
Because,1
octopuses,1
have,2
no,2
"bones,",2
they,1
can,1
fit,2
into,2
very,3
small,2
spaces,1
and,1
can,1
squeeze,2
through,2
gaps,1
the,1
size,1
of,1
coins.,0
They,1
are,1
also,1
very,1
intelligent,1
and,1
able,1
to,1
use,1
tools.,0
At,1
the,1
Island,2
Bay,1
Marine,2
Education,1
Center,2
in,2
"Wellington,",2
an,2
octopus,1
visited,4
another,4
tank,3
every,3
night,2
to,2
steal,2
"crabs,",2
then,1
return,1
to,1
its,1
own,1
tank.,0
Another,1
octopus,2
at,2
the,2
"center,",4
"Ozymandias,",2
broke,2
a,2
world,2
record,1
for,1
opening,1
a,1
jar.,0
Inky,1
was,1
brought,3
to,3
the,3
National,3
Aquarium,2
several,3
years,2
ago,1
by,1
a,1
local,1
fisherman,1
who,1
found,2
him,1
in,1
a,1
fishing,1
pot.,0
Yarrell,1
"said,",2
“He,2
lived,3
on,3
the,3
reef,2
and,2
fought,2
with,2
fish,1
so,1
he,1
wasn't,2
in,1
a,1
good,1
shape.”,0
According,2
to,1
"Yarrell,",4
Inky,2
–,2
who,2
is,2
about,2
the,2
size,2
of,2
a,2
rugby,2
ball,1
–,1
was,1
an,1
“unusually,3
intelligent”,2
octopus.,0
“He,1
was,1
very,1
friendly,1
and,1
a,1
popular,1
attraction,1
here.,0
We,1
have,2
another,2
"octopus,",4
"Blotchy,",2
but,1
he,1
is,1
smaller,2
than,2
Inky,1
and,1
Inky,1
had,1
the,1
personality.”,0
The,1
aquarium,1
has,2
no,2
plans,2
to,2
increase,3
security,2
as,2
a,2
result,2
of,2
the,2
escape,1
but,1
the,2
staff,1
now,1
know,2
“what,4
octopuses,2
can,2
do”,2
so,1
they,1
will,1
be,1
more,1
careful.,0
The,1
aquarium,1
is,1
not,1
looking,2
for,2
another,2
octopus,1
"but,",2
if,2
a,3
fisherman,2
brought,3
in,2
another,2
"octopus,",2
the,2
aquarium,1
might,1
take,1
it.,0
Do,1
you,1
want,4
your,4
child,3
to,3
be,3
good,3
at,3
"sports,",4
make,2
the,2
school,2
team,1
"and,",2
maybe,2
one,2
"day,",2
even,1
compete,1
on,1
the,1
world,1
stage?,0
"Well,",2
try,1
to,1
ensure,1
that,1
your,2
would-be,6
Olympian,3
or,3
World,3
Cup,2
winner,1
is,1
born,2
in,2
November,1
"or,",2
failing,2
"that,",2
in,1
October.,0
A,1
study,1
has,1
found,1
that,1
school,2
pupils,2
born,2
in,2
those,2
months,1
are,1
fitter,2
than,2
everyone,2
else,1
in,1
their,1
class.,0
November-,2
and,1
October-born,6
children,1
emerged,2
as,2
"fitter,",6
stronger,2
and,2
more,2
powerful,2
than,2
their,2
peers,2
born,2
in,2
the,2
other,2
ten,2
months,2
of,2
the,2
"year,",2
especially,1
those,1
whose,2
birthdays,1
fell,1
in,1
April,1
or,1
June.,0
Dr.,4
Gavin,3
"Sandercock,",4
who,2
is,2
from,2
the,2
Center,3
for,3
Sports,4
and,4
Exercise,3
Science,3
at,3
Essex,3
University,2
and,2
led,2
the,2
"study,",2
found,1
that,1
autumn-born,6
children,1
enjoyed,2
“a,4
clear,2
physical,2
advantage”,2
over,1
their,1
classmates.,0
The,1
research,1
involved,1
"8,550",1
boys,2
and,2
girls,1
aged,2
between,2
ten,2
and,2
16,1
from,1
26,1
state,1
schools,1
in,1
Essex.,0
All,1
were,1
tested,2
between,2
2007,2
and,2
2010,1
on,1
three,1
different,1
measures,2
of,2
fitness:,2
"stamina,",4
handgrip,2
strength,1
and,1
lower-body,5
power.,0
The,1
results,1
revealed,2
that,2
a,3
child's,7
month,3
of,3
birth,2
could,2
make,2
“significant”,6
differences,2
to,2
their,2
levels,2
of,2
cardiovascular,2
"fitness,",6
muscle,3
strength,2
and,2
ability,2
to,2
"accelerate,",2
all,2
of,2
which,1
predict,1
how,1
good,2
someone,2
is,2
at,2
"sports,",2
in,2
which,1
such,2
attributes,1
are,1
vital.,0
Performances,2
at,2
school,2
sports,2
days,2
in,2
the,2
weeks,2
ahead,1
may,1
bear,2
out,1
the,1
findings.,0
November-born,3
children,1
were,1
the,1
fittest,2
overall,1
as,1
they,1
had,2
the,2
most,2
stamina,2
and,2
power,1
and,1
were,1
the,1
second,1
strongest.,0
Those,2
born,2
in,2
October,1
were,1
almost,2
as,1
"fit,",2
scoring,3
highest,2
for,2
strength,1
and,1
coming,3
third,2
for,2
"power,",2
with,1
December,2
children,1
close,1
behind.,0
The,1
gap,3
in,3
physical,3
prowess,3
between,3
children,3
in,3
the,3
same,3
class,2
but,2
born,2
in,2
different,2
months,1
was,1
sometimes,1
very,1
wide.,0
“For,1
"example,",2
we,1
found,1
that,1
a,2
boy,2
born,2
in,2
November,1
can,1
run,3
at,4
least,4
10%,7
"faster,",4
jump,2
12%,5
higher,1
and,1
is,1
15%,4
more,1
powerful,1
than,1
a,1
child,1
of,1
the,1
same,1
age,1
born,1
in,1
April.,0
This,1
"is,",2
"potentially,",2
a,1
huge,1
physical,1
"advantage,”",3
said,1
Sandercock.,0
Such,1
gaps,1
could,1
ultimately,1
decide,2
who,2
became,2
a,2
top-level,8
athlete,1
"because,",2
as,2
the,3
paper,2
"says,",2
“selection,3
into,2
elite,2
sports,1
may,1
often,1
depend,1
on,1
very,2
small,1
margins,2
or,2
differences,1
in,1
an,2
individual's,3
physical,1
performance”.,0
The,1
"study,",4
which,2
has,2
been,2
published,2
in,2
the,2
International,2
Journal,2
of,2
Sports,2
"Medicine,",2
found,1
"that,",2
when,2
scores,3
for,3
the,3
three,3
kinds,3
of,3
fitness,2
were,2
"combined,",2
those,2
born,2
in,2
April,1
were,1
the,1
least,1
"fit,",2
then,1
those,1
in,1
June.,0
That,1
could,1
see,2
those,2
children,2
excluded,3
from,3
school,3
teams,2
and,2
becoming,2
sporting,2
"underachievers,",2
Sandercock,1
said.,0
The,1
findings,1
seem,2
to,2
show,2
that,2
children,3
born,3
in,3
the,3
early,3
months,3
of,3
the,3
school,3
year,2
enjoy,2
a,2
double,2
“autumn,4
advantage”,2
–,1
they,1
are,1
already,1
known,2
to,2
have,2
an,2
academic,2
advantage,1
"and,",2
"now,",2
they,1
also,1
appear,2
to,2
be,2
better,2
equipped,2
for,2
"sports,",2
too.,0
The,1
authors,1
believe,1
that,1
autumn-born,6
children's,5
greater,2
exposure,2
over,2
the,2
summer,2
"months,",2
towards,2
the,2
end,3
of,3
"pregnancy,",4
to,2
vitamin,2
D,1
is,1
the,1
most,2
likely,1
explanation.,0
John,3
"Steele,",4
chief,2
executive,2
of,2
the,2
Youth,2
Sport,2
"Trust,",2
said,1
the,2
quality,2
of,2
a,3
young,3
person's,5
introduction,2
to,2
sports,2
at,2
school,1
can,1
be,1
“a,2
major,1
factor”,2
in,1
their,1
sporting,1
development.,0
“Children,2
that,2
get,2
a,2
high-quality,8
first,2
"experience,",4
which,2
develops,2
their,2
physical,2
"literacy,",2
are,1
those,3
that,3
will,3
have,3
greater,3
"agility,",8
balance,3
and,3
"coordination,",4
and,2
are,2
more,2
likely,2
to,2
develop,3
an,3
enjoyment,3
of,3
physical,3
activity,2
and,2
excel,3
in,3
sports,2
as,2
they,2
grow,2
"up”,",3
he,1
said.,0
UK,1
Sport,1
could,1
not,1
say,1
if,1
a,2
disproportionately,3
high,2
number,2
of,2
the,2
"1,300",2
athletes,3
across,3
47,3
sports,2
it,2
funds,1
were,1
born,1
in,1
November,1
and,1
October.,0
Natalie,3
"Dunman,",4
its,2
head,2
of,2
performance,2
"pathways,",2
said,1
"that,",2
while,2
the,3
differences,3
highlighted,3
in,3
the,3
new,3
findings,2
were,2
borne,3
out,2
by,2
teenagers,2
competing,2
in,2
junior-level,8
"competitions,",2
they,1
had,1
disappeared,1
by,1
the,1
time,1
athletes,1
were,1
taking,2
part,1
in,1
adult,1
competitions.,0
She,1
said:,2
“Looking,3
at,2
"elite,",4
senior,2
"athletes,",2
there,1
are,2
many,2
factors,2
that,2
go,2
into,2
making,2
a,2
champion,1
and,1
our,2
work,1
hasn't,2
uncovered,1
anything,1
to,1
suggest,1
that,2
month,2
of,2
birth,1
is,1
one,1
of,1
the,1
key,1
ingredients.”,0
Do,1
you,1
want,4
your,4
child,3
to,3
be,3
good,3
at,3
"sports,",4
play,2
for,2
the,2
school,2
team,1
"and,",2
maybe,2
one,2
"day,",2
even,1
be,1
in,1
international,1
competitions?,0
"Well,",2
try,1
to,1
make,1
sure,1
that,1
your,2
child,1
is,1
born,1
in,1
November,1
or,1
October.,0
A,1
study,1
has,1
found,1
that,1
schoolchildren,2
born,2
in,2
November,2
or,2
October,1
are,1
fitter,2
than,2
everyone,2
else,1
in,1
their,1
class.,0
Children,2
born,2
in,2
November,2
or,2
October,1
were,1
"fitter,",6
stronger,2
and,2
more,2
powerful,1
than,1
children,1
born,1
in,1
the,1
other,1
ten,1
months,1
of,1
the,1
year.,0
They,1
are,1
especially,1
"fitter,",4
stronger,1
and,1
more,1
powerful,1
than,1
children,1
with,1
birthdays,1
in,1
April,1
or,1
June.,0
Dr.,4
Gavin,3
Sandercock,2
of,2
Essex,2
University,1
found,1
in,1
his,1
study,1
that,1
children,2
born,2
in,2
the,2
autumn,1
had,2
“a,4
clear,2
physical,2
advantage”,2
over,1
their,1
classmates.,0
The,1
research,1
involved,1
"8,550",1
boys,2
and,2
girls,1
aged,2
between,2
ten,2
and,2
16,1
from,1
26,1
state,1
schools,1
in,1
Essex.,0
All,1
were,1
tested,2
between,2
2007,2
and,2
2010,1
on,1
three,1
different,1
things:,2
"stamina,",4
handgrip,2
strength,1
and,1
lower-body,5
power.,0
The,1
results,1
showed,1
that,1
a,2
child's,5
month,2
of,2
birth,1
could,1
make,2
big,2
differences,1
to,1
their,1
levels,1
of,1
"fitness,",6
muscle,3
strength,2
and,2
ability,2
to,2
"accelerate,",2
all,2
of,2
which,1
predict,1
how,1
good,2
someone,2
is,1
at,1
sports.,0
November,1
children,1
were,1
the,1
fittest,2
because,2
they,2
had,2
the,2
most,2
stamina,2
and,2
power,1
and,1
were,1
the,1
second,1
strongest.,0
Children,2
born,2
in,2
October,1
were,1
almost,1
as,1
fit,1
–,1
they,1
scored,3
highest,2
for,2
strength,1
and,1
came,3
third,2
for,2
"power,",2
with,1
December,2
children,1
close,1
behind.,0
The,1
gap,3
in,3
physical,3
ability,3
between,3
children,3
in,3
the,3
same,3
class,2
but,2
born,2
in,2
different,2
months,1
was,1
sometimes,1
very,1
wide.,0
“For,1
"example,",2
we,1
found,1
that,1
a,2
boy,2
born,2
in,2
November,1
can,1
run,3
at,4
least,4
10%,7
"faster,",4
jump,2
12%,5
higher,1
and,1
is,1
15%,4
more,1
powerful,1
than,1
a,1
child,1
of,1
the,1
same,1
age,1
born,1
in,1
April.,0
This,1
is,1
a,1
huge,1
physical,1
"advantage,”",3
said,1
Sandercock.,0
These,1
gaps,1
could,1
decide,1
who,1
became,2
a,2
top-,6
level,2
athlete,1
because,1
“selection,3
into,2
elite,2
sports,1
may,1
often,1
depend,1
on,1
very,2
small,1
differences,1
in,1
a,2
person's,3
physical,1
performance”.,0
The,1
study,1
found,1
"that,",2
when,2
scores,3
for,3
the,3
three,3
kinds,3
of,3
fitness,2
were,2
put,2
"together,",2
children,2
born,2
in,2
April,1
were,1
the,1
least,1
"fit,",2
followed,2
by,2
children,1
born,1
in,1
June.,0
The,1
findings,1
seem,2
to,2
show,2
that,2
children,3
born,3
in,3
the,3
early,3
months,3
of,3
the,3
school,3
year,2
enjoy,2
a,2
double,2
“autumn,4
advantage”,2
–,1
we,1
already,1
know,2
that,2
they,2
have,2
an,2
academic,2
advantage,1
"and,",2
"now,",2
they,1
also,1
seem,2
to,2
be,2
better,2
at,2
"sports,",2
too.,0
The,1
authors,2
of,2
the,2
study,1
believe,1
that,1
the,2
most,3
likely,2
explanation,1
is,1
that,1
children,2
born,2
in,2
autumn,1
get,3
more,3
vitamin,3
D,2
over,2
the,2
summer,2
months,1
towards,1
the,1
end,1
of,1
pregnancy.,0
John,3
"Steele,",4
chief,2
executive,2
of,2
the,2
Youth,2
Sport,2
"Trust,",2
said,1
the,2
quality,2
of,2
a,3
young,3
person's,5
introduction,2
to,2
sports,2
at,2
school,1
can,1
be,1
“a,2
major,1
factor”,2
in,1
their,1
sporting,1
development.,0
“Children,2
that,2
get,2
a,2
high-quality,8
first,2
experience,1
will,1
have,3
greater,3
"agility,",8
balance,3
and,3
"coordination,",4
and,2
are,2
more,2
likely,3
to,3
develop,3
an,3
enjoyment,3
of,3
physical,3
activity,2
and,2
be,2
good,3
at,3
sports,2
as,2
they,2
grow,2
"up”,",3
he,1
said.,0
UK,1
Sport,1
could,1
not,1
say,1
if,1
a,2
majority,2
of,2
the,2
"1,300",2
athletes,2
it,2
gives,2
money,1
to,1
were,1
born,1
in,1
November,1
and,1
October.,0
Natalie,3
"Dunman,",4
its,2
head,2
of,2
"performance,",2
said,1
that,1
the,2
differences,2
shown,2
in,2
the,2
new,2
study,1
were,1
true,3
for,3
teenagers,2
in,2
junior-level,8
"competitions,",2
but,1
that,1
the,2
differences,1
disappear,1
before,1
athletes,1
were,1
in,1
adult,1
competitions.,0
She,1
said:,2
“With,3
adult,2
"athletes,",2
there,1
are,2
many,2
factors,2
that,2
make,2
a,2
champion,1
and,1
we,1
don't,2
think,1
that,2
month,2
of,2
birth,1
is,1
one,1
of,1
the,1
key,1
ingredients.”,0
Lots,2
of,2
us,1
know,2
we,2
are,2
"sleep-deprived,",6
but,1
imagine,1
if,1
we,1
could,1
fix,3
it,2
with,2
a,2
fairly,3
simple,2
solution:,2
getting,2
up,1
later.,0
In,1
a,1
speech,2
at,2
the,2
British,2
Science,2
"Festival,",2
Dr.,4
Paul,3
"Kelley,",4
clinical,2
research,2
associate,2
at,2
the,2
Sleep,3
and,3
Circadian,2
Neuroscience,2
Institute,2
at,2
Oxford,2
"University,",2
called,1
for,1
schools,1
to,1
stagger,2
their,2
starting,2
times,1
to,1
work,1
with,1
the,1
natural,1
biological,1
rhythms,1
of,1
their,1
students.,0
It,1
would,1
improve,2
cognitive,2
"performance,",6
exam,3
results,2
and,2
students',5
health,1
(sleep,3
deprivation,1
has,1
been,1
linked,1
with,1
"diabetes,",6
"depression,",4
obesity,1
and,1
an,1
impaired,1
immune,1
system).,0
It,1
follows,1
a,1
"paper,",4
published,2
in,2
"2014,",2
in,2
which,1
he,1
noted,1
"that,",2
when,2
children,2
are,2
around,2
"ten,",2
their,2
biological,2
wake-up,8
time,1
is,1
about,2
6.30am;,3
at,2
"16,",2
this,1
rises,2
to,2
8am;,4
"and,",2
at,2
"18,",2
someone,2
you,2
may,2
think,3
of,2
as,2
a,2
lazy,2
teenager,1
actually,1
has,1
a,1
natural,1
waking,1
hour,1
of,1
9am.,0
The,1
conventional,1
school,1
starting,1
time,1
works,1
for,1
10-year-olds,7
but,1
not,2
16-,2
to,1
18-year-olds.,6
For,1
the,1
older,1
"teenagers,",2
it,1
might,1
be,1
more,1
sensible,1
to,1
start,2
the,2
school,2
day,1
at,1
11am,2
or,1
even,1
later.,0
“A,1
7am,3
alarm,1
call,2
for,2
older,2
"adolescents,”",3
Kelley,2
and,2
his,2
colleagues,1
pointed,3
out,2
in,2
the,2
"paper,",2
“is,2
the,1
equivalent,1
of,1
a,1
4.30am,3
start,1
for,1
a,1
teacher,1
in,1
their,1
50s.”,0
He,1
says,1
it's,2
not,1
as,1
simple,1
as,1
persuading,2
teenagers,1
to,1
go,2
to,2
bed,1
earlier.,0
“The,1
body's,3
natural,1
rhythm,1
is,1
controlled,2
by,2
a,2
particular,2
kind,2
of,2
"light,”",3
says,1
Kelley.,0
“The,1
eye,1
doesn't,2
just,1
contain,2
rods,2
and,2
cones;,2
it,1
contains,1
cells,1
that,1
then,1
report,1
to,1
the,1
suprachiasmatic,1
nuclei,1
in,1
the,1
hypothalamus.”,0
This,1
part,2
of,2
the,2
brain,1
controls,2
our,2
circadian,2
rhythms,1
over,1
a,1
24-hour,5
cycle.,0
It's,2
like,1
saying:,2
‘Why,2
can't,2
you,1
control,1
your,1
heartbeat?'”,0
But,1
it,1
isn't,2
just,1
students,1
who,1
would,1
benefit,1
from,1
a,1
later,1
start.,0
Kelley,1
says,1
the,2
working,2
day,1
should,1
be,1
more,1
forgiving,1
of,1
our,1
natural,1
rhythms.,0
Describing,3
the,3
average,3
sleep,3
loss,3
per,3
night,2
for,2
different,2
age,2
"groups,",2
he,1
says:,2
“Between,3
14,2
and,2
"24,",2
it's,2
more,3
than,2
two,1
hours.,0
For,1
people,2
aged,2
between,2
24,2
and,2
about,2
30,2
or,2
"35,",2
it's,2
about,1
an,1
hour,1
and,1
a,1
half.,0
That,1
can,1
continue,2
up,1
until,1
you're,2
about,1
55,1
when,1
it's,2
in,1
balance,1
again.,0
The,1
10-year-old,9
and,1
55-year-old,9
wake,1
and,1
sleep,2
naturally,1
at,1
the,1
same,1
time.”,0
This,1
might,1
be,1
"why,",4
he,2
"adds,",2
the,2
traditional,2
nine,2
to,2
five,1
is,1
so,1
ingrained;,2
it,1
is,1
maintained,3
by,3
"bosses,",6
many,3
of,3
them,2
in,2
their,2
mid-50s,2
and,2
upwards,1
because,1
“it,2
is,1
best,1
for,1
them”.,0
"So,",2
should,1
workplaces,1
have,2
staggered,2
starting,2
"times,",2
too?,0
Should,1
those,2
in,2
their,2
50s,2
and,2
above,1
come,3
in,2
at,2
"8am,",4
while,1
those,2
in,2
their,2
30s,1
start,2
at,2
10am,4
and,2
the,2
teenage,2
intern,2
or,2
apprentice,1
be,1
encouraged,1
to,1
turn,2
up,1
at,1
11am?,1
Kelley,1
says,1
that,1
synchronized,2
hours,1
could,1
have,1
“many,2
positive,1
consequences.,0
The,1
positive,1
side,2
of,2
this,1
is,1
people's,3
"performance,",2
mood,2
and,2
health,1
will,1
improve.,0
It's,2
very,1
uplifting,2
in,2
a,2
way,1
because,1
it's,2
a,1
solution,2
that,2
will,2
make,3
people,2
less,2
"ill,",2
and,1
happier,2
and,2
better,1
at,1
what,1
they,1
do.”,0
There,1
would,1
probably,1
be,3
fewer,3
accidents,2
as,2
drivers,2
would,2
be,2
more,2
"alert,",2
he,1
says.,0
It,1
could,1
spell,2
the,2
end,2
of,2
rush,2
hour,1
as,1
people,1
stagger,1
their,1
work,1
and,1
school-run,5
times.,0
A,1
later,1
start,2
to,2
the,2
day,2
for,2
"many,",2
says,2
"Kelley,",2
“is,2
something,1
that,1
would,1
benefit,1
"everyone,",2
particularly,1
families.,0
Parents,1
go,1
and,1
try,1
to,1
wake,2
up,1
teenagers,1
who,1
are,1
waking,3
up,2
three,2
hours,1
too,1
early.,0
It,1
creates,2
tensions,1
for,1
everybody.”,0
"So,",2
what,2
time,1
does,1
Kelley,1
start,1
work?,0
“I,1
am,1
67,2
so,2
that,2
means,2
I'm,4
back,2
to,2
being,2
ten,3
years,2
old,1
and,1
I,1
get,2
up,1
just,1
after,1
six.,0
I,1
wake,1
naturally.”,0
"And,",2
"yes,",2
he,1
says,1
he,1
finds,2
the,2
start,2
of,2
his,2
working,2
day,1
much,1
easier,2
now,1
than,1
he,1
did,1
when,1
he,1
was,1
younger.,0
Many,2
of,2
us,1
know,2
we,2
don't,4
get,2
enough,2
"sleep,",2
but,1
imagine,1
if,1
there,1
was,2
a,2
simple,2
solution:,2
getting,2
up,1
later.,0
In,1
a,1
speech,2
at,2
the,2
British,2
Science,2
"Festival,",2
Dr.,4
Paul,3
Kelley,2
from,2
Oxford,2
University,1
said,1
schools,1
should,1
stagger,2
their,2
starting,2
times,1
to,1
work,1
with,1
the,1
natural,1
rhythms,1
of,1
their,1
students.,0
This,1
would,1
improve,2
exam,2
results,2
and,2
students',5
health,1
(lack,3
of,2
sleep,1
can,1
cause,1
"diabetes,",6
"depression,",4
obesity,1
and,1
other,1
health,1
problems).,0
Dr.,2
Kelley,1
said,1
"that,",2
when,2
children,2
are,2
around,2
"ten,",2
their,2
natural,2
wake-up,8
time,1
is,1
about,2
6.30am;,5
at,2
"16,",2
this,1
rises,2
to,2
8am;,4
"and,",2
at,2
"18,",2
a,2
person's,5
natural,2
waking,2
hour,1
is,1
"9am,",3
although,1
you,1
may,1
think,1
they,1
are,1
just,1
a,1
lazy,1
teenager.,0
The,1
normal,1
school,1
starting,1
time,1
works,1
for,1
10-year-olds,7
but,1
not,1
for,1
16-,4
to,1
18-year-olds.,6
For,1
the,1
older,1
"teenagers,",2
it,1
might,1
be,1
better,1
to,1
start,2
the,2
school,2
day,1
at,1
11am,2
or,1
even,1
later.,0
“A,1
7am,3
wake-up,5
time,2
for,2
older,2
"teenagers,”",3
says,2
"Kelley,",2
“is,2
the,1
same,1
as,1
a,1
4.30am,3
start,1
for,1
a,1
teacher,1
in,1
their,1
50s.”,0
He,1
says,1
the,2
solution,1
is,1
not,1
to,1
tell,2
teenagers,1
to,1
go,2
to,2
bed,1
earlier.,0
“The,1
body's,3
natural,1
rhythm,1
is,1
controlled,2
by,2
a,2
particular,2
kind,2
of,2
"light,”",3
says,1
Kelley.,0
“The,1
eye,1
has,1
cells,1
that,1
report,1
to,1
a,1
part,2
of,2
the,2
brain,1
that,1
controls,2
our,2
sleep,2
rhythms,1
over,1
a,1
24-hour,5
cycle.,0
It's,2
like,1
saying:,2
‘Why,2
can't,2
you,1
control,1
your,1
heartbeat?'”,0
But,1
it,1
isn't,2
just,1
students,1
who,1
would,1
benefit,1
from,1
a,1
later,1
start.,0
Kelley,1
says,1
the,2
working,2
day,1
should,1
be,1
more,1
linked,1
to,1
our,1
natural,1
rhythms.,0
Describing,3
the,3
average,3
sleep,3
loss,3
per,3
night,2
for,2
different,2
age,2
"groups,",2
he,1
says:,2
“Between,3
14,2
and,2
"24,",2
people,1
lose,1
more,3
than,2
two,1
hours.,0
For,1
people,2
aged,2
between,2
24,2
and,2
about,2
30,2
or,2
"35,",2
they,1
lose,1
about,1
an,1
hour,1
and,1
a,1
half.,0
That,1
can,1
continue,2
up,1
until,1
you're,2
about,1
55,1
when,1
it's,2
in,1
balance,1
again.,0
The,1
10-year-old,9
and,1
55-year-old,9
wake,1
and,1
sleep,2
naturally,1
at,1
the,1
same,1
time.”,0
"So,",2
should,1
workplaces,1
have,2
staggered,2
starting,2
"times,",2
too?,0
Should,1
people,2
in,2
their,2
50s,2
and,2
above,1
come,3
in,2
at,2
"8am,",4
people,2
in,2
their,2
30s,1
start,2
at,2
10am,4
and,2
the,2
teenage,2
apprentice,1
at,1
11am?,1
Kelley,1
says,1
that,1
synchronized,2
hours,1
could,1
have,1
“many,2
positive,1
effects.,0
The,1
positive,1
side,1
is,1
that,1
people's,5
"performance,",6
mood,2
and,2
health,1
will,1
improve.,0
It's,2
very,1
positive,1
because,1
it's,2
a,1
solution,1
that,1
will,1
make,3
people,2
less,2
"ill,",2
and,1
happier,2
and,2
better,1
at,1
what,1
they,1
do.”,0
There,1
would,1
probably,1
be,3
fewer,3
accidents,2
because,2
drivers,2
would,2
be,2
more,2
"awake,",2
he,1
says.,0
It,1
could,1
mean,2
the,2
end,2
of,2
rush,2
hour,1
because,1
people,1
would,1
stagger,1
their,1
work,1
times,1
and,1
the,1
times,1
of,1
their,1
school,1
run.,0
A,1
later,1
start,2
to,2
the,2
day,2
for,2
"many,",2
says,2
"Kelley,",2
“is,2
something,1
that,1
would,1
benefit,1
all,1
"people,",2
particularly,1
families.,0
Parents,1
go,1
and,1
try,1
to,1
wake,2
up,1
teenagers,1
who,1
are,1
waking,3
up,2
three,2
hours,1
too,1
early.,0
It,1
creates,1
problems,1
for,1
everybody.”,0
"So,",2
what,2
time,1
does,1
Kelley,1
start,1
work?,0
“I,1
am,1
67,1
so,1
that,1
means,3
I'm,6
like,2
a,2
10-year-old,11
and,1
I,1
get,2
up,1
just,1
after,1
six.,0
I,1
wake,1
naturally.”,0
"And,",2
"yes,",2
he,1
says,1
he,1
finds,2
the,2
start,2
of,2
his,2
working,2
day,1
much,1
easier,2
now,1
than,1
when,1
he,1
was,1
younger.,0
Agios,2
Efstratios,1
is,1
so,1
"remote,",2
so,1
forgotten,1
by,1
the,1
"banks,",4
the,2
government,1
and,1
most,1
of,1
the,1
modern,1
world,1
that,1
the,2
mobile,2
phone,2
network,1
can't,2
process,2
data,1
and,1
there,1
isn't,3
a,1
single,1
ATM,2
or,2
credit-,4
card,1
machine,1
on,1
the,1
island.,0
Before,1
Greece,1
was,1
plunged,2
into,2
financial,2
"chaos,",2
residents,2
of,2
this,2
tranquil,2
outpost,2
in,2
the,2
northern,2
Aegean,1
managed,1
quite,1
well.,0
They,1
did,3
their,3
banking,2
at,2
the,2
post,2
office,1
and,1
the,2
few,2
dozen,2
rooms,2
to,2
rent,1
were,1
booked,3
out,2
every,2
summer,1
with,1
people,2
who,2
had,2
heard,1
–,1
by,1
word,2
of,2
mouth,1
–,1
of,1
its,1
spectacular,1
empty,1
"beaches,",4
clear,2
seas,1
and,1
fresh,1
seafood.,0
"But,",2
because,2
the,3
island,2
still,2
runs,2
on,2
"cash,",2
the,2
closure,2
of,2
banks,2
nationwide,1
has,1
been,1
devastating.,0
Residents,1
have,1
been,1
forced,2
to,2
make,3
nine-hour,11
round,3
trips,3
to,3
the,3
nearest,3
big,3
island,2
to,2
get,2
cash,1
and,1
Greek,2
visitors,1
say,1
they,1
can't,2
get,3
together,2
enough,2
cash,1
to,1
come.,0
“Tourist,1
numbers,1
are,1
down,1
80%,3
this,2
"year,”",3
said,1
Mayor,3
Maria,2
"Kakali,",2
in,1
an,1
office,1
in,1
the,1
village,1
where,1
she,1
grew,2
"up,",2
home,1
to,1
around,2
200,1
people.,0
“Even,1
people,3
born,4
here,3
and,3
living,3
in,3
"Athens,",4
who,2
have,3
their,3
own,3
places,2
on,2
the,2
"island,",2
aren't,2
coming.”,0
Kakali,1
has,1
badgered,3
the,3
government,3
and,3
a,3
major,3
Greek,3
bank,2
into,2
promising,3
an,3
ATM,2
within,2
weeks,1
but,1
she,1
still,1
feels,1
it,1
may,1
come,3
too,3
late,2
for,2
this,2
season,1
on,1
an,1
island,1
where,1
tourism,1
dwarfs,2
the,2
two,2
other,2
sources,3
of,3
income:,4
fishing,2
and,2
agriculture:,2
“We,2
have,2
almost,2
no,2
reservations,2
in,2
"August,",2
when,1
usually,1
we,1
have,2
people,2
calling,4
us,3
up,2
asking,2
to,2
find,2
a,2
room,1
and,1
we,1
can't,2
help,1
them.”,0
A,1
hard,1
winter,2
ahead,1
may,1
be,1
slightly,1
improved,2
by,2
50,2
workers,2
billeted,3
in,3
the,3
village,2
to,2
expand,2
the,2
harbor,1
but,1
there,1
is,2
an,2
even,3
bigger,2
crisis,2
looming,1
because,1
the,2
government,1
has,1
said,1
it,1
will,1
end,1
a,1
decades-old,5
tax,1
break,1
for,1
islands.,0
Created,2
to,2
help,3
island,3
communities,2
survive,2
when,2
they,2
were,2
suffering,2
mass,2
"emigration,",2
a,2
lower,2
sales,2
tax,1
contained,1
the,1
costs,1
of,1
living,1
in,1
places,1
where,1
everything,1
had,2
to,2
be,2
imported,1
and,1
made,2
tourism,1
more,1
affordable.,0
Tourist,1
favorites,2
such,3
as,2
Mykonos,1
fear,1
that,1
losing,2
the,2
tax,2
breaks,1
will,1
make,3
it,2
hard,2
for,2
them,2
to,2
compete,2
with,2
Turkey,1
"but,",2
for,2
Agios,2
"Efstratios,",2
it,1
poses,1
a,1
far,2
greater,1
threat.,0
“If,1
we,1
have,2
to,2
pay,2
a,2
tax,2
of,2
"23%,",4
I'm,2
sorry,3
to,3
say,3
it,2
but,2
we,2
will,2
all,2
die,2
on,2
the,2
"island,”",3
says,1
Kakali.,0
Food,2
and,2
fuel,1
are,1
already,1
more,1
expensive,2
than,2
on,2
mainland,2
"Greece,",2
there,1
are,1
no,1
economies,2
of,2
scale,1
and,1
little,1
economic,1
flexibility,1
on,1
an,1
island,1
"which,",2
even,2
in,2
"summer,",2
has,1
only,2
three,1
"shops,",4
two,2
restaurants,1
and,1
not,1
a,1
single,1
official,1
hotel.,0
“This,1
is,1
an,1
expensive,1
island.,0
"Everything,",4
even,2
milk,2
or,2
"bread,",2
has,1
changed,5
hands,4
three,5
or,5
four,4
times,3
before,3
it,3
gets,3
to,3
us,2
and,2
each,3
middleman,2
has,2
to,2
take,2
a,2
"profit,”",3
said,1
Provatas,2
"Costas,",2
a,1
58-year-old,9
fisherman.,0
For,1
Agios,1
Efstratios,2
and,2
its,2
closest,2
large,2
"neighbor,",4
"Lemnos,",2
the,2
timing,2
of,2
the,2
crisis,1
is,1
particularly,1
cruel.,0
They,1
were,1
condemned,4
to,4
relative,4
obscurity,3
for,3
years,2
in,2
part,1
because,1
they,1
are,1
served,1
by,1
slow,2
and,2
unreliable,1
ferries.,0
In,1
"2015,",2
the,2
government,1
had,1
finally,1
given,3
the,3
contract,2
to,2
a,2
"new,",4
efficient,2
"company,",2
drawing,2
floods,2
of,2
new,2
visitors,1
to,1
explore,2
the,3
islands',5
largely,3
overlooked,2
"charms,",2
before,1
the,2
bank,2
controls,1
hit.,0
“This,1
season,1
started,5
out,4
as,4
the,4
best,4
season,3
in,3
30,3
years,2
"and,",4
in,3
one,3
"week,",4
became,2
the,2
"worst,”",3
said,1
Atzamis,2
"Konstantinos,",2
a,1
travel,1
agent,2
in,2
Lemnos,1
who,1
used,2
to,2
earn,4
"€15,000",7
a,3
month,2
as,2
a,2
captain,2
of,2
petroleum,2
tankers,2
and,2
other,2
large,2
ships,1
but,1
came,2
home,1
because,1
he,1
missed,2
it,1
so,1
much.,0
Lemnos,1
has,2
dozens,2
of,2
wild,2
"beaches,",2
where,1
even,2
at,2
the,2
height,2
of,2
summer,1
you,1
can,1
swim,2
and,2
sunbathe,2
virtually,2
"alone,",2
a,1
small,1
nightlife,1
"scene,",2
and,1
numerous,1
cultural,1
sites.,0
Lemnos,1
is,1
the,1
eighth,1
largest,1
island,2
in,2
Greece,1
so,1
it,1
is,1
in,1
line,1
for,1
the,1
first,1
round,2
of,2
tax,2
increases,2
in,2
autumn,2
2015,1
but,1
far,2
less,1
wealthy,1
than,1
many,1
smaller,1
ones.,0
It,1
has,3
just,4
over,4
"3,000",3
beds,2
for,2
"visitors,",2
compared,1
with,1
tens,2
of,2
thousands,1
on,1
an,1
island,1
such,2
as,1
Rhodes.,0
Its,3
councilors,1
say,1
that,1
they,1
will,1
fight,2
the,2
tax,2
"rise,",2
although,1
none,1
can,1
say,1
how.,0
“We,1
have,1
been,1
suffering,4
economically,3
in,3
recent,3
years,2
"and,",4
"now,",4
we,2
will,2
suffer,2
"more,”",3
said,1
Lemnos,2
"Mayor,",2
Dimitris,1
Marinakis.,0
“When,1
there,1
is,2
not,3
enough,2
"money,",2
you,1
reduce,2
your,2
consumption,1
and,1
therefore,1
the,2
whole,2
economy,1
declines.”,0
If,1
taxes,1
go,2
"up,",2
even,2
more,2
young,2
people,1
will,1
"leave,",2
warns,1
Mayor,2
"Kakali,",2
who,1
has,1
devoted,4
her,4
year,3
in,3
office,2
to,2
improving,3
education,2
on,2
the,2
island,1
to,1
help,1
keep,2
it,1
an,1
attractive,1
place,1
for,1
families.,0
Because,1
it,1
is,1
one,2
of,2
the,2
smallest,2
"islands,",2
Agios,2
Efstratios,1
has,3
until,3
2017,2
before,2
the,3
rise,2
is,2
due,2
to,2
come,2
"in,",2
so,1
Kakali,1
hopes,1
that,1
the,2
roller,2
coaster,2
of,2
Greek,2
politics,1
means,1
it,1
yet,1
may,1
be,1
spared.,0
If,1
"not,",2
"though,",2
she,1
plans,1
to,1
travel,2
to,2
Athens,1
to,1
remind,1
the,1
distant,1
government,1
what,1
the,2
tax,2
rise,1
would,1
cost.,0
“The,1
truth,1
is,1
the,2
government,1
doesn't,2
pay,3
much,3
attention,2
to,2
the,2
islands,2
of,2
the,2
north,2
"Aegean,”",3
she,1
"said,",2
“so,2
I,1
would,1
take,4
all,4
the,4
kids,3
from,3
our,3
school,2
to,2
the,2
gates,2
of,2
"parliament,",2
to,1
tell,2
them:,2
‘There,2
is,2
still,1
life,1
in,1
these,1
islands'.”,0
The,1
Greek,1
island,2
of,2
Agios,2
Efstratios,1
is,1
very,1
remote.,0
It,1
has,1
been,1
forgotten,1
by,1
the,1
"banks,",4
the,2
government,1
and,1
most,1
of,1
the,1
modern,1
world.,0
It,1
doesn't,2
have,1
a,1
single,1
ATM,2
or,2
credit-card,5
machine.,0
Before,1
the,1
economic,1
crisis,2
in,2
"Greece,",2
the,2
people,2
of,2
this,2
peaceful,2
island,2
in,2
the,2
northern,2
Aegean,1
lived,1
quite,1
well.,0
The,1
few,1
rooms,2
to,2
rent,1
were,1
fully,1
booked,2
every,2
summer,1
with,1
people,1
enjoying,1
its,1
empty,1
"beaches,",4
clear,2
seas,1
and,1
fresh,1
seafood.,0
But,1
the,2
island,1
still,1
uses,2
only,2
cash,1
so,1
the,2
closure,2
of,2
the,2
Greek,2
banks,1
has,1
had,1
a,1
serious,1
effect.,0
Local,1
people,1
have,1
to,1
make,2
nine-hour,8
round,2
trips,2
to,2
the,2
nearest,2
big,2
island,1
to,1
get,1
cash.,0
Greek,1
visitors,1
say,1
they,1
don't,2
have,1
enough,1
cash,1
to,1
come.,0
“Tourist,1
numbers,1
have,1
reduced,3
by,3
80%,5
this,2
"year,”",3
said,2
Mayor,3
Maria,2
"Kakali,",2
in,1
an,1
office,1
in,1
the,1
village,1
where,1
she,1
grew,1
up.,0
The,1
village,1
has,1
about,2
200,1
people.,0
“Even,1
people,3
born,4
here,3
and,3
living,3
in,3
"Athens,",4
who,2
have,3
their,3
own,3
places,2
on,2
the,2
"island,",2
aren't,2
coming.”,0
Kakali,1
has,1
asked,3
the,3
government,3
and,3
a,3
major,3
Greek,3
bank,2
to,2
install,2
an,2
"ATM,",2
and,1
this,1
should,1
arrive,1
soon.,0
But,1
tourism,1
is,1
the,1
main,1
business,2
on,2
the,2
"island,",2
and,1
she,1
feels,1
the,2
ATM,1
may,1
come,2
too,2
late,1
for,1
this,1
season.,0
“We,1
have,3
almost,3
no,3
reservations,2
in,2
"August,",2
when,1
usually,1
we,1
are,1
full.”,0
But,1
there,1
is,3
an,3
even,4
bigger,3
crisis,2
ahead,1
–,1
the,2
government,1
has,1
said,1
it,1
will,1
end,1
a,1
tax,1
break,1
for,1
islands.,0
The,1
sales,1
tax,1
break,1
was,1
created,1
to,1
help,2
people,2
on,2
islands,1
survive,1
when,1
lots,2
of,2
people,1
were,1
emigrating.,0
Islands,2
that,2
are,2
popular,2
with,2
"tourists,",4
such,3
as,2
"Mykonos,",2
fear,1
that,1
losing,2
the,2
tax,2
break,1
will,1
make,2
things,1
very,1
hard,1
for,1
them.,0
"But,",2
for,2
Agios,2
"Efstratios,",2
it,1
is,1
a,1
much,2
bigger,1
problem.,0
“If,1
we,1
have,2
to,2
pay,2
a,2
tax,2
of,2
"23%,",4
we,1
will,1
all,1
die,2
on,2
the,2
"island,”",3
says,1
Kakali.,0
Food,2
and,2
fuel,1
are,1
already,1
more,1
expensive,1
than,1
on,1
mainland,1
Greece.,0
Even,1
in,1
"summer,",2
the,2
island,1
has,1
only,2
three,1
"shops,",4
two,2
restaurants,1
and,1
not,1
one,1
official,1
hotel.,0
“This,1
is,1
an,1
expensive,1
island.,0
"Everything,",4
even,2
milk,2
or,2
"bread,",2
has,1
been,1
bought,4
and,4
sold,4
three,5
or,5
four,4
times,3
by,3
middlemen,2
before,2
it,2
gets,3
to,3
us,2
and,2
so,2
is,2
very,2
"expensive,”",3
said,1
Provatas,2
"Costas,",2
a,1
58-year-old,9
fisherman.,0
Things,1
are,1
also,1
difficult,1
for,1
the,1
island,2
of,2
"Lemnos,",2
the,1
closest,1
large,1
neighbor,1
of,1
Agios,1
Efstratios.,0
People,1
saw,4
the,4
islands,3
as,3
remote,2
for,2
years,1
partly,1
because,1
the,2
only,2
way,2
to,2
get,2
there,1
was,1
by,1
slow,2
and,2
unreliable,1
ferries.,0
In,1
"2015,",2
they,1
finally,1
had,2
"new,",4
efficient,2
ferries,1
and,1
this,1
brought,2
many,2
new,2
visitors,1
to,1
explore,1
these,1
islands.,0
"But,",2
"then,",2
the,2
bank,2
controls,1
began.,0
“This,1
season,1
started,4
as,4
the,4
best,4
season,3
in,3
30,3
years,2
"and,",4
in,3
one,3
"week,",4
it,2
became,2
the,2
"worst,”",3
said,1
Atzamis,2
"Konstantinos,",2
a,1
travel,1
agent,1
in,1
Lemnos.,0
Lemnos,1
has,1
wild,1
"beaches,",4
where,2
you,2
can,2
swim,3
and,3
sunbathe,2
almost,2
"alone,",2
a,1
small,1
nightlife,1
scene,1
and,1
many,1
cultural,1
sites.,0
Lemnos,1
is,1
the,1
eighth,1
largest,1
island,2
in,2
Greece,1
so,1
it,1
will,1
have,1
to,1
pay,2
the,2
first,2
round,2
of,2
tax,2
increases,1
in,1
autumn,1
2015.,0
But,1
Lemnos,1
is,1
far,2
less,1
wealthy,1
than,1
many,1
smaller,1
islands.,0
It,1
has,2
just,3
over,3
"3,000",2
beds,2
for,2
visitors,1
–,1
"Rhodes,",2
for,2
"example,",2
has,1
tens,1
of,1
thousands,1
of,1
beds.,0
“We,1
have,1
been,1
suffering,4
economically,3
in,3
recent,3
years,2
and,2
now,2
we,2
will,2
suffer,2
"more,”",3
said,1
Lemnos,2
"Mayor,",2
Dimitris,1
Marinakis.,0
If,1
taxes,1
go,2
"up,",2
more,2
young,2
people,1
will,1
"leave,",2
warns,1
Mayor,1
Kakali.,0
Because,1
it,1
is,1
one,2
of,2
the,2
smallest,2
"islands,",2
Agios,2
Efstratios,1
will,1
not,1
have,1
to,1
pay,2
the,2
tax,2
increase,1
until,1
2017.,0
And,1
Kakali,1
hopes,1
the,2
political,2
situation,2
in,2
Greece,1
will,1
change,1
before,1
then.,0
"But,",2
if,2
"not,",2
she,1
plans,1
to,1
travel,2
to,2
Athens,1
to,1
remind,1
the,1
distant,1
government,1
what,1
the,2
tax,2
rise,1
would,1
cost.,0
“The,1
government,1
doesn't,2
pay,3
much,3
attention,2
to,2
the,2
islands,2
of,2
the,2
north,2
"Aegean,”",3
she,1
"said,",2
“so,2
I,1
would,1
take,4
all,4
the,4
kids,3
from,3
our,3
school,2
to,2
the,2
gates,2
of,2
"parliament,",2
to,1
tell,2
them:,2
‘There,2
is,2
still,1
life,1
in,1
these,1
islands'.”,0
There,1
are,3
approximately,4
"50,000",3
mystery,3
shopping,3
trips,3
carried,5
out,4
every,4
month,3
in,3
the,3
"UK,",4
according,3
to,2
the,2
Mystery,2
Shopping,3
Providers,2
"Association,",2
"and,",2
because,2
more,4
and,4
more,3
spending,2
takes,3
place,2
"online,",2
the,2
demand,2
for,2
mystery,2
shoppers,1
is,1
growing.,0
Mystery,1
shoppers,1
pretend,2
to,2
be,2
a,2
customer,2
in,2
a,2
store,1
but,1
they,1
are,1
really,1
collecting,2
information,1
on,1
how,1
good,2
or,2
bad,1
its,2
service,1
is.,0
“Retailers,1
are,1
becoming,2
increasingly,2
aware,2
that,2
shoppers,3
who,3
are,3
prepared,3
to,3
set,4
foot,3
in,3
a,3
physical,3
store,2
want,2
a,2
service,2
and,2
an,2
experience,2
they,2
can't,4
get,2
"online,”",3
says,1
Simon,3
"Boydell,",4
spokesman,2
for,2
"Marketforce,",2
which,1
has,2
more,4
than,3
"300,000",2
mystery,2
shoppers,1
on,1
its,1
books.,0
“Our,1
clients,1
want,1
to,1
measure,1
how,1
well,1
their,2
stores,1
are,1
delivering,1
on,1
that,1
experience.”,0
“We,1
assign,4
different,4
store,4
locations,3
to,3
each,3
shopper,2
and,2
rotate,3
them,2
so,3
that,2
they,2
never,2
go,4
back,3
to,3
the,3
same,3
shop,2
within,2
three,2
"months,”",3
says,1
Jill,2
Spencer,1
of,1
mystery,1
shopping,1
company,1
ABa.,0
“Each,1
"day,",2
they,1
typically,1
spend,3
up,5
to,4
eight,3
hours,2
visiting,2
five,3
to,3
ten,2
"stores,",2
plus,1
another,2
hour,2
or,2
two,1
filing,1
detailed,1
reports,1
on,1
every,1
aspect,1
of,1
their,1
visit.”,0
For,1
"that,",2
the,2
mystery,2
shoppers,1
can,1
earn,2
up,3
to,2
£155,3
a,1
day.,0
They,1
are,1
also,1
reimbursed,3
for,3
their,3
gasoline,3
and,3
hotel,3
"stays,",4
and,2
compensated,2
for,2
their,2
car,2
depreciation,1
(the,3
shoppers,1
can,1
be,1
expected,1
to,1
drive,1
as,3
many,3
as,2
"20,000",1
miles,1
a,1
year).,0
"Meanwhile,",2
video,2
mystery,2
"shoppers,",4
who,2
film,3
their,3
visits,2
with,2
a,2
hidden,2
camera,2
planted,2
in,2
a,2
buttonhole,2
or,2
"handbag,",2
can,1
earn,1
even,2
more,1
–,1
around,1
£300,3
a,1
day.,0
Shoppers,1
are,1
usually,1
repaid,1
any,1
money,1
they,1
spend,1
in,1
the,1
stores.,0
“I'm,2
typically,1
given,4
between,4
£5,9
and,4
£20,7
to,3
spend,3
at,3
each,3
"store,",4
to,2
assess,2
the,2
service,2
I,2
receive,2
at,2
the,2
"counter,”",3
says,1
"Laura,",2
a,1
50-year-old,9
mystery,1
shopper,2
from,2
"Devon,",2
who,1
has,1
been,1
paid,1
to,1
visit,2
around,3
"7,000",2
shops,1
since,1
2001.,0
The,1
purchase,1
usually,1
has,1
to,1
be,1
related,1
to,1
a,1
service,1
or,1
a,1
type,1
of,1
product,1
that,2
the,3
retailer,2
wants,2
her,1
to,1
check.,0
“I'm,2
always,1
given,3
a,3
"scenario,",4
such,3
as,2
buying,2
something,2
from,2
a,2
specific,2
department,2
or,2
a,2
new,2
product,2
"range,",2
"but,",2
within,2
that,2
"framework,",2
I,1
can,1
often,1
buy,2
whatever,2
I,2
want,1
–,1
and,1
keep,1
it.”,0
Like,1
most,1
full-time,5
mystery,1
"shoppers,",2
Laura,1
is,1
"self-employed,",4
taking,3
jobs,2
from,2
ABa,2
and,2
other,2
mystery,2
shopping,2
companies,1
as,2
and,1
when,1
they,1
come,1
up.,0
Her,1
income,1
is,1
typically,1
"£30,000",5
to,2
"£40,000",5
a,2
year,1
and,1
that,1
doesn't,2
include,1
all,1
the,1
freebies,1
she,1
gets,1
on,1
the,1
job.,0
“With,1
the,1
"perks,",2
it's,2
enough,1
to,1
live,1
on.,0
But,1
I,1
don't,2
do,2
it,1
because,1
I,1
love,1
shopping.,0
In,1
"fact,",2
I,1
hate,2
shopping,1
now.,0
When,1
I'm,2
not,1
"working,",2
it,1
pains,2
me,1
to,1
have,1
to,1
go,2
out,1
and,1
buy,1
a,1
pint,1
of,1
milk.”,0
She,1
"does,",2
"however,",2
find,3
it,2
satisfying,2
to,2
return,2
to,2
a,2
store,3
she,3
has,3
previously,3
mystery,2
shopped,2
and,2
see,1
standards,1
have,1
improved.,0
“I,1
know,2
it,2
must,2
be,2
because,3
of,2
my,2
feedback,1
or,1
why,1
would,1
they,1
pay,2
me,1
to,1
give,1
it?,0
Some,1
of,1
the,1
retailers,1
I,1
shop,2
at,3
win,2
awards,2
for,2
customer,2
service,1
and,1
I,1
think,1
that,1
is,1
down,2
to,2
us,1
mystery,1
shoppers.,0
I,1
feel,2
I'm,4
not,2
just,2
doing,3
a,3
service,2
to,2
my,2
company;,2
I'm,2
doing,3
a,3
service,2
to,2
all,2
shoppers,1
everywhere.”,0
It's,2
estimated,2
that,2
more,4
than,3
"500,000",3
people,2
have,2
registered,3
as,3
mystery,3
shoppers,2
in,2
the,2
"UK,",2
but,1
just,2
10%,4
or,2
less,1
manage,2
to,2
get,3
regular,3
work,2
each,2
month,1
and,1
this,1
has,1
led,1
to,1
a,1
dramatic,1
reduction,1
in,1
compensation.,0
“Where,1
once,2
you,2
got,2
a,2
"fee,",4
reimbursement,2
for,2
your,2
purchase,2
and,2
"mileage,",2
you,1
now,1
often,1
just,1
receive,2
a,2
contribution,2
towards,2
a,2
"purchase,”",3
says,1
"Val,",2
a,1
51-year-old,9
former,1
mystery,1
shopper.,0
"Nowadays,",2
mystery,2
shopping,2
companies,1
mostly,1
rely,2
on,2
the,2
promise,2
of,2
freebies,1
to,1
incentivize,1
their,1
workers.,0
“Marketforce,1
shoppers,1
typically,1
get,4
a,4
couple,4
of,4
pounds,3
for,3
a,3
visit,2
as,2
a,2
token,2
gesture,2
for,2
their,2
time,2
and,2
"effort,”",3
says,1
Boydell.,0
“At,1
the,1
"most,",2
we'll,2
pay,3
£15,7
to,3
£25,5
plus,2
reimbursement,2
for,2
"expenses,",2
such,2
as,1
a,1
meal,1
for,2
two,1
or,1
a,1
hotel,1
stay.,0
We,1
don't,2
directly,1
employ,2
any,2
shoppers,1
so,1
we,1
don't,2
have,1
to,1
pay,2
them,1
the,1
minimum,1
wage.”,0
"Hannah,",4
a,2
41-year-old,14
City,2
"lawyer,",2
has,1
conducted,3
nearly,4
500,3
visits,3
for,3
the,3
Mystery,3
Dining,3
Company,2
in,2
her,2
spare,2
time,1
without,1
receiving,1
remuneration,1
or,1
travel,1
expenses.,0
As,1
a,1
prestigious,1
“platinum,2
"diner”,",3
she,1
is,1
regularly,1
hand-picked,4
by,2
the,2
Mystery,2
Dining,2
Company,1
to,1
carry,3
out,2
their,2
most,3
exclusive,2
"assignments,",2
enjoying,2
£200,5
meals,1
at,1
Michelin-starred,5
Mayfair,1
restaurants,1
and,1
overnight,1
stays,1
at,1
boutique,1
hotels.,0
But,1
there's,3
no,2
such,2
thing,2
as,2
a,2
free,2
"lunch,",2
even,1
if,1
you,1
work,1
for,1
a,1
mystery,1
dining,1
company.,0
Hannah,1
says,1
she,1
typically,1
spends,2
two,3
to,3
four,2
hours,1
after,1
each,2
visit,1
writing,1
detailed,1
reports,1
on,1
everything,1
from,1
the,1
quality,2
of,2
the,2
food,1
to,1
specific,1
interactions,2
with,2
"staff,",2
whom,1
she,1
always,1
needs,1
to,1
be,1
able,1
to,1
name,1
or,1
“subtly”,3
describe.,0
Trickiest,2
of,2
"all,",2
she,1
must,1
memorize,2
all,2
these,2
details,1
while,1
eating,2
her,2
meal,1
–,1
"unable,",2
of,2
"course,",2
to,1
openly,1
write,2
anything,1
down.,0
There,1
are,3
about,4
"50,000",3
mystery,3
shopping,3
trips,3
every,3
month,2
in,2
the,2
"UK,",2
according,2
to,1
the,1
Mystery,1
Shopping,2
Providers,1
Association.,0
Mystery,1
shoppers,1
pretend,2
to,2
be,2
a,2
customer,2
in,2
a,2
store,1
but,1
they,1
are,1
really,1
collecting,2
information,1
on,1
how,1
good,2
or,2
bad,1
its,2
service,1
is.,0
The,1
demand,2
for,2
mystery,2
shoppers,1
is,1
growing,1
because,1
online,2
shopping,1
is,1
becoming,1
more,1
popular.,0
“Retailers,1
are,1
becoming,2
increasingly,2
aware,2
that,2
shoppers,3
who,3
visit,3
a,3
physical,3
store,2
want,2
a,2
service,2
and,2
an,2
experience,2
they,2
can't,4
get,2
"online,”",3
says,1
Simon,3
"Boydell,",4
spokesman,2
for,2
"Marketforce,",2
which,1
has,1
more,3
than,2
"300,000",1
mystery,1
shoppers.,0
“Our,1
clients,1
want,1
to,1
know,2
how,2
well,1
their,2
stores,1
are,1
delivering,1
on,1
that,1
experience.”,0
“We,1
assign,4
different,4
store,4
locations,3
to,3
each,3
shopper,2
and,2
rotate,3
them,2
so,3
that,2
they,2
never,2
go,4
back,3
to,3
the,3
same,3
shop,2
within,2
three,2
"months,”",3
says,1
Jill,2
Spencer,1
of,1
mystery,1
shopping,1
company,1
ABa.,0
“Each,1
"day,",2
they,1
spend,3
up,5
to,4
eight,3
hours,2
visiting,2
five,3
to,3
ten,2
"stores,",2
plus,1
another,2
hour,2
or,2
two,1
writing,1
detailed,1
reports,1
on,1
every,1
part,1
of,1
their,1
visit.”,0
For,1
"that,",2
the,2
mystery,2
shoppers,1
can,1
earn,2
up,3
to,2
£155,3
a,1
day.,0
Their,1
expenses,1
are,1
also,1
paid.,0
Mystery,1
shoppers,2
who,2
film,3
their,3
visits,2
with,2
a,2
hidden,2
camera,1
can,1
earn,1
even,2
more,1
–,1
around,1
£300,3
a,1
day.,0
Mystery,1
shoppers,1
are,1
usually,1
repaid,1
any,1
money,1
they,1
spend,1
in,1
the,1
stores.,0
”They,1
usually,1
give,5
me,4
between,4
£5,9
and,4
£20,7
to,3
spend,3
at,3
each,3
"store,",4
to,2
check,2
the,2
service,2
I,2
receive,2
at,2
the,2
"counter,”",3
says,2
mystery,2
shopper,1
Laura.,0
“I'm,2
always,1
given,3
a,3
specific,3
"task,",4
such,3
as,2
buying,2
something,2
from,2
a,2
specific,2
department,2
or,2
a,2
new,2
product,2
"range,",2
but,1
within,2
these,2
"limitations,",2
I,1
can,1
often,1
buy,2
whatever,2
I,2
want,1
–,1
and,1
keep,1
it.”,0
Like,1
most,1
full-time,5
mystery,1
"shoppers,",2
Laura,1
is,1
self-employed.,2
She,1
earns,4
around,4
"£30,000",7
to,3
"£40,000",5
a,2
year,1
and,1
that,1
doesn't,2
include,1
all,1
the,1
freebies,1
she,1
gets,1
on,1
the,1
job.,0
“With,1
the,1
"perks,",2
it's,2
enough,1
to,1
live,1
on.”,0
She,1
finds,2
it,1
satisfying,1
to,1
return,1
to,1
a,1
store,1
where,1
she,1
has,1
previously,1
been,1
a,1
mystery,1
shopper,1
and,1
see,1
standards,1
have,1
improved.,0
“I,1
know,2
it,2
must,2
be,2
because,3
of,2
my,2
feedback,1
or,1
why,1
would,1
they,1
pay,2
me,1
to,1
give,1
it?,0
I,1
feel,2
I'm,4
not,2
just,2
doing,3
a,3
service,2
for,2
my,2
company;,2
I'm,2
doing,3
a,3
service,2
for,2
all,2
shoppers,1
everywhere.”,0
More,2
than,1
"500,000",1
people,1
have,1
registered,3
as,3
mystery,3
shoppers,2
in,2
the,2
"UK,",2
but,1
just,2
10%,4
or,2
less,1
get,2
regular,2
work,1
each,1
month.,0
This,1
has,1
led,1
to,1
a,1
dramatic,1
reduction,1
in,1
payment.,0
"Before,",2
people,1
were,1
paid,3
and,3
got,3
travel,3
"expenses,",4
but,2
now,2
“you,4
often,2
just,2
receive,3
some,3
money,2
towards,2
a,2
"purchase,”",3
says,1
"Val,",2
a,1
51-year-old,9
former,1
mystery,1
shopper.,0
"Nowadays,",2
mystery,2
shopping,2
companies,1
mostly,1
give,2
freebies,1
as,1
an,1
incentive.,0
“Marketforce,1
shoppers,1
usually,1
get,4
a,4
couple,4
of,4
pounds,3
for,3
a,3
"visit,",4
for,2
their,2
time,2
and,2
"effort,”",3
says,1
Boydell.,0
“At,1
the,1
"most,",2
we'll,2
pay,4
£15,7
to,3
£25,7
plus,3
expenses,2
for,2
a,2
meal,2
for,2
two,2
or,3
a,3
hotel,2
"stay,",2
for,1
example.,0
We,1
don't,2
directly,1
employ,2
any,2
shoppers,1
so,1
we,1
don't,2
have,1
to,1
pay,2
them,1
the,1
minimum,1
wage.”,0
"Hannah,",4
a,2
41-year-old,14
"lawyer,",2
has,1
made,3
nearly,4
500,3
visits,3
for,3
the,3
Mystery,3
Dining,3
Company,2
in,2
her,2
spare,2
time,1
without,1
receiving,1
pay,1
or,1
travel,1
expenses.,0
She,1
has,1
enjoyed,3
£200,5
meals,1
at,1
Michelin-starred,5
restaurants,1
and,1
overnight,1
stays,1
at,1
expensive,1
hotels.,0
"But,",2
it,1
can,1
be,1
hard,1
work.,0
Hannah,1
says,1
she,1
spends,2
two,3
to,3
four,2
hours,1
after,1
each,2
visit,1
writing,1
detailed,1
reports,1
on,1
everything,1
from,1
the,1
quality,2
of,2
the,2
food,1
to,1
specific,1
conversations,1
with,1
staff.,0
"And,",2
she,1
always,1
needs,1
to,1
be,1
able,1
to,1
name,1
or,1
describe,1
the,1
staff.,0
She,1
has,1
to,1
memorize,3
all,3
these,3
details,2
while,2
eating,2
her,2
meal,1
because,1
she,1
cannot,2
openly,1
write,2
anything,1
down.,0
Robert,2
Myslajek,1
stops,1
dead.,0
Between,1
two,1
paw,1
prints,2
on,2
a,2
muddy,2
mountain,2
"track,",2
the,2
scientist,1
finds,1
what,1
he,1
is,1
looking,1
for.,0
“Droppings!”,0
he,1
enthuses.,0
Wolf,1
sightings,1
are,1
so,1
rare,1
that,1
the,2
sighting,2
of,2
their,2
feces,1
marks,2
a,2
good,2
"day,",2
even,1
for,1
a,1
seasoned,1
tracker.,0
But,1
it,1
is,1
getting,1
easier.,0
There,1
are,2
now,1
an,1
estimated,1
"1,500",1
wolves,1
in,1
Poland.,0
The,1
number,1
has,1
doubled,1
in,1
15,1
years.,0
Wolves,1
are,0
–,0
along,1
with,1
the,1
brown,1
"bear,",4
the,2
lynx,2
and,2
the,2
wolverine,1
–,1
Europe's,3
last,1
large,1
predator,1
carnivores.,0
Conservationists,2
from,2
"Britain,",6
Germany,2
and,2
the,2
Netherlands,1
are,1
beating,3
a,3
path,2
here,1
to,1
find,2
out,1
how,1
Poland,1
has,1
saved,2
this,2
protected,2
"species,",2
slandered,1
even,1
in,1
fairy,1
tales.,0
The,1
"scientist,",4
who,2
is,2
a,2
familiar,2
face,2
on,2
Polish,2
"television,",2
says,1
wolves,1
are,1
exceptional,1
animals,1
that,1
are,1
capable,1
of,1
moving,3
up,2
to,2
30km,3
during,1
a,1
single,1
hunt.,0
“The,1
Beskidy,1
pack,1
is,1
a,1
strong,1
"unit,",2
eight,2
or,2
nine,1
individuals.,0
This,1
"year,",2
we,1
have,1
recorded,1
five,1
"cubs,",4
two,2
yearlings,1
and,1
two,1
adults.,0
We,1
track,2
them,1
using,2
motion-activated,8
cameras,2
in,2
the,2
forest,1
and,1
by,1
following,2
their,2
prints,1
in,1
the,1
mud,1
and,1
snow.,0
In,1
each,1
family,1
"group,",2
only,2
one,2
pair,1
"reproduces,",4
once,1
a,1
year.,0
All,1
pack,1
members,1
care,1
for,1
the,1
young,1
with,1
solidarity,1
and,1
devotion.”,0
"Myslajek,",4
the,2
son,2
of,2
a,2
"shepherd,",2
is,1
puzzled,1
by,1
wolves',3
bad,1
reputation.,0
“Why,1
does,1
one,1
speak,1
of,1
a,1
'lone-wolf,6
gunman'?,0
Why,1
did,1
we,1
have,1
to,1
have,2
Little,2
Red,2
Riding,2
"Hood,",2
with,1
its,1
big,1
bad,1
wolf?”,0
He,1
is,1
fascinated,1
by,1
these,1
aloof,1
canines,1
who,1
remained,3
in,3
the,3
wild,2
"33,000",3
years,2
ago,1
when,1
others,1
decided,1
on,1
a,1
much,2
more,2
comfortable,1
existence,1
as,1
domestic,1
dogs.,0
Wolves,1
are,1
not,1
pooches.,0
Myslajek,1
says,1
only,2
scientific,2
arguments,2
–,2
the,2
need,2
to,2
regenerate,3
forests,2
and,2
control,2
the,2
wild,2
animal,2
population,1
–,1
can,1
save,1
Europe's,3
wild,1
"carnivores,",2
especially,1
the,1
unpopular,1
wolf.,0
“Natural,1
predators,1
balance,1
the,1
ecosystem.,0
They,1
keep,3
herbivores,2
in,2
"check,",2
thus,1
allowing,2
trees,1
to,1
grow,2
tall,1
for,1
birds,1
to,1
nest,1
in.”,0
The,1
ban,2
on,2
wolf,2
hunting,2
in,2
the,2
western,2
Carpathian,2
mountains,1
came,4
into,4
force,3
in,3
1995,2
and,2
nationwide,2
in,2
Poland,1
in,1
1998.,0
There,1
are,2
now,1
resident,1
packs,1
in,1
virtually,1
all,2
the,2
country's,3
major,1
forests.,0
The,1
predators,1
coexist,3
with,3
humans,2
rather,3
than,2
being,2
fenced,2
"off,",2
as,1
they,1
are,1
in,1
African,1
safari,1
parks.,0
The,1
Polish,1
government,1
pays,2
compensation,1
for,1
livestock,1
killed,1
by,1
wolves.,0
Myslajek,1
advises,2
farmers,1
on,1
erecting,1
electric,1
fences.,0
He,1
has,1
helped,2
revive,2
the,2
use,2
of,2
two,2
deterrents,1
"that,",2
for,2
reasons,2
no,3
one,2
quite,2
"understands,",2
wolves,1
find,2
particularly,2
scary:,2
strings,2
of,2
small,2
red,2
flags,2
(hung,4
around,2
sheep,2
pens),2
and,1
the,1
bark,1
of,1
the,1
fluffy,1
white,1
Tatra,1
Mountain,1
Sheepdog.,0
The,1
survival,2
of,2
Poland's,5
wolves,1
has,1
been,1
helped,1
by,1
the,2
country's,3
belated,1
infrastructure,1
development.,0
In,1
"1989,",2
when,2
the,3
communists,2
relinquished,2
"power,",2
Poland,1
had,1
only,2
one,1
motorway.,0
Major,1
road,1
projects,2
–,2
requiring,2
wildlife,3
impact,2
studies,1
–,1
began,1
after,1
Poland,1
joined,2
the,2
European,2
Union,1
in,1
2004.,0
The,1
country,1
now,1
has,1
one,1
of,1
the,1
highest,1
densities,1
in,1
the,1
world,1
of,1
overhead,1
crossings,1
and,1
underpasses,1
for,1
wild,1
animals.,0
Attitudes,1
have,1
also,1
changed.,0
“For,1
many,1
"years,",2
hunting,1
was,1
cultural.,0
In,1
"1975,",2
there,1
were,1
fewer,3
than,2
100,1
wolves,1
in,1
Poland.,0
Beginning,2
in,2
the,2
"1950s,",2
hunting,2
wolves,1
had,1
been,1
encouraged,1
by,1
the,1
authorities.,0
They,1
paid,2
a,2
reward,1
for,1
killing,1
a,1
wolf,1
worth,1
a,2
month's,3
salary.,0
It,1
was,1
carnage.”,0
Myslajek,1
says,1
the,2
improvement,2
in,2
Polish,3
wolves',5
survival,2
chances,1
has,1
been,1
considerable,1
but,1
remains,1
fragile.,0
Packs,1
are,1
mobile,2
across,2
borders,1
and,1
hunting,1
still,1
goes,2
on,1
in,1
neighboring,1
"Russia,",4
Lithuania,1
and,1
Belarus.,0
He,1
claims,1
Poland's,5
new,2
"government,",4
elected,2
in,2
October,2
"2015,",2
is,1
hostile,1
to,1
wolves.,0
“The,1
Environment,1
"Minister,",4
Jan,2
"Szyszko,",2
makes,1
no,1
secret,1
of,1
being,1
a,1
hunter.,0
There,1
are,2
"120,000",2
licensed,2
hunters,2
in,2
Poland,1
and,1
they,1
are,1
influential,1
in,1
parliament.,0
Being,1
a,1
wolf,1
advocate,1
is,1
not,1
easy.,0
It,1
is,1
not,1
as,1
if,1
you,1
can,1
argue,2
to,2
the,2
politicians,1
that,1
wolves,1
are,1
a,1
big,1
tourist,1
attraction.,0
Most,1
tourists,1
want,2
to,2
see,2
the,2
animals,1
but,1
wolves,1
stay,2
away,1
from,1
humans.,0
They,1
have,1
a,1
tremendously,2
sensitive,1
sense,1
of,1
smell.”,0
Robert,2
Myslajek,1
stops.,0
Between,1
two,1
paw,1
prints,2
on,2
a,2
mountain,2
"path,",2
the,2
scientist,1
finds,1
what,1
he,1
is,1
looking,1
for.,0
“Droppings!”,0
he,1
says,1
happily.,0
It,1
is,1
so,1
rare,1
to,1
see,1
a,1
wolf,2
that,2
seeing,2
droppings,1
makes,2
it,1
a,1
good,1
day.,0
But,1
it,1
is,1
getting,1
easier,1
to,1
see,1
a,1
wolf.,0
There,1
are,2
now,1
about,2
"1,500",1
wolves,1
in,1
Poland.,0
The,1
number,1
has,1
doubled,1
in,1
15,1
years.,0
The,1
"wolf,",4
the,2
brown,2
"bear,",2
the,2
lynx,2
and,2
the,2
wolverine,1
are,1
Europe's,3
last,1
large,1
predator,1
carnivores.,0
Scientists,2
from,2
"Britain,",6
Germany,2
and,2
the,2
Netherlands,1
are,1
coming,2
here,1
to,1
find,2
out,1
how,1
Poland,1
has,1
saved,1
wolves,1
who,1
have,2
a,2
bad,2
reputation,1
even,1
in,1
fairy,1
tales.,0
The,1
scientist,1
says,1
wolves,1
can,1
move,2
up,3
to,2
30,2
kilometers,1
during,1
a,1
single,1
hunt.,0
“The,1
pack,2
that,2
he,2
is,2
tracking,1
is,1
a,1
strong,1
group,1
of,1
eight,2
or,2
nine,1
animals.,0
This,1
"year,",2
we,1
have,1
recorded,1
five,1
"cubs,",4
two,2
young,2
wolves,1
and,1
two,1
adults.,0
We,1
track,2
them,1
using,3
special,3
cameras,2
in,2
the,2
forest,1
and,1
by,1
following,2
their,2
prints,1
in,1
the,1
mud,1
and,1
snow.,0
In,1
each,1
family,1
"group,",2
only,2
one,2
pair,2
of,2
adults,1
has,2
cubs,1
each,1
year.,0
All,1
the,1
wolves,2
in,2
the,2
pack,1
look,1
after,1
the,1
young.”,0
"Myslajek,",4
the,2
son,2
of,2
a,2
"shepherd,",2
doesn't,2
understand,1
wolves',3
bad,1
reputation.,0
“Why,1
did,1
we,1
have,1
to,1
have,2
the,2
fairy,3
tale,2
Little,2
Red,2
Riding,2
"Hood,",2
with,1
its,1
big,1
bad,1
wolf?”,0
He,1
is,1
fascinated,1
by,1
these,1
"animals,",2
who,1
remained,3
in,3
the,3
wild,2
"33,000",3
years,2
ago,1
when,1
other,2
types,2
of,2
dog,1
decided,2
on,2
a,2
much,3
more,3
comfortable,2
life,1
as,1
pets.,0
Myslajek,1
says,1
only,2
the,2
need,2
to,2
save,3
forests,2
and,2
control,2
the,2
wild,2
animal,2
population,1
can,1
save,1
Europe's,3
wild,1
"carnivores,",2
especially,1
the,1
unpopular,1
wolf.,0
“Natural,1
predators,1
balance,1
the,1
ecosystem.,0
They,1
reduce,1
the,1
number,1
of,1
"herbivores,",2
which,1
allows,2
trees,1
to,1
grow,2
tall,1
for,1
birds,1
to,1
nest,1
in.”,0
The,1
ban,2
on,2
wolf,2
hunting,2
in,2
the,2
western,2
Carpathian,2
mountains,1
became,3
law,2
in,2
1995,1
and,1
in,1
the,1
whole,2
of,2
Poland,1
in,1
1998.,0
There,1
are,2
now,1
wolf,1
packs,1
in,1
nearly,2
all,2
the,2
country's,3
major,1
forests,1
where,1
the,2
wolves,1
exist,2
together,1
with,1
humans.,0
The,1
Polish,1
government,1
pays,3
compensation,2
to,2
farmers,1
when,1
a,2
wolf,1
kills,1
their,1
farm,1
animals.,0
Myslajek,1
tells,2
farmers,1
to,1
put,2
up,1
electric,1
fences.,0
He,1
also,1
tells,2
them,1
to,1
use,1
two,1
things,2
that,2
wolves,2
find,2
scary:,2
strings,3
of,3
small,3
red,3
flags,2
(to,4
keep,4
wolves,3
away,2
from,2
sheep),2
and,1
the,1
Tatra,1
Mountain,1
Sheepdog.,0
Poland,1
didn't,2
have,3
many,3
big,3
roads,2
until,2
recently,1
and,1
this,1
has,1
helped,1
wolves.,0
In,1
"1989,",2
when,2
the,3
communists,2
left,2
"power,",2
Poland,1
had,1
only,2
one,1
motorway.,0
Major,1
road,1
projects,1
began,2
after,2
Poland,2
joined,3
the,3
European,3
Union,2
in,2
2004,1
and,1
they,1
now,1
have,1
to,1
consider,1
wild,1
animals.,0
The,1
way,2
people,2
think,2
about,2
wolves,1
has,1
also,1
changed.,0
“For,1
many,1
"years,",2
hunting,1
was,1
a,1
part,1
of,1
the,1
culture,1
in,1
Poland.,0
In,1
"1975,",2
there,1
were,1
fewer,3
than,2
100,1
wolves,1
in,1
Poland.”,0
Myslajek,1
says,2
that,2
Polish,3
wolves,2
are,2
much,2
safer,2
now,1
but,1
they,1
are,1
not,1
completely,1
safe.,0
Packs,1
go,2
into,2
neighboring,2
countries,2
–,2
"Russia,",6
Lithuania,2
and,2
Belarus,1
–,1
where,1
there,1
is,2
still,1
hunting.,0
He,1
says,1
Poland's,5
new,2
government,1
doesn't,2
like,1
wolves.,0
“The,1
Environment,1
"Minister,",4
Jan,2
"Szyszko,",2
is,1
a,1
hunter.,0
There,1
are,2
"120,000",2
hunters,2
in,2
Poland,1
and,1
they,1
have,1
a,1
lot,1
of,1
influence.,0
It's,2
not,1
easy,1
to,1
defend,1
wolves.,0
You,1
can't,2
say,1
to,1
the,1
politicians,1
that,1
wolves,1
are,1
a,1
big,1
tourist,1
attraction.,0
Most,1
tourists,1
want,2
to,2
see,2
the,2
animals,1
but,1
wolves,1
stay,2
away,1
from,1
humans.,0
They,1
have,1
a,1
very,2
strong,1
sense,1
of,1
smell.”,0
Swedish,1
prisons,1
have,1
long,1
had,2
a,2
reputation,2
around,2
the,2
world,1
for,1
being,1
progressive.,0
But,1
are,1
the,2
country's,5
prisons,1
a,1
soft,1
option?,0
The,1
head,2
of,2
Sweden's,5
prison,3
and,3
probation,2
"service,",4
Nils,2
"Oberg,",2
announced,2
in,2
November,2
2013,1
that,1
four,2
Swedish,2
prisons,1
are,1
to,1
be,1
closed,1
due,2
to,1
an,1
“out,3
of,1
the,1
ordinary”,2
decline,1
in,1
prisoner,1
numbers.,0
Although,1
there,1
has,1
been,3
no,3
fall,3
in,3
crime,3
"rates,",4
between,2
2011,2
and,2
2012,1
there,1
was,1
a,1
6%,3
drop,1
in,1
Sweden's,3
prisoner,1
"population,",2
now,1
a,2
little,1
over,1
"4,500.",0
A,1
similar,1
decrease,1
is,1
expected,1
in,1
2013,1
and,1
2014.,0
Oberg,1
admitted,2
to,2
being,2
puzzled,2
by,2
the,2
unexpected,2
"dip,",2
but,1
expressed,1
optimism,1
that,1
the,2
reason,1
was,1
to,1
do,1
with,1
how,1
his,2
prisons,1
are,1
run.,0
“We,1
certainly,1
hope,2
that,2
the,3
efforts,3
we,3
invest,4
in,4
rehabilitation,3
and,3
preventing,3
relapse,3
of,3
crime,2
has,2
had,2
an,2
"impact,”",3
he,1
said.,0
“The,1
modern,1
prison,1
service,2
in,2
Sweden,1
is,1
very,1
different,2
from,3
when,2
I,2
joined,3
as,3
a,3
young,3
prison,3
officer,2
in,2
"1978,”",3
says,1
Kenneth,2
"Gustafsson,",2
governor,1
of,1
Kumla,1
"Prison,",2
Sweden's,3
most,2
secure,1
jail.,0
"However,",2
he,1
doesn't,2
think,1
the,2
system,1
has,1
gone,1
soft.,0
“When,1
I,1
"joined,",2
the,2
focus,1
was,1
very,1
much,2
on,2
humanity,1
in,1
prisons.,0
Prisoners,1
were,1
treated,3
well,2
–,2
maybe,2
too,2
"well,",2
some,1
might,1
say.,0
"But,",2
after,2
a,2
number,3
of,3
high-profile,11
escapes,2
in,2
"2004,",2
we,1
had,1
to,1
implement,2
changes,1
to,1
make,2
prisons,1
more,1
secure.”,0
The,1
Swedes,1
still,1
managed,2
to,2
maintain,2
a,2
broadly,3
humane,2
approach,3
to,3
"sentencing,",4
even,2
of,2
the,2
most,3
serious,2
offenders:,2
jail,2
terms,1
rarely,1
exceed,1
ten,1
years.,0
Sweden,1
was,1
the,1
first,1
country,3
in,3
Europe,2
to,2
introduce,2
the,2
electronic,2
tagging,2
of,2
convicted,2
criminals,1
and,1
continues,1
to,1
strive,1
to,1
minimize,2
short-term,8
prison,2
sentences,2
wherever,2
possible,1
by,1
using,1
community-based,5
"punishments,",2
which,1
have,1
been,1
proven,1
to,1
be,1
more,1
effective,1
at,1
reducing,1
reoffending.,0
The,1
overall,1
reoffending,1
rate,2
in,2
Sweden,1
stands,3
at,3
between,4
30,4
and,4
40%,5
over,2
three,2
years,1
–,1
to,1
compare,1
that,1
with,2
another,2
European,2
"country,",2
the,2
number,1
is,1
around,2
half,1
that,1
of,1
the,1
UK.,0
One,1
likely,1
reason,3
for,3
the,3
relatively,4
low,3
reoffending,3
rate,2
and,2
the,2
low,2
rate,4
of,4
incarceration,3
in,3
Sweden,2
(below,4
70,3
per,3
"100,000",2
head,2
of,2
population),2
is,1
that,1
the,2
age,2
of,2
criminal,2
responsibility,1
is,1
set,1
at,1
15.,0
In,1
the,1
"UK,",2
for,2
"example,",2
children,3
aged,3
ten,3
to,3
17,2
and,2
young,2
people,2
under,2
the,2
age,2
of,2
21,1
record,1
the,1
highest,1
reoffending,1
rates:,2
almost,2
three,1
quarters,2
and,2
two,2
"thirds,",2
respectively.,0
A,1
good,1
proportion,2
of,2
these,2
offenders,1
go,2
on,1
to,1
populate,1
adult,1
jails.,0
In,1
"Sweden,",2
no,2
young,2
person,2
under,2
the,2
age,2
of,2
21,1
can,1
be,1
sentenced,2
to,2
life,1
–,1
this,1
is,1
not,1
the,1
case,2
in,2
many,2
other,2
countries,1
–,1
and,1
every,2
effort,1
is,1
made,1
to,1
ensure,1
that,1
as,2
few,2
juvenile,2
offenders,2
as,2
possible,1
end,2
up,1
in,1
prison.,0
One,1
strong,1
reason,2
for,2
the,2
drop,2
in,2
prison,2
numbers,1
might,1
be,1
the,1
amount,1
of,1
post-prison,5
support,1
available,1
in,1
Sweden.,0
A,1
confident,1
probation,1
service,2
–,2
a,2
government,2
agency,1
–,1
is,1
tasked,2
not,2
only,2
with,2
supervising,3
those,2
on,2
probation,1
but,1
is,1
also,1
guaranteed,1
to,1
provide,1
treatment,1
programs,1
for,1
offenders,1
with,1
"drug,",6
alcohol,2
or,2
violence,1
issues.,0
The,1
service,1
is,1
assisted,1
by,1
around,2
"4,500",1
lay,1
supervisors,1
–,1
members,2
of,2
the,2
public,1
who,1
volunteer,1
to,1
befriend,3
and,3
support,2
offenders,1
under,1
supervision.,0
“In,1
"Sweden,",2
we,1
believe,4
very,4
much,3
in,3
the,3
concept,3
of,3
"rehabilitation,",4
without,2
being,2
naive,2
of,2
"course,”",3
says,1
Gustafsson.,0
“There,1
are,1
some,1
people,1
who,1
will,1
not,1
or,1
cannot,2
change.,0
"But,",2
in,2
my,2
"experience,",2
the,2
majority,2
of,2
prisoners,1
want,2
to,2
"change,",2
and,1
we,1
must,1
do,2
what,2
we,2
can,1
to,1
help,1
to,1
facilitate,1
that.,0
It,1
is,1
not,1
always,1
possible,1
to,1
achieve,2
this,1
in,1
one,1
prison,1
sentence.”,0
Swedish,1
prisons,1
have,2
a,2
reputation,2
around,2
the,2
world,1
for,1
being,1
liberal,1
and,1
modern.,0
But,1
are,1
the,2
country's,5
prisons,1
too,1
soft?,0
The,1
head,2
of,2
Sweden's,5
prison,3
and,3
probation,2
"service,",4
Nils,2
"Oberg,",2
said,2
in,2
November,2
2013,1
that,1
four,2
Swedish,2
prisons,1
will,1
close,1
because,2
of,1
an,1
“out,3
of,1
the,1
ordinary”,2
drop,1
in,1
the,1
number,1
of,1
prisoners.,0
There,1
has,1
been,2
no,2
fall,2
in,2
crime,2
"rates,",2
"but,",2
between,2
2011,2
and,2
"2012,",2
there,1
was,1
a,1
6%,3
drop,1
in,1
the,1
number,1
of,1
people,1
in,1
Sweden's,3
"prisons,",2
now,1
a,2
little,1
over,1
"4,500.",0
Oberg,1
said,2
he,2
was,2
confused,2
by,2
the,2
drop,2
in,2
"numbers,",2
but,1
hoped,1
that,1
the,2
reason,1
was,1
to,1
do,1
with,1
how,1
his,2
prisons,1
are,1
managed.,0
“We,1
certainly,1
hope,2
that,2
the,3
efforts,3
we,3
put,4
into,4
rehabilitation,3
and,3
into,3
stopping,4
criminals,3
from,3
reoffending,2
has,2
made,2
a,2
"difference,”",3
he,1
said.,0
“The,1
modern,1
prison,1
service,2
in,2
Sweden,1
is,1
very,1
different,2
from,3
when,2
I,2
joined,3
as,3
a,3
young,3
prison,3
officer,2
in,2
"1978,”",3
says,1
Kenneth,2
"Gustafsson,",2
governor,1
of,1
Kumla,1
"Prison,",2
Sweden's,3
most,2
secure,1
jail.,0
“When,1
I,1
"joined,",2
prisoners,1
were,1
treated,2
well,1
–,1
maybe,1
too,1
well.,0
"But,",2
after,2
high,2
profile,2
escapes,2
in,2
"2004,",2
we,1
had,1
to,1
make,2
the,2
prisons,1
more,1
secure.”,0
In,1
"Sweden,",2
prison,2
sentences,1
are,1
not,1
usually,1
for,1
more,3
than,2
ten,1
years.,0
Sweden,1
was,1
the,1
first,1
country,3
in,3
Europe,2
to,2
introduce,2
the,2
electronic,2
tagging,2
of,2
criminals,1
and,1
it,1
continues,1
to,1
keep,4
prison,4
sentences,3
short,2
when,2
possible,1
by,1
using,1
community-based,5
punishments.,0
These,1
have,1
stopped,2
many,2
criminals,1
from,1
reoffending.,0
The,1
reoffending,1
rate,2
in,2
Sweden,1
is,1
between,1
30,2
and,2
40%,2
–,1
to,1
compare,1
that,1
with,2
another,2
European,2
"country,",2
the,2
number,1
is,1
around,2
half,1
that,1
of,1
the,1
UK.,0
One,1
thing,2
that,2
has,2
kept,2
reoffending,2
down,1
and,1
the,2
number,2
of,2
prisoners,2
in,2
Sweden,2
below,2
70,3
per,3
"100,000",2
people,1
is,1
that,1
anyone,2
under,2
15,1
cannot,2
be,1
responsible,1
for,1
their,1
crime.,0
"Also,",2
in,2
"Sweden,",2
no,2
young,2
person,2
under,2
the,2
age,2
of,2
21,1
can,1
be,1
sentenced,3
to,3
life,2
–,2
this,2
is,2
not,2
the,2
same,2
in,2
many,2
other,2
countries,1
–,1
and,1
they,1
try,1
to,1
keep,2
young,2
offenders,1
out,1
of,1
prison.,0
One,1
reason,2
for,2
the,2
drop,2
in,2
prison,2
numbers,1
might,1
be,1
the,1
amount,1
of,1
post-prison,5
support,1
available,1
in,1
Sweden.,0
A,1
government-run,5
probation,1
service,1
gives,2
treatment,2
programs,1
to,1
offenders,1
with,1
"drug,",6
alcohol,2
or,2
violence,1
problems.,0
Around,1
"4,500",0
Swedes,1
help,1
the,1
service,0
–,0
they,1
volunteer,1
to,1
make,3
friends,2
with,2
and,2
support,1
offenders.,0
“In,1
"Sweden,",2
we,1
believe,3
very,3
much,2
in,2
the,2
idea,2
of,2
"rehabilitation,”",3
says,1
Gustafsson.,0
“Of,2
"course,",2
there,1
are,1
some,1
people,1
who,1
will,1
not,1
or,1
cannot,2
change.,0
"But,",2
in,2
my,2
"experience,",2
most,2
prisoners,1
want,2
to,2
change,1
and,1
we,1
must,1
do,2
what,2
we,2
can,1
to,1
help,1
them.”,0
Such,1
is,1
the,1
lot,2
of,2
the,2
modern-day,8
chemist:,2
you,1
wait,3
ages,2
for,2
a,2
new,2
element,2
to,2
turn,2
up,1
and,1
then,1
four,1
come,2
along,1
at,1
once.,0
Discovered,2
by,2
researchers,2
in,2
"Japan,",6
Russia,2
and,2
the,2
"US,",2
the,2
four,2
new,2
elements,1
are,1
the,1
first,1
to,1
be,1
added,3
to,3
the,3
periodic,3
table,2
since,2
"2011,",2
when,1
elements,2
114,2
and,2
116,1
were,1
included.,0
The,1
new,1
"elements,",4
all,2
spectacularly,2
short-lived,6
and,2
highly,2
"radioactive,",2
complete,2
the,3
periodic,3
table's,5
seventh,2
row,1
and,1
render,3
science,3
textbooks,2
around,2
the,2
world,1
out,1
of,1
date.,0
The,1
US-based,5
International,1
Union,3
of,3
Pure,4
and,4
Applied,3
Chemistry,3
"(IUPAC),",9
the,2
global,2
organization,2
that,2
governs,2
chemical,2
"nomenclature,",6
terminology,2
and,2
"measurement,",2
verified,3
the,3
elements,2
on,2
30,2
"December,",4
2015,1
after,1
poring,1
over,1
studies,1
dating,2
back,1
to,1
2004.,0
The,1
scientists,2
who,2
found,2
them,1
must,1
now,1
come,3
up,2
with,2
formal,2
names,1
to,1
replace,1
the,1
clunky,1
Latin-,1
based,1
placeholders,2
–,2
"ununtrium,",10
"ununpentium,",8
ununseptium,3
and,3
ununoctium,2
–,2
which,2
reflect,2
their,2
atomic,2
"numbers,",4
"113,",6
"115,",4
"117,",2
and,1
118.,0
The,1
atomic,1
number,1
is,1
the,1
number,1
of,1
protons,1
found,1
in,1
an,2
element's,3
atomic,1
nucleus.,0
IUPAC,1
announced,1
that,1
a,2
Russian-American,8
team,3
of,3
scientists,2
at,2
the,2
Joint,2
Institute,3
for,3
Nuclear,3
Research,2
in,2
Dubna,2
and,2
Lawrence,2
Livermore,2
National,2
Laboratory,2
in,2
California,1
had,1
produced,1
sufficient,1
evidence,1
to,1
claim,1
the,1
discovery,1
of,1
elements,1
"115,",4
117,1
and,1
118.,0
The,1
body,1
awarded,2
credit,1
for,1
the,1
discovery,1
of,1
element,2
"113,",2
which,1
had,1
also,1
been,1
claimed,2
by,2
the,2
Russians,2
and,2
"Americans,",2
to,1
a,1
team,1
of,1
scientists,1
from,1
the,1
RIKEN,1
Institute,1
in,1
Japan.,0
The,1
decision,1
means,1
Japan,1
becomes,1
the,1
first,1
Asian,1
country,1
to,1
name,1
an,1
element.,0
Under,1
IUPAC,1
"rules,",2
new,2
elements,1
can,1
be,1
named,1
after,1
mythological,1
"concepts,",8
"minerals,",6
a,3
place,2
or,2
"country,",2
or,1
a,1
scientist.,0
When,1
elements,2
114,2
and,2
116,1
were,1
assigned,3
formal,3
names,2
in,2
"2012,",2
scientists,1
chose,3
flerovium,3
and,3
livermorium,2
"respectively,",2
after,1
the,1
Flerov,1
Lab,1
at,1
Dubna's,3
Joint,1
Institute,2
of,2
Research,1
and,1
the,1
Lawrence,1
Livermore,1
Lab,2
in,2
the,2
"US,",2
where,1
the,2
elements,1
were,1
discovered.,0
Kosuke,3
"Morita,",4
who,2
led,3
the,3
research,2
at,2
"RIKEN,",2
said,1
his,2
team,1
now,1
planned,1
to,1
“look,2
into,1
the,1
uncharted,1
territory,1
of,1
element,2
119,1
and,1
beyond.”,0
Jan,3
"Reedijk,",4
president,2
of,2
the,2
Inorganic,2
Chemistry,2
Division,2
of,2
"IUPAC,",2
said:,2
“The,3
chemistry,2
community,1
is,1
eager,1
to,1
see,2
its,2
most,3
cherished,2
table,1
finally,1
being,1
completed,2
down,1
to,1
the,1
seventh,1
row.”,0
The,1
Japanese,1
team,1
is,1
believed,1
to,1
be,1
considering,2
three,2
names,3
for,3
ununtrium:,4
"japonium,",6
rikenium,2
and,2
"nishinarium,",2
after,1
the,1
Nishina,1
Center,1
for,1
Accelerator-Based,5
"Science,",2
where,1
the,2
element,1
was,1
found.,0
“They,1
will,1
have,1
been,1
thinking,4
about,4
it,3
for,3
a,3
while,2
"already,”",3
said,1
Polly,2
"Arnold,",2
professor,1
of,1
chemistry,1
at,1
Edinburgh,1
University.,0
“This,1
is,1
painstaking,1
work.,0
All,1
this,2
trying,2
to,2
understand,2
Mother,2
Nature,1
helps,2
us,1
with,1
our,1
models,1
and,1
with,1
understanding,1
radioactive,1
decay.,0
If,1
we,1
understand,3
it,2
"better,",2
hopefully,1
we,1
can,1
do,2
better,1
at,1
dealing,1
with,1
nuclear,1
waste,2
and,2
things,1
that,1
are,1
important,1
in,1
the,1
real,1
world.,0
It,1
also,1
leads,2
to,2
fantastic,2
technological,2
advances,1
in,1
building,2
the,2
equipment,1
to,1
make,1
these,1
observations.”,0
Along,1
with,1
new,1
"names,",2
the,2
scientists,1
must,1
propose,1
two-letter,5
symbols,1
for,1
the,1
elements.,0
When,1
IUPAC,1
has,1
received,2
the,3
researchers',5
"suggestions,",2
they,1
will,1
be,1
put,3
up,2
for,2
public,2
review,1
for,1
five,1
months.,0
That,1
allows,2
scientists,2
and,2
others,1
to,1
raise,1
any,1
objections.,0
In,1
"1996,",2
the,2
symbol,2
Cp,1
was,1
proposed,2
for,2
"copernicium,",4
or,2
element,2
"112,",2
but,1
it,1
was,1
swapped,2
to,2
Cn,1
when,1
scientists,1
complained,1
that,1
Cp,1
referred,1
to,1
another,1
substance.,0
To,1
discover,2
the,2
"elements,",2
researchers,2
at,2
the,2
three,2
labs,1
slammed,3
lighter,3
nuclei,2
into,2
one,2
another,1
and,1
looked,1
for,1
signature,1
radioactive,1
decays,1
that,1
should,1
come,1
from,1
the,1
new,1
elements.,0
Ununtrium,2
and,2
ununpentium,1
are,1
thought,2
to,2
be,2
"metals,",2
while,1
ununseptium,1
could,1
be,1
a,2
metalloid,1
–,1
a,1
material,1
bearing,1
some,1
metallic,1
properties.,0
The,1
fourth,1
"element,",4
"ununoctium,",2
may,1
be,1
a,1
noble,1
"gas,",2
like,1
other,1
group-18,3
"elements,",6
"helium,",4
neon,1
and,1
argon.,0
It,1
is,1
hard,1
to,1
know,2
for,2
sure,1
because,1
so,2
few,2
atoms,2
of,2
each,2
element,1
have,1
ever,1
been,1
made.,0
Paul,3
"Karol,",4
chair,2
of,2
the,2
IUPAC,2
panel,2
that,2
verified,2
the,2
"elements,",2
said:,2
“Practical,3
applications,2
of,2
the,2
new,2
"elements,",2
if,2
"any,",2
are,1
a,1
long,1
way,2
off,1
because,2
of,1
the,1
difficulty,1
in,1
synthesis.”,0
Chemists,1
have,1
waited,3
a,3
long,3
time,2
to,2
find,2
a,2
new,2
element,1
"and,",2
"now,",2
researchers,2
in,2
"Japan,",6
Russia,2
and,2
the,2
US,1
have,1
discovered,1
four.,0
The,1
four,1
new,1
elements,1
will,1
be,1
added,1
to,1
the,1
periodic,1
table.,0
They,1
are,1
the,1
first,1
elements,1
to,1
be,1
added,2
since,2
"2011,",2
when,1
elements,2
114,2
and,2
116,1
were,1
included.,0
The,1
new,1
"elements,",4
all,2
very,2
"radioactive,",2
complete,1
the,1
seventh,1
row,1
of,1
the,1
periodic,1
table.,0
The,1
International,1
Union,2
of,2
Pure,3
and,3
Applied,2
Chemistry,2
(IUPAC),4
is,1
the,1
global,1
organization,1
that,1
controls,1
chemical,1
names.,0
IUPAC,1
confirmed,3
the,3
new,3
elements,2
on,2
30,2
"December,",4
2015,1
after,1
examining,1
studies,1
dating,2
back,1
to,1
2004.,0
The,1
scientists,2
who,2
found,2
them,1
must,1
now,1
think,1
of,1
formal,1
names,1
for,1
the,1
"elements,",2
which,1
have,1
the,1
atomic,1
"numbers,",8
"113,",6
"115,",4
"117,",2
and,1
118.,0
The,1
atomic,1
number,1
is,1
the,1
number,1
of,1
protons,1
in,1
an,2
element's,3
atomic,1
nucleus.,0
IUPAC,1
said,1
that,1
a,2
Russian-American,8
team,3
of,3
scientists,2
at,2
the,2
Joint,2
Institute,3
for,3
Nuclear,3
Research,2
in,2
Dubna,2
and,2
Lawrence,2
Livermore,2
National,2
Laboratory,2
in,2
California,1
had,1
discovered,1
elements,1
"115,",4
117,1
and,1
118.,0
The,1
organization,1
said,1
a,2
team,2
of,2
scientists,2
from,2
the,2
RIKEN,2
Institute,2
in,2
Japan,1
discovered,1
element,1
113.,0
The,1
decision,1
means,1
Japan,1
becomes,1
the,1
first,1
Asian,1
country,1
to,1
name,1
an,1
element.,0
Under,1
IUPAC,1
"rules,",2
new,2
elements,1
can,1
be,1
named,1
after,1
mythological,1
"concepts,",8
"minerals,",6
a,3
place,2
or,2
"country,",2
or,1
a,1
scientist.,0
In,1
"2012,",2
scientists,1
chose,3
the,3
formal,3
name,3
flerovium,2
for,2
element,2
"114,",2
after,1
the,1
Flerov,1
Lab,1
at,1
Dubna's,3
Joint,1
Institute,1
of,1
Research.,0
And,1
they,1
chose,3
the,3
formal,3
name,3
livermorium,2
for,2
element,2
"116,",2
after,1
the,1
Lawrence,1
Livermore,1
Lab,1
in,1
the,1
US.,0
The,1
elements,1
were,1
discovered,1
there.,0
Kosuke,3
"Morita,",4
who,2
led,3
the,3
research,2
at,2
"RIKEN,",2
said,1
his,2
team,1
now,1
planned,1
to,1
“look,2
into,1
the,1
undiscovered,1
element,1
119,1
and,1
beyond.”,0
Jan,3
Reedijk,2
of,2
IUPAC,1
said:,2
“Chemists,2
want,1
to,1
see,1
the,1
periodic,1
table,1
finally,1
completed,2
down,1
to,1
the,1
seventh,1
row.”,0
The,1
Japanese,1
team,1
is,1
considering,2
three,2
names,2
for,2
element,3
113:,4
"japonium,",6
rikenium,2
and,2
"nishinarium,",2
after,1
the,1
Nishina,1
Center,2
for,2
Accelerator-Based,8
"Science,",2
where,1
they,1
found,1
the,1
element.,0
Polly,3
"Arnold,",4
professor,2
of,2
chemistry,2
at,2
Edinburgh,2
"University,",2
"said,",2
“This,2
is,1
very,1
difficult,1
and,1
slow,1
work.,0
The,1
work,1
helps,2
us,1
understand,1
radioactive,1
decay.,0
If,1
we,1
understand,3
it,2
"better,",2
hopefully,1
we,1
can,1
find,1
a,1
better,1
way,1
to,1
deal,1
with,1
nuclear,1
waste,2
and,2
things,1
that,1
are,1
important,1
in,1
the,1
real,1
world.,0
"And,",2
when,2
they,2
build,3
the,3
equipment,2
to,2
make,2
these,2
"discoveries,",2
it,1
also,1
leads,1
to,1
fantastic,1
improvements,1
in,1
technology.”,0
Scientists,1
must,1
find,3
new,3
names,2
for,2
the,2
elements,1
"but,",2
"also,",2
they,1
must,1
suggest,1
two-letter,5
symbols,1
for,1
the,1
elements.,0
When,1
IUPAC,1
has,1
received,2
the,3
researchers',5
"suggestions,",2
they,1
will,1
tell,2
the,2
public,1
so,2
that,1
people,1
can,1
comment,1
on,1
the,1
names.,0
That,1
allows,2
scientists,2
and,2
others,1
to,1
find,1
any,1
problems,1
with,1
the,1
names.,0
In,1
"1996,",2
someone,1
suggested,2
the,2
symbol,2
Cp,2
for,2
"copernicium,",4
or,2
element,2
"112,",2
but,1
it,1
was,1
changed,2
to,2
"Cn,",2
when,1
scientists,1
complained,1
that,1
Cp,1
was,1
already,1
the,1
symbol,1
for,1
another,1
substance.,0
To,1
discover,2
the,2
"elements,",2
researchers,2
at,2
the,2
three,2
labs,1
crashed,3
lighter,3
nuclei,2
into,2
one,2
another,1
and,1
looked,1
for,1
the,1
radioactive,1
decays,1
that,1
should,1
come,1
from,1
the,1
new,1
elements.,0
113,2
and,2
115,1
are,1
probably,1
metals.,0
117,1
could,1
be,1
a,2
metalloid,1
–,1
a,1
material,1
with,1
some,1
metallic,1
characteristics.,0
The,1
fourth,1
"element,",4
"118,",2
may,1
be,1
a,1
gas.,0
Paul,3
"Karol,",4
chair,2
of,2
the,2
IUPAC,2
panel,2
that,2
checked,2
the,2
"elements,",2
said:,2
“It,2
will,1
be,1
a,1
long,1
time,1
before,1
we,1
can,1
find,1
practical,1
uses,1
for,1
the,1
new,1
elements.”,0
Police,2
and,2
intelligence,1
agencies,2
around,2
the,2
world,1
"have,",2
for,2
almost,3
100,2
"years,",2
relied,2
on,2
polygraphs,1
as,1
lie,2
detectors,1
to,1
help,1
convict,2
criminals,1
or,1
unearth,1
spies,1
and,1
traitors.,0
The,1
polygraph,1
is,1
beloved,2
of,2
the,2
"movies,",2
with,2
countless,2
dramatic,2
moments,1
showing,3
the,3
guilty,3
sweating,2
profusely,1
as,1
they,1
are,1
hooked,1
up.,0
But,1
the,2
invention,1
could,1
soon,1
be,1
defunct.,0
Researchers,2
in,2
Britain,2
and,2
the,2
Netherlands,1
have,1
made,2
a,2
"breakthrough,",2
developing,1
a,1
method,1
with,1
a,1
success,1
rate,1
in,1
tests,1
of,1
over,2
70%,2
that,1
could,1
be,1
in,1
use,2
in,2
police,2
stations,2
around,2
the,2
world,1
within,1
a,1
decade.,0
Rather,2
than,1
relying,3
on,3
facial,3
"tics,",4
talking,2
too,2
much,2
or,2
waving,2
of,2
arms,1
–,1
all,2
seen,2
as,2
tell-tale,8
signs,2
of,2
lying,1
–,1
the,2
new,2
method,1
involves,1
monitoring,2
full-body,8
motions,1
to,1
provide,1
an,1
indicator,1
of,1
signs,1
of,1
guilty,1
feelings.,0
The,1
polygraph,1
is,1
widely,1
used,3
in,3
the,3
US,3
in,3
criminal,4
and,4
other,3
cases,2
and,2
for,2
security,2
clearance,2
for,2
the,2
FBI,2
and,2
CIA,1
but,1
is,1
much,2
less,1
popular,1
in,1
Europe.,0
There,1
has,1
been,1
a,1
lot,1
of,1
skepticism,1
in,1
the,1
scientific,2
and,2
legal,1
communities,1
about,1
its,1
reliability.,0
By,1
"contrast,",2
the,2
new,2
method,2
developed,2
by,2
the,2
researchers,1
has,1
performed,2
well,1
in,1
experiments.,0
The,1
basic,1
premise,1
is,1
that,1
liars,1
fidget,2
more,1
and,1
so,1
the,2
use,2
of,2
an,2
all-body,8
motion,2
suit,2
–,2
the,2
kind,2
used,3
in,3
films,2
to,2
create,2
computer-generated,8
characters,1
–,1
will,1
pick,2
this,1
up.,0
One,2
of,2
the,2
research,2
"team,",4
Ross,2
"Anderson,",2
said:,2
“Decades,3
of,2
deception,2
research,1
show,1
that,1
the,2
interviewer,1
will,1
tell,3
truth,2
from,2
lies,1
only,1
slightly,1
better,1
than,1
random.”,0
He,1
said,1
the,2
new,2
"method,",2
by,2
"contrast,",2
achieved,1
a,1
reliability,1
rating,1
of,1
over,2
70%.,1
In,1
some,1
"tests,",2
the,2
team,1
has,1
already,1
achieved,1
more,3
than,2
80%.,1
Anderson,1
said:,2
“The,3
takeaway,2
message,1
is,1
that,1
guilty,2
people,1
fidget,2
more,1
and,1
we,1
can,1
measure,2
this,1
robustly.”,0
The,1
polygraph,1
was,1
created,2
in,2
1921,1
by,1
policeman,2
John,2
"Larson,",2
based,1
on,1
research,1
by,1
the,1
psychologist,1
William,1
Marston.,0
It,1
records,2
changes,2
in,2
"pulse,",8
blood,4
"pressure,",6
sweating,2
and,2
breathing,1
to,1
ascertain,1
whether,1
a,2
subject,1
is,1
lying.,0
While,1
cinema,2
depictions,1
suggest,2
the,3
device,2
is,2
"near-infallible,",6
the,2
US,2
Supreme,2
Court,1
"ruled,",2
in,2
"1998,",2
that,1
there,1
was,1
no,1
consensus,2
that,2
the,3
polygraph,2
was,2
"reliable,",2
a,1
finding,1
supported,2
by,2
the,2
US,2
National,2
Academy,2
of,2
Scientists,1
in,1
2003.,0
The,1
experiment,2
carried,3
out,2
by,2
Anderson,2
and,2
his,2
colleagues,1
involved,1
180,1
students,3
and,3
employees,2
at,2
Lancaster,2
"University,",2
of,2
which,1
half,1
were,1
told,1
to,1
tell,2
the,2
truth,2
and,2
half,1
to,1
lie.,0
They,1
were,1
each,1
paid,3
£7.50,5
for,2
their,2
participation,2
in,2
the,2
70-minute,8
"experiment,",2
involving,1
two,1
tests.,0
Some,1
were,1
interviewed,2
about,2
a,2
computer,2
game,3
Never,3
"End,",4
which,2
they,2
played,2
for,2
seven,2
"minutes,",2
while,1
others,1
lied,2
about,2
playing,2
"it,",2
having,1
only,1
been,1
shown,2
notes,1
about,1
it.,0
The,1
second,1
test,1
involved,1
a,1
lost,1
wallet,1
containing,1
£5.,1
Some,1
were,1
asked,1
to,1
bring,3
the,3
wallet,2
to,2
a,2
lost-and-found,14
box,1
while,1
others,1
hid,2
it,1
and,1
lied,1
about,1
it.,0
"“Overall,",2
we,1
correctly,1
classified,3
82.2%,6
(truths:,11
88.9%;,10
lies:,8
75.6%),10
of,3
the,3
interviewees,2
as,2
either,2
being,2
truthful,3
or,3
deceptive,2
based,2
on,2
the,2
combined,2
movement,2
in,2
their,2
individual,2
"limbs,”",3
the,2
report,1
says.,0
Anderson,1
said:,2
“Our,3
first,2
attempt,1
looked,1
at,1
the,1
extent,1
to,2
which,1
different,2
body,2
parts,2
and,2
body,2
signals,1
indicated,1
deception.,0
It,1
turned,3
out,2
that,2
liars,2
wave,3
their,3
arms,2
more,1
"but,",2
"again,",2
this,1
is,1
only,1
at,1
the,1
55%,3
level,1
that,1
you,1
can,1
get,1
from,1
a,1
conventional,1
polygraph.,0
The,1
pay,1
dirt,1
was,1
when,1
we,1
considered,1
total,1
body,1
motion.,0
That,1
turns,2
out,1
to,1
tell,3
truth,2
from,2
lies,1
over,1
70%,2
of,1
the,1
time.”,0
The,1
use,2
of,2
all-body,8
suits,1
is,1
expensive,1
–,1
they,1
cost,2
about,2
"£30,000",3
–,1
and,1
can,1
be,1
"uncomfortable,",2
and,1
Anderson,2
and,2
his,2
colleagues,1
are,1
now,1
looking,1
at,1
low-cost,5
alternatives.,0
These,1
include,1
using,1
motion-sensing,5
technology,2
from,2
computer,2
"games,",2
such,2
as,1
the,1
Kinect,1
camera,1
devices,1
developed,2
by,2
Microsoft,1
for,1
the,1
Xbox,1
console.,0
Police,2
and,2
intelligence,1
agencies,2
around,2
the,2
world,1
"have,",2
for,2
almost,3
100,2
"years,",2
used,2
the,2
"polygraph,",4
a,2
lie-detector,8
"test,",2
to,1
help,1
catch,1
criminals,1
and,1
spies.,0
"But,",2
"now,",2
researchers,2
in,2
Britain,2
and,2
the,2
Netherlands,1
have,1
developed,1
a,1
new,1
"method,",2
which,1
is,1
correct,2
(in,4
tests),2
over,1
70%,2
of,1
the,1
time.,0
Police,1
stations,2
around,2
the,2
world,1
might,1
begin,1
using,2
this,2
new,2
method,1
within,1
ten,1
years.,0
It,1
doesn't,2
monitor,4
movements,3
in,3
the,3
"face,",4
talking,3
too,3
much,2
or,2
waving,2
arms,1
–,1
all,1
signs,1
that,1
someone,1
is,1
lying.,0
The,1
new,1
method,1
monitors,1
movements,1
in,1
the,1
whole,1
"body,",2
which,1
can,1
show,1
that,1
the,2
person,1
is,1
feeling,1
guilty.,0
The,1
polygraph,1
is,1
often,1
used,3
in,3
the,3
US,2
in,2
criminal,2
cases,2
and,2
by,2
the,2
FBI,2
and,2
CIA,1
but,1
is,1
much,2
less,1
popular,1
in,1
Europe.,0
Many,1
people,1
do,1
not,1
believe,1
that,1
it,1
is,1
reliable.,0
The,1
basic,1
idea,2
behind,2
the,2
new,2
method,1
is,1
that,1
liars,1
fidget,3
more,2
and,2
that,2
an,2
all-body,8
motion,2
suit,2
–,2
the,2
kind,2
used,3
in,3
films,2
to,2
create,2
computer-generated,8
characters,1
–,1
will,1
record,1
this.,0
The,1
new,1
method,1
is,1
over,2
70%,3
reliable,1
–,1
the,2
polygraph,1
is,1
only,1
55%,3
reliable.,0
In,1
some,1
"tests,",2
the,2
success,2
rate,2
of,2
the,2
new,2
method,1
was,1
more,3
than,2
80%.,1
Ross,3
"Anderson,",4
one,2
of,2
the,2
research,2
"team,",2
said:,2
“Guilty,3
people,1
fidget,2
more,1
and,1
we,1
can,1
now,1
measure,1
this.”,0
The,1
polygraph,1
was,1
created,2
in,2
1921,1
by,1
policeman,2
John,2
"Larson,",2
based,1
on,1
research,1
by,1
the,1
psychologist,1
William,1
Marston.,0
It,1
records,2
changes,2
in,2
"pulse,",8
blood,4
"pressure,",6
sweating,2
and,2
breathing,1
to,1
find,2
out,1
if,1
someone,1
is,1
lying.,0
In,1
"movies,",2
the,2
polygraph,1
is,1
always,1
correct,1
"but,",2
in,2
"1998,",2
the,2
US,2
Supreme,2
Court,1
decided,1
that,1
there,1
was,1
no,1
agreement,1
that,1
the,2
polygraph,1
was,1
reliable.,0
The,1
US,1
National,1
Academy,2
of,2
Scientists,1
said,2
the,2
same,2
thing,1
in,1
2003.,0
The,1
tests,1
Anderson,2
and,2
his,2
colleagues,1
did,1
involved,1
180,1
students,2
and,2
employees,1
at,1
Lancaster,1
University.,0
Half,2
of,2
the,2
people,1
were,1
told,1
to,1
tell,2
the,2
truth,2
and,2
half,1
to,1
lie.,0
The,1
researchers,1
interviewed,1
some,1
of,1
the,1
people,1
about,1
a,1
computer,1
game,2
called,2
Never,2
End,1
that,1
they,1
played,1
for,1
seven,1
minutes.,0
Others,1
lied,1
about,1
playing,1
it.,0
The,1
second,1
test,1
involved,2
a,2
lost,2
wallet,1
with,1
£5,3
inside.,0
Some,1
people,1
had,1
to,1
bring,2
the,2
wallet,1
to,1
a,1
lost-and-found,9
box.,0
Others,1
hid,2
it,1
and,1
lied,1
about,1
it.,0
The,1
new,1
body-suit,5
method,1
was,1
correct,1
82.2%,2
of,1
the,1
time.,0
Researchers,1
monitored,1
how,2
much,1
the,2
people,1
moved,2
their,2
arms,2
and,2
"legs,",2
to,1
decide,1
if,1
they,1
were,1
telling,2
the,2
truth,1
or,1
lying.,0
All-body,3
suits,1
are,1
expensive,2
–,2
they,2
cost,2
about,2
"£30,000",3
–,1
and,1
they,1
can,1
be,1
"uncomfortable,",2
so,1
Anderson,2
and,2
his,2
colleagues,1
are,1
now,1
looking,1
at,1
cheaper,1
alternatives.,0
These,1
include,1
using,1
motion-sensing,5
technology,2
from,2
computer,2
"games,",2
such,2
as,1
the,1
Kinect,1
camera,1
devices,1
developed,2
by,2
Microsoft,1
for,1
the,1
Xbox,1
console.,0
Vienna,1
is,1
the,2
world's,3
best,1
city,2
to,2
live,2
"in,",2
Baghdad,1
is,1
the,1
worst,1
and,1
"London,",6
Paris,2
and,2
New,2
York,1
do,1
not,1
even,1
make,3
it,2
into,2
the,2
top,2
"35,",2
according,2
to,1
international,1
research,1
into,1
quality,1
of,1
life.,0
German-speaking,3
cities,1
dominate,3
the,3
rankings,2
in,2
the,2
18th,2
Mercer,2
Quality,3
of,3
Life,2
"study,",2
with,1
Vienna,1
joined,2
by,2
"Zurich,",8
"Munich,",6
Dusseldorf,2
and,2
Frankfurt,1
in,1
the,1
top,1
seven.,0
Paris,1
has,1
tumbled,2
down,2
the,2
"league,",2
falling,4
ten,4
places,3
to,3
"37th,",4
just,2
ahead,3
of,3
London,2
at,2
"39th,",2
almost,1
entirely,1
because,2
of,1
the,2
city's,3
vulnerability,1
to,1
terrorist,1
attacks.,0
The,1
study,1
examined,2
social,3
and,3
economic,2
"conditions,",10
"health,",8
"education,",6
housing,2
and,2
the,2
"environment,",2
and,1
is,1
used,2
by,2
big,2
companies,1
to,1
assess,1
where,1
they,1
should,1
locate,2
offices,2
and,2
factories,1
and,1
how,2
much,1
they,1
should,1
pay,1
staff.,0
Viennese-born,3
Helena,3
"Hartlauer,",4
"32,",2
said,1
she,1
was,1
not,1
surprised,1
at,1
her,2
city's,3
top,1
position.,0
The,1
municipality's,3
social,1
democratic,1
government,1
has,1
a,1
long,1
tradition,1
of,1
investing,2
in,2
high-quality,8
social,2
"housing,",2
making,2
Vienna,1
almost,2
uniquely,1
affordable,1
among,1
major,1
cities.,0
“I,1
live,1
in,1
a,1
100sq-,4
meter,1
turn-of-the-century,13
apartment,1
in,1
a,1
good,1
area,1
about,2
20,2
minutes',3
walk,1
from,1
the,1
city,1
center.,0
But,1
my,2
rent,1
is,1
just,1
€800,5
(£625),6
a,1
month.”,0
An,1
equivalent,1
apartment,2
in,2
London,1
would,1
cost,2
upwards,1
of,1
"£2,000",3
and,1
even,1
more,2
in,2
New,2
"York,",2
ranked,2
44th,1
in,1
the,1
table.,0
US,1
cities,1
perform,3
relatively,3
poorly,2
in,2
the,2
"study,",2
largely,1
because,2
of,1
issues,1
around,1
personal,1
safety,1
and,1
crime.,0
The,1
highest,1
ranking,1
city,2
in,2
the,2
US,1
is,1
San,3
"Francisco,",4
at,2
28th;,2
Boston,1
is,1
34th.,0
Canadian,1
"cities,",4
led,2
by,2
"Vancouver,",2
far,1
outrank,2
their,2
US,2
rivals,1
in,1
the,1
table.,0
“You,1
don't,2
realize,2
how,2
safe,3
Vienna,3
is,2
until,2
you,2
head,2
"abroad,”",3
said,1
Hartlauer.,0
“We,1
also,1
have,3
terrific,3
public,3
"transport,",4
with,3
the,3
underground,3
working,2
24,2
hours,2
at,2
"weekends,",2
and,1
it,1
only,1
costs,2
€1,1
per,1
trip.”,0
“Our,1
big,1
USP,2
(unique,4
selling,2
point),2
is,1
our,1
geographical,1
"location,”",3
said,1
Martin,3
"Eichtinger,",4
Austrian,2
ambassador,2
to,2
"London,",2
who,1
lived,2
in,2
Vienna,1
for,1
20,1
years.,0
“The,1
fall,2
of,2
the,2
Berlin,2
Wall,1
helped,1
define,2
Vienna,1
as,1
a,1
hub,1
for,1
companies,1
wanting,1
to,1
do,2
business,1
in,1
Central,1
Europe.”,0
According,2
to,1
the,1
World,1
"Bank,",2
Austria,1
has,2
one,2
of,2
the,2
highest,2
figures,3
for,3
GDP,3
per,3
head,2
in,2
the,2
"world,",2
just,1
behind,1
the,1
US,2
and,2
ahead,2
of,2
Germany,2
and,2
"Britain,",2
although,1
quite,1
some,1
way,1
below,1
neighboring,1
Switzerland.,0
Zurich,2
in,2
Switzerland,1
is,1
named,3
by,3
Mercer,2
as,2
having,2
the,3
world's,5
second,2
highest,2
quality,2
of,2
life,1
but,1
the,2
Viennese,1
say,1
their,2
city,1
is,1
far,2
more,1
fun.,0
“There,1
are,3
more,3
students,3
in,3
Vienna,2
than,2
any,2
other,2
German-speaking,8
"city,”",3
said,1
Hartlauer.,0
“It's,2
a,1
very,2
fast,2
"growing,",6
young,2
and,2
lively,1
"city,”",6
she,2
added,1
–,1
though,1
she,1
conceded,1
she,1
works,1
for,1
the,2
city's,3
tourist,1
board.,0
Vienna,1
is,1
the,2
world's,3
best,1
city,3
to,3
live,3
"in,",4
Baghdad,2
is,2
the,2
worst,2
and,2
"London,",8
Paris,3
and,3
New,3
York,2
are,2
not,2
in,2
the,2
top,2
"35,",2
says,1
an,1
international,1
study,1
on,1
quality,1
of,1
life.,0
German-speaking,3
cities,1
do,3
well,2
in,2
the,2
18th,2
Mercer,2
Quality,3
of,3
Life,2
"study,",2
with,1
"Vienna,",10
"Zurich,",8
"Munich,",6
Dusseldorf,2
and,2
Frankfurt,1
in,1
the,1
top,1
seven.,0
Paris,1
fell,2
ten,2
places,1
to,1
37th.,0
This,1
was,1
mostly,1
because,2
of,1
the,1
terrorist,1
attacks,1
on,1
the,1
city.,0
Paris,1
was,1
just,1
above,1
London,1
in,1
39th,1
place.,0
The,1
study,1
looked,1
at,1
the,1
"economy,",8
"health,",6
"education,",4
housing,1
and,1
the,1
environment.,0
Big,1
companies,1
use,2
the,2
results,2
of,2
the,2
study,1
to,1
decide,1
where,1
they,1
should,1
open,2
offices,2
and,2
factories,1
and,1
how,2
much,1
they,1
should,1
pay,1
their,1
employees.,0
Helena,3
"Hartlauer,",4
"32,",2
is,1
from,1
Vienna.,0
She,1
said,1
she,1
was,1
not,1
surprised,1
about,1
her,2
city's,3
top,1
position.,0
For,1
many,1
"years,",2
Vienna's,5
government,1
has,1
spent,2
money,1
on,1
good,1
social,1
housing.,0
This,1
makes,2
Vienna,1
a,1
cheap,1
place,1
to,1
live,1
compared,1
to,1
other,1
big,1
cities.,0
“I,1
live,3
in,3
a,3
100,3
square-meter,11
apartment,2
in,2
a,2
good,2
area,1
about,2
20,2
minutes',3
walk,1
from,1
the,1
city,1
center.,0
But,1
my,2
rent,1
is,1
just,1
€800,5
(£625),6
a,1
month.”,0
A,1
similar,1
apartment,2
in,2
London,1
costs,1
over,1
"£2,000",3
and,1
even,1
more,1
in,1
New,1
"York,",2
which,1
came,2
44th,1
in,1
the,1
study.,0
US,1
cities,1
do,3
badly,2
in,2
the,2
"study,",2
mostly,1
because,2
of,1
worries,1
about,1
personal,1
safety,1
and,1
crime.,0
The,1
US,1
city,2
in,2
top,2
position,1
is,1
San,3
"Francisco,",4
in,2
28th,2
position;,2
Boston,1
is,1
34th.,0
“You,1
don't,2
realize,2
how,2
safe,3
Vienna,3
is,2
until,2
you,2
go,2
"abroad,”",3
said,1
Hartlauer.,0
“We,1
also,1
have,2
terrific,2
public,2
transport,1
–,1
the,2
underground,2
trains,1
run,3
24,3
hours,2
at,2
weekends,1
and,1
it,1
only,1
costs,2
€1,1
per,1
trip.”,0
“Vienna's,3
location,1
is,1
very,1
"special,”",3
said,1
Martin,3
"Eichtinger,",4
Austrian,2
ambassador,2
to,2
"London,",2
who,1
lived,2
in,2
Vienna,1
for,1
20,1
years.,0
“The,1
fall,2
of,2
the,2
Berlin,2
Wall,1
helped,1
make,2
Vienna,1
a,1
center,1
for,1
companies,1
who,1
want,1
to,1
do,2
business,1
in,1
Central,1
Europe.”,0
Mercer,1
says,2
Zurich,3
in,3
Switzerland,2
has,2
the,3
world's,5
second,2
highest,2
quality,2
of,2
life,1
but,1
the,2
Viennese,1
say,1
their,2
city,1
is,1
far,2
more,1
fun.,0
“There,1
are,3
more,3
students,3
in,3
Vienna,2
than,2
any,2
other,2
German-speaking,8
"city,”",3
said,1
Hartlauer.,0
“It's,2
a,1
very,2
young,2
and,2
lively,1
"city,”",3
she,1
added.,0
Clay,2
Cockrell,1
is,1
sitting,3
in,3
his,3
office,2
at,2
Columbus,2
"Circle,",2
across,1
the,1
street,1
from,1
1,2
Central,2
Park,1
"West,",2
which,1
houses,1
Trump,1
International,1
Hotel,1
and,1
Tower.,0
In,1
front,2
of,2
the,2
tower,1
is,1
Central,1
"Park,",2
where,1
Cockrell,1
holds,3
his,3
popular,3
walk,2
and,2
talk,1
therapy,1
sessions.,0
"Cockrell,",4
a,2
former,2
Wall,3
Street,3
worker,2
turned,2
"therapist,",2
spends,2
large,2
parts,2
of,2
his,2
days,2
walking,3
through,3
Central,3
Park,3
or,3
the,3
Battery,3
Park,2
in,2
downtown,2
Manhattan,2
near,2
Wall,2
"Street,",2
as,1
a,1
confidant,2
and,2
counselor,1
to,1
some,1
of,1
New,2
York's,3
wealthiest,1
people.,0
“I,1
shifted,3
towards,3
it,2
"naturally,”",3
he,1
said,1
of,1
his,1
becoming,1
an,1
expert,1
in,1
wealth,1
therapy.,0
“Many,2
of,3
the,3
extremely,3
wealthy,2
–,2
the,2
1%,4
of,2
the,2
1%,3
–,1
feel,1
that,1
their,2
problems,1
are,1
really,1
not,1
problems.,0
But,1
they,1
are.,0
A,1
lot,2
of,2
therapists,1
do,1
not,1
give,2
enough,2
weight,1
to,1
their,1
issues.”,0
"So,",2
what,2
issues,1
are,1
America's,5
1%,3
struggling,1
with?,0
“There,1
is,3
guilt,2
over,2
being,2
rich,2
in,2
the,2
first,2
"place,”",3
he,1
said.,0
“There,1
is,1
the,1
feeling,1
that,1
they,1
have,1
to,1
hide,1
the,1
fact,1
that,1
they,1
are,1
rich.,0
"And,",2
"then,",2
there,1
is,2
the,2
isolation,1
–,1
being,2
in,2
the,2
"1%,",4
it,2
turns,2
"out,",2
can,1
be,1
lonely.”,0
It,1
seems,2
F.,4
Scott,3
Fitzgerald,2
was,2
right:,2
the,2
very,2
rich,1
“are,2
different,1
from,1
you,1
and,1
me.”,0
Counselors,1
argue,1
things,1
have,1
become,1
worse,1
since,1
the,1
financial,1
crisis,1
and,1
the,1
debate,1
over,1
income,1
inequality,1
that,1
has,1
been,1
spurred,2
on,1
by,1
movements,2
like,2
Occupy,2
Wall,2
Street,2
and,2
the,2
Fight,1
for,1
$15,3
fair,1
wage,1
campaign.,0
“The,1
Occupy,1
Wall,2
Street,1
movement,1
was,1
a,1
good,1
one,3
and,3
had,3
some,3
important,3
things,3
to,3
say,3
about,3
income,3
inequality,2
but,2
it,2
singled,4
out,3
the,3
1%,5
and,2
painted,4
them,3
globally,2
as,2
something,2
"negative,”",3
said,1
Jamie,3
"Traeger-Muney,",6
a,1
wealth,1
psychologist,1
and,1
founder,1
of,1
the,1
Wealth,2
Legacy,1
Group.,0
The,1
"media,",2
she,2
"said,",2
is,1
partly,1
to,1
blame,1
for,1
making,1
the,2
rich,1
“feel,2
like,1
they,1
need,1
to,1
hide,1
or,1
feel,1
ashamed”.,0
"“Sometimes,",2
I,1
am,1
shocked,1
by,1
things,1
that,1
people,1
say.,0
You,1
would,1
never,1
refer,2
to,2
another,2
group,2
of,2
people,1
in,1
the,1
way,1
that,1
it,1
seems,1
perfectly,1
normal,1
to,1
refer,1
to,1
wealth,1
holders.”,0
“It's,2
really,1
isolating,1
to,1
have,1
a,1
lot,1
of,1
money.,0
People's,3
reactions,2
to,2
you,1
can,1
be,1
"scary,”",3
said,1
Barbara,2
"Nusbaum,",2
an,1
expert,1
in,1
money,1
psychology.,0
“We,1
are,1
all,1
taught,1
not,1
to,1
talk,1
about,1
money.,0
It's,2
not,1
polite,1
to,1
talk,1
about,1
money.,0
"Ironically,",2
it's,2
harder,1
to,1
talk,1
about,1
having,2
money,1
than,1
it,2
is,1
to,1
talk,1
about,1
not,1
having,1
money.,0
It's,2
much,2
more,2
socially,1
acceptable,2
to,2
say,1
‘I,2
am,1
broke.,0
Things,1
are,1
hard.',0
You,1
can't,2
say,1
‘I,2
have,1
a,1
ton,1
of,1
money.',0
You,1
have,1
to,1
keep,2
a,2
lot,2
of,2
your,2
life,1
private.”,0
As,1
a,1
"result,",2
Cockrell,1
points,2
"out,",2
the,2
rich,1
tend,1
to,1
hang,3
out,2
with,2
other,2
rich,2
"Americans,",2
not,1
out,1
of,1
snobbery,1
but,1
in,2
order,1
to,1
be,1
around,1
those,1
who,1
understand,1
them,1
and,1
their,1
problems.,0
In,1
the,1
"US,",2
over,2
the,2
last,2
three,2
"decades,",2
the,2
number,2
of,2
extremely,3
wealthy,2
people,1
has,1
been,1
climbing.,0
According,2
to,1
research,2
from,2
Spectrem,2
"Group,",2
in,2
"2014,",2
the,2
number,3
of,3
US,3
households,3
with,3
$1m,14
or,4
more,3
in,3
assets,2
–,2
excluding,2
the,2
value,2
of,2
their,2
primary,2
home,1
–,1
increased,2
by,2
"500,000",1
to,1
10.1m.,1
In,1
"2007,",2
that,2
number,1
was,1
9.2m.,1
Households,2
worth,2
$5m,8
or,2
more,1
reached,2
1.3m,3
and,1
"142,000",2
households,1
are,1
now,1
worth,1
$25m,5
or,1
more.,0
Since,1
the,1
2008,1
financial,1
"crisis,",2
the,2
income,2
gap,1
has,1
expanded,2
and,2
the,3
situation,2
“has,4
gotten,2
worse,2
for,2
the,2
"wealthy,”",3
Cockrell,1
said.,0
The,1
main,1
reason?,0
Not,1
knowing,1
if,1
your,2
friends,1
are,1
friends,1
with,1
you,1
or,1
your,1
money.,0
“Someone,3
else,2
who,2
is,2
also,2
a,2
billionaire,1
–,1
they,1
don't,2
want,1
anything,1
from,1
you.,0
Never,1
being,1
able,2
to,2
trust,3
your,3
friendships,2
with,2
people,2
of,2
different,2
"means,",2
I,1
think,2
that,2
is,2
"difficult,”",3
said,1
Cockrell.,0
“As,1
the,2
gap,1
has,1
"widened,",2
the,2
rich,1
have,1
become,1
more,2
and,2
more,1
isolated.”,0
Some,1
Americans,1
have,1
taken,1
to,1
keeping,2
their,2
wealth,1
secret.,0
“There,1
are,2
a,2
lot,2
of,2
people,2
that,2
are,2
hiding,3
their,3
wealth,2
because,2
they,2
are,2
concerned,2
about,2
negative,2
"judgment,”",3
said,1
Traeger-Muney.,2
“If,1
wealthy,2
Americans,1
talk,2
about,2
the,2
unique,2
challenges,2
that,2
come,2
with,2
their,2
"wealth,",2
people,1
often,1
dismiss,1
their,1
experience.,0
People,1
say,1
"‘Oh,",3
poor,1
you.',0
There,1
is,3
not,2
a,2
lot,2
of,2
sympathy,2
"there,”",3
she,1
said.,0
“Wealth,1
is,1
still,1
one,1
of,1
our,1
last,1
taboos.”,0
Cockrell,1
said,1
that,1
a,2
common,2
mistake,2
that,2
many,3
of,3
his,3
wealthy,3
clients,2
make,1
is,1
letting,2
their,2
money,1
define,1
them.,0
“I,1
don't,2
think,1
it's,2
healthy,1
to,1
discount,1
your,1
problems.,0
If,1
you,1
are,1
part,2
of,2
the,2
"1%,",4
you,1
still,1
have,2
problems,1
and,1
they,1
are,1
legitimate,1
to,1
you.,0
Even,1
when,1
you,1
"say,",2
‘I,2
don't,2
have,2
to,2
struggle,2
for,2
"money',",3
there,1
are,1
other,1
parts,1
of,1
your,1
life.,0
Money,1
is,1
not,1
the,1
only,1
thing,2
that,2
defines,2
"you,”",3
he,1
said.,0
“Your,1
problems,1
are,1
real.”,0
Clay,2
Cockrell,1
is,1
sitting,2
in,2
his,2
office,1
opposite,1
the,1
Trump,1
International,1
Hotel,1
and,1
Tower.,0
In,1
front,2
of,2
the,2
tower,1
is,1
Central,1
"Park,",2
where,1
Cockrell,1
holds,3
his,3
popular,3
walk,2
and,2
talk,1
therapy,1
sessions.,0
Cockrell,1
is,1
a,1
former,1
Wall,2
Street,1
worker,1
who,1
is,1
now,1
a,1
therapist.,0
He,1
spends,2
large,2
parts,2
of,2
his,2
days,2
walking,2
in,2
Central,2
Park,2
or,2
the,2
Battery,2
Park,2
in,2
downtown,2
Manhattan,2
near,2
Wall,2
"Street,",2
talking,1
to,1
some,1
of,1
New,2
York's,3
wealthiest,1
people.,0
“Many,2
of,3
the,3
extremely,3
wealthy,2
–,2
the,2
1%,4
of,2
the,2
1%,3
–,1
feel,1
that,1
their,2
problems,1
are,1
really,1
not,1
problems.,0
But,1
they,1
"are,”",3
he,1
says.,0
"So,",2
what,2
problems,1
do,1
America's,5
1%,3
have?,0
“There,1
is,2
guilt,2
that,2
they,2
are,2
"rich,”",3
he,1
said.,0
“There,1
is,1
the,1
feeling,1
that,1
they,1
have,1
to,1
hide,1
that,1
they,1
are,1
rich.,0
"And,",2
"then,",2
there,1
is,2
the,2
isolation,1
–,1
being,1
in,2
the,2
1%,3
can,1
be,1
lonely.”,0
Counselors,1
say,1
that,1
things,1
have,1
become,1
worse,1
since,1
the,1
financial,1
crisis.,0
People,1
now,1
talk,2
about,2
the,2
gap,2
between,2
rich,3
and,3
poor,2
more,1
because,2
of,1
movements,1
like,1
Occupy,1
Wall,1
Street.,0
“Occupy,1
Wall,1
Street,1
had,3
some,3
important,3
things,3
to,3
say,3
about,3
the,3
gap,3
between,3
rich,3
and,3
poor,2
but,2
it,2
was,2
negative,2
about,2
the,2
"1%,”",5
said,1
Jamie,3
"Traeger-Muney,",6
a,1
wealth,1
psychologist.,0
The,1
"media,",4
she,2
"said,",2
makes,1
the,2
rich,1
“feel,2
like,1
they,1
need,1
to,1
hide,1
or,1
feel,1
ashamed”.,0
"“Sometimes,",2
I,1
am,1
shocked,1
by,1
things,1
that,1
people,1
say.,0
You,1
would,1
never,1
talk,2
about,2
another,2
group,2
of,2
people,1
in,1
the,1
way,1
that,1
it,1
seems,1
perfectly,1
normal,1
to,1
talk,1
about,1
wealthy,1
people.”,0
“It's,2
really,1
isolating,1
to,1
have,1
a,1
lot,1
of,1
money.,0
People's,3
reaction,2
to,2
you,1
can,1
be,1
"scary,”",3
said,1
Barbara,2
"Nusbaum,",2
an,1
expert,1
in,1
money,1
psychology.,0
“We,1
are,1
all,1
taught,1
not,1
to,1
talk,1
about,1
money.,0
It's,2
not,1
polite,1
to,1
talk,1
about,1
money.,0
But,1
it's,2
harder,1
to,1
talk,1
about,1
being,1
rich,1
than,1
it,2
is,1
to,1
talk,1
about,1
being,1
poor.,0
People,1
don't,2
mind,2
if,2
you,2
say,1
‘I,2
am,1
broke.,0
Things,1
are,1
hard.',0
You,1
can't,2
say,1
‘I,2
have,1
a,1
ton,1
of,1
money.',0
You,1
have,1
to,1
keep,2
a,2
lot,2
of,2
your,2
life,1
private.”,0
As,1
a,1
"result,",2
Cockrell,1
"says,",2
the,2
rich,1
hang,2
out,1
with,1
other,1
rich,1
Americans,1
who,1
understand,1
them,1
and,1
their,1
problems.,0
In,1
the,1
"US,",2
over,2
the,2
last,2
30,2
"years,",2
the,2
number,2
of,2
very,3
wealthy,2
people,1
has,1
grown.,0
In,1
"2014,",2
the,2
number,3
of,3
US,3
households,3
with,3
$1,8
million,3
or,3
more,2
–,2
excluding,2
the,2
value,2
of,2
their,2
main,2
home,1
–,1
increased,2
by,2
"500,000",1
to,1
10.1,1
million.,0
There,1
were,1
1.3,2
million,1
households,1
worth,1
$5,4
million,1
and,2
"142,000",1
worth,1
$25,4
million,1
or,1
more.,0
Since,1
the,1
2008,1
financial,1
"crisis,",2
the,2
gap,2
between,2
the,2
rich,2
and,2
the,2
poor,1
has,1
grown,2
and,2
the,3
situation,2
“has,4
gotten,2
worse,2
for,2
the,2
"wealthy,”",3
Cockrell,1
said.,0
The,1
main,1
reason?,0
Not,1
knowing,1
if,1
your,2
friends,1
are,1
friends,1
with,1
you,1
or,1
with,1
your,1
money.,0
“Someone,3
else,2
who,2
is,2
also,2
a,2
billionaire,1
–,1
they,1
don't,2
want,1
anything,1
from,1
you.,0
Never,1
being,1
able,2
to,2
trust,3
your,3
friendships,2
with,2
other,2
"people,",2
I,1
think,2
that,2
is,2
"difficult,”",3
said,1
Cockrell.,0
Some,1
Americans,1
keep,2
their,2
wealth,1
secret.,0
“There,1
are,3
a,3
lot,3
of,3
people,3
hiding,3
their,3
wealth,2
because,2
they,2
are,2
worried,2
about,2
negative,2
"judgment,”",3
said,1
Traeger-Muney.,2
“If,1
wealthy,2
Americans,1
talk,2
about,2
their,2
"problems,",2
people,1
often,1
don't,2
have,2
a,2
lot,2
of,2
"sympathy,”",3
she,1
said.,0
Cockrell,1
said,2
that,2
there,2
is,2
a,2
common,2
mistake,2
that,2
many,3
of,3
his,3
wealthy,3
clients,2
make,1
–,1
they,1
let,2
their,2
money,1
define,1
them.,0
“If,1
you,1
are,1
part,2
of,2
the,2
"1%,",4
you,1
still,1
have,1
problems.,0
There,1
are,1
other,1
parts,1
of,1
your,1
life.,0
Money,1
is,1
not,1
the,1
only,1
"thing,”",3
he,1
said.,0
“Your,1
problems,1
are,1
real.”,0
From,1
all,3
across,3
"Rwanda,",4
and,2
even,2
parts,2
of,2
neighboring,2
"Burundi,",2
people,1
flock,2
to,2
the,2
southern,2
town,2
of,2
Butare,1
to,1
a,1
little,1
shop,1
called,1
Inzozi,2
Nziza,1
(Sweet,2
Dreams).,0
They,1
come,1
for,1
a,1
taste,2
of,2
the,2
"unknown,",2
something,1
most,1
have,1
never,1
tasted,1
–,1
the,1
"sweet,",2
"cold,",2
velvety,1
embrace,1
of,1
ice,1
cream.,0
"Here,",2
at,2
the,3
central,3
African,3
country's,5
first,2
ice-cream,8
"parlor,",2
customers,1
can,1
buy,2
scoops,1
in,1
sweet,1
"cream,",6
passion,3
"fruit,",4
strawberry,1
and,1
pineapple,1
flavors.,0
Toppings,1
include,1
fresh,1
"fruit,",6
"honey,",4
chocolate,2
chips,1
and,1
granola.,0
Black,1
tea,2
and,2
coffee,1
are,1
also,1
on,1
sale.,0
The,1
"shop,",4
which,2
has,3
“ice,6
"cream,",6
"coffee,",6
dreams”,4
across,2
its,2
"signage,",2
is,1
milking,3
local,3
curiosity,2
about,2
the,2
dessert,2
–,2
and,2
“changing,4
lives”,4
in,2
the,2
"process,",2
says,1
Inzozi,3
Nziza's,3
"manager,",2
Louise,1
Ingabire.,0
“Ice,1
cream,1
is,1
"important,”",3
she,1
says,1
between,1
mouthfuls,1
of,1
a,1
honey-flavored,5
offering.,0
“Some,1
Rwandans,2
like,2
ice,2
"cream,",2
but,1
it's,2
a,1
new,1
thing.,0
We,1
still,1
have,2
some,2
work,2
to,2
"do,",2
to,1
tell,2
others,1
that,1
they'll,2
enjoy,1
it.”,0
True,2
to,2
Inzozi,4
Nziza's,5
"motto,",2
the,2
shop,1
can,1
certainly,1
make,2
dreams,1
come,1
true.,0
“I,1
didn't,2
have,3
a,3
job,2
before:,2
I,1
just,1
stayed,1
at,1
home.,0
"Now,",2
I,1
have,1
a,1
vision,1
for,1
the,1
future.,0
I,1
am,1
making,3
money,2
and,2
I,2
can,2
give,3
some,3
of,3
it,2
to,2
my,2
"family,”",3
says,1
the,1
27-year-old.,6
"Butare,",4
which,2
has,3
"89,600",3
residents,2
and,2
is,2
located,2
135km,5
south,2
of,2
the,2
"capital,",4
"Kigali,",2
is,1
the,1
home,1
of,1
the,1
National,1
University,1
of,1
Rwanda.,0
Inzozi,2
Nziza,1
has,1
become,1
a,1
hub,1
for,1
tired,1
students,1
looking,1
to,1
treat,2
themselves,1
to,1
something,1
cool,1
and,1
different.,0
“It's,2
something,2
uniting,3
people,2
"here,”",3
Kalisa,3
"Migendo,",4
a,2
24-year-old,14
agriculture,2
"student,",2
says.,0
“If,1
you,1
need,2
to,2
go,3
out,2
and,2
talk,2
to,2
a,2
"friend,",6
a,3
girl,2
or,2
a,2
"boy,",2
you,1
come,2
to,2
Inzozi,2
Nziza,1
for,1
an,1
ice,1
cream.”,0
Most,2
of,2
the,2
ingredients,1
are,1
sourced,2
locally,1
and,1
the,2
milk,1
comes,1
from,1
a,1
depot,1
in,1
nearby,1
Nyanza.,0
The,1
vanilla,1
beans,2
and,2
cocoa,1
are,1
imported.,0
Inzozi,2
Nziza,1
was,1
opened,1
by,1
the,1
theater,1
director,3
Odile,2
Gakire,1
Katese.,0
She,1
met,2
Alexis,4
Miesen,3
and,3
Jennie,3
"Dundas,",4
co-founders,2
of,2
Blue,2
Marble,2
Ice,2
Cream,2
in,2
"Brooklyn,",4
New,2
"York,",2
and,1
formed,2
a,2
partnership,2
with,2
them,1
to,1
open,2
the,2
shop,1
in,1
2010.,0
“An,1
ice-cream,5
"shop,",4
Katese,2
"proposed,",2
might,1
help,2
to,2
put,5
the,5
human,5
pieces,4
back,3
together,2
by,2
rebuilding,2
"spirits,",6
hopes,2
and,2
family,2
"traditions,”",3
Miesen,1
says.,0
At,1
the,1
"start,",2
Miesen,2
and,2
Dundas,1
owned,3
the,3
shop,2
in,2
partnership,2
with,2
its,2
staff,1
and,1
had,2
shares,1
in,1
the,1
"business,",2
which,1
is,1
a,1
cooperative,1
and,1
non-profit.,0
They,1
did,1
not,1
set,2
financial,2
"targets,",2
but,1
waited,2
for,2
18,2
months,1
before,1
they,1
transferred,2
their,2
shares,1
to,1
the,1
"women,",2
who,1
had,1
by,2
then,1
proved,1
their,1
business,1
credentials.,0
Though,1
ice,2
cream,1
is,1
somewhat,1
new,2
to,2
"Rwanda,",2
Ndangiza,1
is,1
enthused,1
by,1
the,1
idea,1
of,1
the,1
shop.,0
“I,1
think,1
it's,2
great.,0
It,1
requires,3
a,3
lot,3
of,3
skills,2
and,2
changing,2
people's,5
mindsets,1
because,1
selling,3
and,3
eating,2
ice,2
cream,1
is,1
not,1
part,1
of,1
Rwanda's,3
"culture"""".",0
The,1
Butare,1
shop,1
employs,1
nine,1
"women,",2
who,1
spend,2
their,2
spare,2
time,1
practicing,1
with,1
Ingoma,2
"Nshya,",2
Rwanda's,3
first,2
and,2
only,1
female,1
drumming,1
"troupe,",2
which,1
was,1
established,2
by,2
Katese,1
ten,2
years,1
ago.,0
The,1
musicians,1
are,1
Hutu,2
and,2
Tutsi,1
"women,",2
some,1
survivors,1
of,1
the,1
1994,1
"genocide,",2
during,2
which,1
almost,2
a,2
million,2
Tutsis,2
and,2
moderate,2
Hutus,1
were,1
killed.,0
Some,1
members,2
of,2
Ingoma,2
Nshya,1
are,1
"widows,",2
some,1
orphans.,0
Ingabire's,3
"father,",6
two,3
siblings,2
and,2
many,2
cousins,1
were,1
killed,1
in,1
the,1
genocide.,0
“Some,2
of,2
us,1
are,1
survivors;,4
some,2
know,2
someone,2
who,2
was,2
"killed,”",3
she,1
says.,0
“When,1
I'm,2
drumming,2
with,2
"them,",2
it,1
gives,3
me,2
power,1
because,1
we're,2
still,1
alive,1
and,1
survivors.”,0
The,1
popular,1
ice-cream,5
shop,1
features,1
in,1
a,1
documentary,1
by,1
Rob,2
and,2
Lisa,2
"Fruchtman,",2
sibling,1
film-,2
makers.,0
Sweet,1
"Dreams,",4
which,2
tells,2
the,2
story,2
of,2
how,2
the,3
women,2
have,2
forged,2
a,2
promising,2
post-,6
genocide,2
"future,",2
also,1
includes,1
the,1
female,1
drummers.,0
The,1
"film,",4
which,2
has,2
been,2
screened,2
in,2
more,4
than,3
a,3
dozen,2
"countries,",4
including,2
the,2
"US,",6
UK,2
and,2
several,2
African,2
"states,",2
premieres,2
in,2
Rwanda,1
in,1
2014.,0
“We,1
feel,2
the,3
film,2
is,2
about,2
"resilience,",10
"hope,",8
"bravery,",6
resourcefulness,2
and,2
the,2
ability,2
to,2
change,2
the,2
course,2
of,2
your,2
own,2
"life,”",3
says,1
Lisa,2
"Fruchtman,",2
who,1
won,2
an,2
Academy,2
Award,2
for,2
film-,4
editing,1
in,1
1984.,0
From,1
all,3
across,3
"Rwanda,",4
and,2
even,2
from,2
"Burundi,",2
people,1
are,1
coming,2
to,2
the,2
southern,2
town,2
of,2
Butare,1
to,1
a,1
little,1
shop,1
called,1
Inzozi,2
Nziza,1
(Sweet,2
Dreams).,0
They,1
come,1
for,1
a,1
taste,1
of,1
something,2
"new,",2
something,1
most,2
of,2
them,1
have,1
never,1
tasted,1
before,1
–,1
"sweet,",2
cold,1
ice,1
cream.,0
"Here,",2
at,2
the,3
central,3
African,3
country's,5
first,2
ice-cream,8
"shop,",2
customers,1
can,1
buy,2
ice,2
cream,1
in,1
sweet,1
"cream,",6
passion,3
"fruit,",4
strawberry,1
and,1
pineapple,1
flavors.,0
Toppings,1
include,1
fresh,1
"fruit,",6
"honey,",4
chocolate,2
chips,1
and,1
granola.,0
They,1
can,1
also,1
buy,1
black,1
tea,1
and,1
coffee.,0
The,1
"shop,",4
which,2
has,2
“ice,4
"cream,",8
"coffee,",6
dreams”,4
written,2
on,2
its,2
"signs,",2
is,1
taking,4
advantage,3
of,3
local,4
people's,7
curiosity,3
about,3
ice,3
cream,2
–,2
and,2
the,3
shop,2
is,2
also,2
“changing,4
"lives,”",3
says,1
Inzozi,3
Nziza's,3
"manager,",2
Louise,1
Ingabire.,0
“Ice,1
cream,1
is,1
"important,”",3
she,1
says,1
between,1
mouthfuls,1
of,1
honey-,4
flavored,1
ice,1
cream.,0
“Some,1
Rwandans,2
like,2
ice,2
"cream,",2
but,1
it's,2
a,1
new,1
thing.,0
We,1
still,1
have,2
some,2
work,2
to,2
"do,",2
to,1
tell,2
others,1
that,1
they'll,2
enjoy,1
it.”,0
The,1
shop,1
can,1
certainly,1
make,2
dreams,1
come,1
true.,0
“I,1
didn't,2
have,3
a,3
job,2
before:,2
I,1
just,1
stayed,1
at,1
home.,0
"Now,",2
I,1
have,1
a,1
vision,1
for,1
the,1
future.,0
I,1
am,1
making,3
money,2
and,2
I,2
can,2
give,3
some,3
of,3
it,2
to,2
my,2
"family,”",3
says,1
the,1
27-year-old.,6
Butare,1
has,2
"89,600",2
residents,1
and,1
is,1
135km,2
south,1
of,1
the,1
"capital,",2
Kigali.,0
It,1
is,1
the,1
home,1
of,1
the,1
National,1
University,1
of,1
Rwanda.,0
Inzozi,2
Nziza,1
has,1
become,1
a,1
meeting,1
place,1
for,1
students,1
who,1
want,1
to,1
treat,2
themselves,1
to,1
something,1
cool,1
and,1
different.,0
“The,1
shop,1
is,1
uniting,3
people,2
"here,”",3
Kalisa,3
"Migendo,",4
a,2
24-year-old,14
"student,",2
says.,0
“If,1
you,1
need,2
to,2
go,3
out,2
and,2
talk,2
to,2
a,2
"friend,",6
a,3
girl,2
or,2
a,2
"boy,",2
you,1
come,2
to,2
Inzozi,2
Nziza,1
for,1
an,1
ice,1
cream.”,0
Most,2
of,2
the,2
ingredients,1
are,1
from,1
local,1
sources,1
and,1
the,2
milk,1
comes,1
from,1
nearby,1
Nyanza.,0
The,1
vanilla,1
beans,2
and,2
cocoa,1
are,1
imported.,0
Inzozi,2
Nziza,1
was,1
opened,1
by,1
Odile,2
Gakire,1
Katese.,0
She,1
met,1
Alexis,3
Miesen,2
and,2
Jennie,2
"Dundas,",2
co-founders,1
of,1
Blue,1
Marble,1
Ice,1
Cream,1
in,1
"Brooklyn,",2
New,1
York.,0
The,1
three,1
women,1
formed,1
a,1
partnership,1
to,1
open,2
the,2
shop,1
in,1
2010.,0
At,1
the,1
"start,",2
Miesen,2
and,2
Dundas,1
owned,3
the,3
shop,2
in,2
partnership,2
with,2
its,2
employees,1
and,1
had,2
shares,1
in,1
the,1
"business,",2
which,1
is,1
a,1
cooperative.,0
After,1
18,1
"months,",2
they,1
gave,2
their,2
shares,1
to,1
the,1
women,1
"employees,",2
who,1
by,2
then,1
could,1
control,2
the,2
business,1
by,1
themselves.,0
Ice,1
cream,1
is,1
new,1
to,1
Rwanda.,0
Selling,3
and,3
eating,2
ice,2
cream,1
is,1
not,1
part,1
of,1
the,1
Rwandan,1
culture.,0
The,1
Butare,1
shop,1
employs,1
nine,1
women.,0
They,1
spend,2
their,2
free,2
time,1
practicing,1
with,1
Ingoma,2
"Nshya,",2
Rwanda's,3
first,2
and,2
only,1
female,1
drumming,1
group.,0
The,1
musicians,1
are,1
Hutu,1
and,1
Tutsi,1
women.,0
Some,1
are,1
survivors,2
of,2
the,2
1994,2
"genocide,",2
when,1
almost,2
a,2
million,2
Tutsis,2
and,2
Hutus,1
were,1
killed.,0
Some,1
members,2
of,2
Ingoma,2
Nshya,1
are,1
"widows,",2
some,1
orphans.,0
Ingabire's,3
"father,",6
two,3
siblings,2
and,2
many,2
cousins,1
were,1
killed,1
in,1
the,1
genocide.,0
“When,1
I'm,2
"drumming,",2
it,1
gives,4
me,3
power,2
because,2
we're,4
still,2
alive,2
and,2
"survivors,”",3
she,1
says.,0
The,1
ice-cream,5
shop,1
is,1
in,1
a,1
documentary,1
by,1
film-makers,4
Rob,1
and,1
Lisa,1
Fruchtman.,0
Sweet,1
"Dreams,",4
which,2
tells,2
the,2
story,2
of,2
how,2
the,3
women,2
have,2
made,3
a,3
positive,3
future,2
after,2
the,2
"genocide,",2
also,1
includes,1
the,1
female,1
drummers.,0
The,1
film,1
has,1
been,1
shown,1
in,1
many,1
"countries,",2
including,1
the,1
"US,",4
UK,1
and,1
several,1
African,1
states.,0
“We,1
feel,2
the,3
film,2
is,2
about,2
"hope,",6
bravery,2
and,2
the,2
ability,2
to,2
change,2
your,2
"life,”",3
says,1
Lisa,1
Fruchtman.,0
A,1
major,1
international,1
disagreement,2
with,2
wide-ranging,8
implications,2
for,2
global,2
drugs,2
policy,1
has,1
erupted,2
over,2
the,2
right,2
of,2
Bolivia's,5
indigenous,2
Indian,2
tribes,1
to,1
chew,1
coca,1
"leaves,",2
the,1
principal,1
ingredient,1
in,1
cocaine.,0
Bolivia,1
has,1
obtained,2
a,2
special,2
exemption,2
from,2
the,2
1961,2
Single,2
Convention,3
on,3
Narcotic,3
"Drugs,",4
the,2
framework,2
that,2
governs,2
international,2
drugs,2
"policy,",2
allowing,2
its,2
indigenous,2
people,1
to,1
chew,1
the,1
leaves.,0
Bolivia,1
had,1
argued,1
that,1
the,2
convention,1
was,1
in,1
opposition,1
to,1
its,1
new,1
"constitution,",4
adopted,2
in,2
"2009,",2
which,1
obliges,3
it,2
to,2
“protect,5
native,4
and,4
ancestral,3
coca,2
as,2
cultural,2
patrimony”,2
and,1
maintains,1
that,1
coca,2
“in,4
its,2
natural,2
state,1
...,1
is,1
not,1
a,1
dangerous,1
narcotic.”,0
South,1
American,1
Indians,1
have,1
chewed,2
coca,2
leaves,1
for,1
centuries.,0
The,1
leaves,1
reputedly,1
provide,2
energy,1
and,1
are,1
said,1
to,1
have,1
medicinal,1
qualities.,0
Supporters,2
of,2
Bolivia's,5
position,1
praised,2
it,1
for,1
doing,2
the,2
right,2
thing,1
by,1
defending,1
the,1
rights,1
of,1
indigenous,1
people.,0
“The,1
Bolivian,1
move,1
is,1
inspirational,2
and,2
"groundbreaking,”",3
said,1
Danny,2
"Kushlick,",2
Head,1
of,1
External,1
Affairs,1
at,1
the,1
Transform,1
Drug,2
Policy,1
"Foundation,",2
which,1
promotes,1
drug,1
liberalization.,0
“It,1
shows,1
that,1
any,2
country,2
that,2
has,2
had,2
enough,2
of,2
the,2
war,2
on,2
drugs,1
can,1
change,1
the,1
terms,1
of,1
its,1
engagement,1
with,1
the,1
UN,1
conventions.”,0
"However,",2
the,2
UN's,5
International,2
Narcotics,3
Control,2
Board,3
"(INCB),",9
which,2
monitors,2
implementation,2
of,2
the,2
global,2
drug,2
"treaties,",2
has,1
accused,2
Bolivia,1
of,1
threatening,1
the,1
integrity,1
of,1
the,1
international,1
drug,2
control,1
regime.,0
A,1
number,2
of,2
countries,2
–,2
including,2
the,2
"UK,",12
the,6
"US,",10
"Italy,",8
"Sweden,",6
the,3
Netherlands,2
and,2
Russia,1
–,1
opposed,1
Bolivia's,3
demands.,0
The,1
UK's,3
submission,2
to,2
the,2
"UN,",4
which,2
oversees,2
the,2
"convention,",2
told,3
the,3
UN,2
that,2
it,2
“acknowledges,5
and,3
respects,2
the,2
cultural,2
importance,2
of,2
the,2
coca,2
leaf,2
in,2
"Bolivia,”",3
but,1
it,1
adds:,2
“The,3
United,2
Kingdom,1
is,1
…,1
concerned,1
that,1
the,2
reservation,1
could,1
lead,1
to,1
increases,2
in,2
coca,2
production,1
and,1
–,1
most,2
importantly,1
–,1
the,1
amount,1
of,1
coca,1
diverted,1
to,1
the,1
cocaine,1
trade.,0
As,1
"such,",2
the,2
reservation,1
would,1
weaken,2
international,2
law,1
as,1
it,1
relates,2
to,2
the,2
global,2
effort,2
to,2
tackle,2
the,2
illegal,2
drugs,2
trade,1
and,1
could,1
weaken,1
the,2
international,2
community's,3
response,1
to,1
that,1
trade.”,0
The,1
right,2
of,2
indigenous,2
communities,2
in,2
South,3
America's,5
Andean,2
region,2
to,2
chew,2
coca,2
leaf,1
was,1
removed,3
in,3
1964,2
when,2
Bolivia,2
was,2
under,2
a,2
dictatorship,1
and,1
it,1
signed,2
up,1
to,1
the,1
convention.,0
But,1
Bolivia,1
was,1
given,2
25,2
years,1
to,1
implement,1
the,1
ban.,0
This,1
expired,2
in,2
1989,1
and,1
since,2
then,1
the,2
issue,1
has,1
been,1
under,1
dispute.,0
In,1
"2011,",2
Bolivia,1
formally,1
notified,1
the,1
UN,1
of,1
its,1
withdrawal,1
from,1
the,1
convention.,0
On,1
Friday,1
it,1
reacceded,2
to,2
the,2
"convention,",2
but,1
with,1
an,1
exemption,1
from,1
the,1
prohibition,1
on,1
the,1
chewing,1
of,1
coca,1
leaves.,0
The,1
move,1
is,1
the,1
first,3
of,3
its,3
kind,2
in,2
the,2
history,2
of,2
UN,2
drug-control,8
treaties,1
and,1
has,1
sparked,1
concerns,1
that,1
other,2
countries,1
may,1
apply,1
for,1
amendments.,0
Russia,1
has,1
argued,2
that,2
the,3
move,2
will,2
lead,2
to,2
“an,4
increase,2
in,2
illegal,2
circulation,2
of,2
cocaine”,2
and,1
warned,1
that,1
“it,2
also,1
sets,1
a,1
dangerous,1
precedent,1
that,1
could,1
be,1
used,2
by,2
other,2
states,1
in,1
creating,1
a,1
more,2
liberal,1
drug-control,5
regime.”,0
The,1
British,1
parliament,1
has,1
recommended,1
that,1
Bolivia's,5
request,1
should,1
be,1
backed,2
by,2
the,2
UK,2
"government,",2
arguing,1
that,1
it,1
was,1
important,1
that,1
countries,1
remained,1
within,1
the,1
single,1
convention.,0
Bolivia's,3
re-accession,1
could,1
be,1
blocked,1
only,1
if,1
a,2
third,3
or,3
more,2
of,2
the,2
184,2
countries,2
that,2
have,2
signed,3
up,2
to,2
the,2
convention,1
opposed,1
its,1
request.,0
There,1
are,1
suspicions,1
that,1
the,2
US,2
and,2
UK,1
are,1
frantically,1
lobbying,2
other,2
countries,1
to,1
gain,2
sufficient,2
numbers,1
to,1
block,1
Bolivia's,3
request.,0
Nancie,3
"Prud'homme,",4
of,2
the,2
International,2
Center,2
on,2
Human,2
Rights,2
and,2
Drug,2
"Policy,",2
criticized,1
the,1
co-ordinated,1
opposition,1
to,1
Bolivia's,3
demands.,0
“These,1
objections,1
are,1
legally,1
"questionable,”",3
she,1
said.,0
“They,1
support,2
an,2
arbitrary,3
and,3
over-broad,8
provision,1
and,1
apply,2
international,2
drug,2
laws,1
in,1
a,1
vacuum.,0
This,1
is,1
not,1
appropriate.,0
There,1
are,2
established,2
international,2
norms,2
on,2
cultural,3
and,3
indigenous,2
"rights,",2
so,1
we,1
should,1
support,1
Bolivia's,3
efforts.”,0
The,1
decision,2
to,2
ban,2
coca,2
chewing,1
was,1
based,1
on,1
a,1
1950,1
report,1
produced,1
by,1
the,1
UN,1
Commission,2
of,2
Inquiry,1
on,1
the,1
Coca,1
"Leaf,",2
which,2
proponents,3
of,3
drug,3
liberalization,2
say,1
was,1
not,1
based,1
on,1
supporting,1
evidence.,0
In,1
an,1
interview,2
in,2
"1949,",2
the,2
head,3
of,3
the,3
"Commission,",4
Howard,3
B,2
"Fonda,",2
signaled,2
his,2
opposition,2
to,2
the,2
chewing,2
of,2
coca,2
leaves,1
before,1
his,2
inquiry,1
had,1
begun.,0
Fonda,1
told,2
an,2
interviewer:,2
“We,2
believe,1
that,1
the,2
"daily,",4
inveterate,2
use,2
of,2
coca,2
leaves,2
by,2
chewing,1
…,1
is,1
thoroughly,1
noxious,1
and,1
therefore,1
detrimental.”,0
The,1
growing,2
of,2
coca,2
leaves,1
is,1
legal,1
and,1
licensed,1
in,1
Bolivia.,0
The,1
policy,1
has,1
been,1
credited,2
with,2
a,2
fall,2
in,2
cocaine,2
production,2
in,2
the,2
"country,",2
leading,2
some,2
experts,1
to,1
see,2
the,2
Bolivian,2
model,1
as,1
a,1
way,2
forward,1
for,1
other,1
countries.,0
A,1
big,1
international,1
disagreement,1
has,1
started,2
over,2
the,2
right,2
of,2
Bolivia's,5
indigenous,2
Indian,2
tribes,1
to,1
chew,1
coca,1
"leaves,",2
the,1
main,1
ingredient,1
in,1
cocaine.,0
This,1
could,1
have,1
a,1
significant,1
effect,1
on,1
global,1
drugs,1
policy.,0
Bolivia,1
has,1
received,1
a,1
special,1
exemption,1
from,1
the,1
1961,1
Convention,2
on,2
"Drugs,",2
the,1
agreement,1
that,1
controls,1
international,1
drugs,1
policy.,0
The,1
exemption,1
allows,2
Bolivia's,5
indigenous,2
people,1
to,1
chew,1
the,1
leaves.,0
Bolivia,1
said,1
that,1
the,2
convention,1
was,1
against,1
its,1
new,1
"constitution,",4
adopted,2
in,2
"2009,",2
which,1
says,1
it,1
must,1
“protect,4
native,4
and,4
ancestral,3
coca”,4
as,2
part,2
of,2
its,2
cultural,2
heritage,1
and,1
says,1
that,1
coca,2
“in,4
its,2
natural,2
state,1
...,1
is,1
not,1
a,1
dangerous,1
drug.”,0
South,1
American,1
Indians,1
have,1
chewed,2
coca,2
leaves,1
for,1
hundreds,1
of,1
years.,0
The,1
leaves,1
give,2
energy,1
and,1
have,1
medicinal,1
qualities.,0
People,2
who,2
support,2
Bolivia's,5
position,1
said,1
that,1
defending,2
the,2
rights,2
of,2
indigenous,2
people,1
was,1
the,1
right,1
thing,1
to,1
do.,0
“The,1
Bolivian,1
move,1
is,1
very,1
"important,”",3
said,1
Danny,2
"Kushlick,",2
of,1
the,1
Transform,1
Drug,2
Policy,1
Foundation.,0
“It,1
shows,1
that,1
any,2
country,2
that,2
doesn't,4
want,2
to,2
continue,2
the,2
war,2
on,2
drugs,1
can,1
change,2
its,2
relations,1
with,1
the,1
UN,1
conventions.”,0
But,1
the,2
UN's,5
International,2
Narcotics,3
Control,2
Board,3
"(INCB),",9
which,2
checks,2
global,2
drug,2
"agreements,",2
says,1
Bolivia,1
may,1
harm,1
international,1
drug,1
controls.,0
Many,1
countries,2
–,2
including,2
the,2
"UK,",12
the,6
"US,",10
"Italy,",8
"Sweden,",6
the,3
Netherlands,2
and,2
Russia,1
–,1
do,1
not,1
want,1
to,1
give,2
Bolivia,1
what,2
it,2
is,2
asking,1
for.,0
The,1
UK,1
told,3
the,3
UN,2
that,2
it,2
“respects,4
the,2
cultural,2
importance,2
of,2
the,2
coca,2
leaf,2
in,2
"Bolivia,”",3
but,1
it,1
adds:,2
“The,3
United,2
Kingdom,1
is,1
worried,1
that,1
the,2
exemption,1
could,1
lead,1
to,1
more,1
coca,1
production,1
and,1
–,1
most,2
importantly,1
–,1
more,1
coca,1
reaching,1
the,1
cocaine,1
trade.,0
The,1
exemption,1
would,1
make,2
it,1
more,1
difficult,1
to,1
control,1
the,1
illegal,1
drugs,1
trade.”,0
The,1
right,2
of,2
indigenous,2
people,2
in,2
South,3
America's,5
Andean,2
region,2
to,2
chew,2
coca,2
leaf,1
was,1
removed,3
in,3
1964,2
when,2
Bolivia,2
was,2
under,2
a,2
dictatorship,1
and,1
it,1
signed,1
the,1
convention.,0
In,1
"2011,",2
Bolivia,1
told,2
the,2
UN,1
that,1
it,1
did,1
not,1
want,1
to,1
be,1
part,2
of,2
the,2
convention,1
any,1
more.,0
It,1
is,1
now,1
part,3
of,3
the,3
convention,2
"again,",2
but,1
with,1
an,1
exemption,1
so,2
that,1
its,2
indigenous,2
people,1
can,1
continue,1
chewing,1
coca,1
leaves.,0
The,1
exemption,1
is,1
the,1
first,1
in,1
the,1
history,1
of,1
UN,1
drug-control,5
agreements.,0
It,1
has,1
led,1
to,1
worries,1
that,1
other,2
countries,1
may,1
also,1
ask,1
for,1
exemptions.,0
Russia,1
says,2
that,2
the,3
exemption,2
will,2
lead,2
to,2
more,2
illegal,2
cocaine,1
and,1
warns,1
that,1
“it,2
also,1
sets,1
a,1
dangerous,1
example,1
that,1
could,1
be,1
used,2
by,2
other,2
states,1
in,1
creating,1
a,1
more,2
liberal,1
drug-control,5
regime.”,0
The,1
British,1
parliament,1
has,1
recommended,1
that,1
the,2
UK,2
government,1
should,1
support,1
Bolivia's,3
request.,0
It,1
says,1
that,1
it,1
is,1
important,1
that,1
countries,1
stay,1
in,1
the,1
convention.,0
Bolivia's,3
return,1
could,1
be,1
blocked,1
only,1
if,1
a,2
third,3
or,3
more,2
of,2
the,2
184,2
countries,2
that,2
have,2
signed,2
the,2
convention,1
opposed,1
the,1
exemption.,0
Some,1
people,1
believe,1
that,1
the,2
US,2
and,2
UK,1
are,1
telling,2
other,2
countries,1
that,1
they,1
should,1
block,1
Bolivia's,3
request.,0
Nancie,3
"Prud'homme,",4
of,2
the,2
International,2
Center,2
on,2
Human,2
Rights,2
and,2
Drug,2
"Policy,",2
said,1
people,1
are,1
wrong,1
to,1
oppose,1
Bolivia's,3
request.,0
“These,1
objections,1
are,1
not,1
completely,1
"legal,”",3
she,1
said.,0
She,1
added,2
"that,",4
all,3
over,3
the,3
"world,",4
it,2
has,2
become,2
the,2
norm,2
to,2
support,2
cultural,3
and,3
indigenous,2
"rights,",2
so,1
we,1
should,1
support,1
Bolivia's,3
efforts.,0
The,1
decision,2
to,2
ban,2
coca,2
chewing,1
was,1
based,1
on,1
a,1
1950,1
report,1
by,1
the,1
UN.,0
Supporters,2
of,2
drug,2
liberalization,1
say,1
the,2
report,1
was,1
not,1
based,1
on,1
any,1
evidence.,0
It,1
is,1
legal,1
to,1
grow,2
coca,2
leaves,1
in,1
Bolivia.,0
As,1
a,1
"result,",2
cocaine,2
production,1
has,1
decreased,2
in,2
the,2
country,1
and,1
some,2
experts,1
see,2
Bolivia,1
as,1
a,1
model,1
for,1
other,1
countries.,0
"Crunchy,",4
full,2
of,2
protein,1
and,1
to,1
be,1
found,1
under,1
a,1
rock,1
near,1
you.,0
Insects,1
have,1
long,1
been,1
overlooked,3
as,3
food,2
in,2
all,2
but,2
a,2
handful,2
of,2
places,2
around,2
the,2
world,1
–,1
but,1
now,1
they,1
are,1
crawling,2
closer,2
and,2
closer,1
to,1
our,1
plates.,0
Spring,2
2013,1
will,1
see,1
a,1
drive,1
towards,1
removing,2
the,2
yuck,2
factor,1
and,1
putting,2
insects,1
not,1
just,1
on,1
experimental,1
gastronomic,1
menus,1
but,1
also,1
on,1
supermarket,1
shelves.,0
In,1
"April,",2
there,1
will,1
be,1
a,1
festival,2
in,2
"London,",4
Pestival,2
2013,1
–,1
a,1
Wellcome,2
Trust-backed,5
insect,2
appreciation,1
event,1
where,1
the,2
consumption,2
of,2
creepy-crawlies,5
comes,2
high,1
on,1
the,1
agenda.,0
It,1
will,1
feature,2
a,2
two-day,8
“pop-up”,12
restaurant,2
by,2
the,2
Nordic,2
Food,2
"Lab,",2
the,1
Scandinavian,1
team,2
behind,2
the,2
Danish,2
restaurant,2
"Noma,",2
which,1
brought,3
ants,2
to,2
the,2
table,1
for,1
a,1
sellout,1
ten-day,5
run,1
at,1
Claridge's,3
hotel,2
in,2
London,1
in,1
2012.,0
In,1
"March,",2
a,2
BBC,2
documentary,1
will,1
feature,1
food,1
writer,2
Stefan,2
Gates,1
searching,2
out,1
and,1
eating,1
deep-,4
fried,1
locusts,1
and,1
barbecued,1
tarantulas.,0
"But,",2
behind,2
all,2
the,2
gimmicks,2
and,2
jokes,2
about,2
flies,2
in,2
the,2
"soup,",2
there,1
is,1
a,1
deeply,2
serious,1
message.,0
Many,1
experts,1
believe,1
there,1
is,1
a,1
clear,1
environmental,1
benefit,1
to,1
humans,1
eating,1
creepy-crawlies.,2
The,1
UN's,3
Food,2
and,2
Agriculture,1
Organization,2
(FAO),4
has,1
been,1
funding,3
projects,2
since,2
2011,1
aimed,1
at,1
promoting,1
the,1
eating,2
and,2
farming,1
of,1
insects,2
in,2
south-east,8
Asia,2
and,2
"Africa,",2
where,1
an,2
estimated,2
two,3
billion,2
people,1
already,1
eat,2
insects,2
and,2
caterpillar,2
larvae,1
as,1
a,1
regular,1
part,1
of,1
their,1
diet.,0
In,1
"2012,",2
the,2
FAO,1
published,2
a,2
list,2
of,2
"1,909",2
edible,2
species,2
of,2
insect,1
"and,",2
with,2
sponsorship,2
from,2
the,2
Dutch,2
"government,",2
plans,2
a,2
major,2
international,2
conference,2
on,2
“this,4
valuable,2
food,2
source”,2
in,1
2013.,0
Over,1
the,1
next,1
30,1
"years,",2
the,2
planet's,5
human,2
population,1
will,1
increase,1
to,1
nine,1
billion.,0
Already,1
one,2
billion,2
people,1
do,1
not,1
get,1
enough,1
food.,0
The,1
increase,1
will,1
mean,1
more,1
pressure,1
on,1
agricultural,1
"land,",10
"water,",8
"forests,",6
fisheries,2
and,2
biodiversity,2
"resources,",2
as,3
well,2
as,1
nutrients,1
and,1
energy,1
supplies.,0
The,1
cost,2
of,2
meat,1
is,1
"rising,",2
not,1
just,1
in,1
terms,2
of,2
hard,2
cash,1
but,1
also,1
in,1
terms,1
of,1
the,1
amount,2
of,2
rainforest,1
that,1
is,1
destroyed,1
for,1
grazing,1
or,1
to,1
grow,2
feedstuff,1
for,1
cattle.,0
There,1
is,2
also,1
the,1
issue,1
of,1
methane,1
excreted,1
by,1
cows.,0
The,1
livestock,1
farming,1
"contribution,",4
in,2
terms,2
of,2
greenhouse,3
gas,2
"emissions,",2
is,1
enormous,1
–,1
35%,2
of,1
the,2
planet's,3
"methane,",4
65%,4
of,2
its,2
nitrous,2
oxide,1
and,1
9%,2
of,1
the,1
carbon,1
dioxide.,0
Edible,1
insects,1
emit,3
few,3
"gases,",4
contain,2
high-quality,8
"protein,",6
vitamins,2
and,2
amino,2
"acids,",2
and,1
have,2
a,2
high,2
food-conversion,8
"rate,",2
needing,2
a,2
quarter,3
of,3
the,3
food,3
intake,3
of,3
"sheep,",4
and,2
half,2
of,2
pigs,2
and,2
"chickens,",2
to,1
produce,1
the,1
same,1
amount,1
of,1
protein.,0
They,1
emit,2
fewer,2
greenhouse,2
gases,2
and,2
less,2
ammonia,2
than,2
cows,1
and,1
can,1
be,1
grown,1
on,1
organic,1
waste.,0
China,1
is,1
already,1
successfully,1
setting,2
up,1
huge,1
maggot,1
farms.,0
Zimbabwe,1
has,2
a,2
thriving,2
mapone,2
caterpillar,2
industry,1
and,1
Laos,1
was,1
given,3
nearly,3
"$500,000",5
by,2
the,2
FAO,1
to,1
develop,1
an,1
insect-harvesting,5
project.,0
It's,2
already,1
big,1
business,3
in,3
the,3
"UK,",4
though,2
not,2
always,2
official:,2
a,2
man,1
was,1
recently,1
detained,2
by,2
Gatwick,2
customs,1
as,1
he,1
stepped,3
off,3
a,3
flight,3
from,3
Burkina,3
Faso,2
with,2
94,2
kilos,2
of,2
"mapone,",2
worth,2
nearly,2
"£40,000,",4
in,1
his,1
luggage.,0
A,1
study,2
by,2
FoodServiceWarehouse.com,1
suggested,1
that,1
swapping,3
pork,3
and,3
beef,2
for,2
crickets,2
and,2
locusts,1
could,1
help,1
to,1
reduce,2
greenhouse,3
gas,2
emissions,1
by,1
as,2
much,2
as,1
95%.,1
In,1
the,1
"West,",2
people,1
do,1
not,1
usually,1
eat,1
insects.,0
But,1
in,2
some,2
parts,2
of,2
the,2
"world,",2
insects,1
are,1
an,1
important,1
food,1
and,1
in,2
spring,2
2013,1
there,1
will,1
be,1
an,1
effort,1
to,1
show,2
people,1
that,1
eating,2
insects,1
is,1
not,1
disgusting.,0
And,1
we,1
may,1
soon,1
be,1
able,1
to,1
buy,2
insects,1
in,1
supermarkets.,0
In,1
"April,",2
there,1
will,1
be,1
a,1
festival,2
in,2
"London,",4
Pestival,2
"2013,",2
where,1
there,1
will,1
be,1
a,1
discussion,1
about,1
the,1
question,1
of,1
eating,1
insects.,0
The,1
festival,1
will,1
include,1
a,1
restaurant,1
by,1
the,1
Nordic,1
Food,1
"Lab,",2
the,1
Scandinavian,1
team,1
behind,1
the,1
Danish,1
restaurant,2
"Noma,",2
which,1
brought,3
extremely,4
popular,3
insect,3
dishes,2
to,2
Claridge's,5
hotel,2
in,2
London,1
in,1
2012.,0
In,1
"March,",2
a,2
BBC,2
documentary,1
will,1
show,1
a,1
food,1
writer,1
eating,1
deep-fried,5
locusts,1
and,1
barbecued,1
spiders.,0
"But,",2
behind,2
all,2
the,2
jokes,1
there,1
is,1
a,1
very,2
serious,1
message.,0
Many,1
experts,1
believe,1
that,1
if,2
humans,2
eat,2
"insects,",2
it,1
will,1
be,1
very,1
good,1
for,1
the,1
environment.,0
The,1
UN's,3
Food,2
and,2
Agriculture,1
Organization,2
(FAO),4
gives,2
money,1
to,1
projects,1
that,1
show,2
people,1
they,1
can,1
eat,2
and,2
farm,2
insects,1
in,1
south-east,5
Asia,1
and,1
Africa.,0
In,1
these,1
places,1
about,2
two,2
billion,2
people,1
already,1
eat,2
insects,2
and,2
larvae,1
as,1
a,1
normal,1
part,1
of,1
their,1
diet.,0
In,1
"2012,",2
the,2
FAO,1
published,2
a,2
list,2
of,2
"1,909",2
edible,2
species,2
of,2
insect,1
and,1
plans,2
a,2
major,2
international,2
conference,2
on,2
“this,4
valuable,2
food,2
source”,2
in,1
2013.,0
In,1
the,1
next,1
30,1
"years,",2
the,2
planet's,5
human,2
population,1
will,1
increase,1
to,1
nine,1
billion.,0
Already,1
one,2
billion,2
people,1
do,1
not,1
get,1
enough,1
food.,0
The,1
increase,1
will,1
put,1
more,1
pressure,1
on,1
agricultural,1
"land,",10
"water,",8
"forests,",6
fisheries,2
and,2
"resources,",2
and,1
also,1
food,2
and,2
energy,1
supplies.,0
The,1
cost,2
of,2
meat,1
is,1
increasing,0
–,0
it,1
costs,3
more,3
money,2
"now,",2
but,1
also,1
people,1
have,1
to,1
destroy,2
a,2
lot,2
of,2
rainforest,1
to,1
make,2
fields,1
or,1
to,1
grow,2
food,1
for,1
cows.,0
Cows,1
also,1
make,1
methane.,0
The,1
farming,2
of,2
"cows,",6
pigs,2
and,2
sheep,1
makes,1
very,2
large,1
amounts,2
of,2
greenhouse,2
gases,1
–,1
35%,2
of,1
the,2
planet's,3
"methane,",4
65%,4
of,2
its,2
nitrous,2
oxide,1
and,1
9%,2
of,1
the,1
carbon,1
dioxide.,0
Edible,1
insects,1
make,4
few,4
"gases,",6
contain,3
high-quality,11
"protein,",8
vitamins,3
and,3
amino,3
"acids,",4
and,2
are,2
good,2
at,2
converting,2
food,1
-,1
they,1
only,1
need,1
a,1
quarter,1
of,1
the,1
food,1
that,2
sheep,2
need,1
to,1
make,1
the,1
same,1
amount,1
of,1
protein.,0
You,1
can,1
grow,2
them,1
on,1
organic,1
waste.,0
China,1
is,1
already,1
building,1
huge,1
maggot,1
farms.,0
Zimbabwe,1
is,1
growing,1
caterpillars,1
and,1
Laos,1
is,1
developing,1
an,1
insect-harvesting,5
project.,0
One,1
study,1
says,1
that,1
eating,3
crickets,3
and,3
"locusts,",4
and,2
not,2
eating,2
pork,2
and,2
"beef,",2
could,1
help,1
to,1
reduce,2
greenhouse,3
gas,2
emissions,1
by,1
up,2
to,1
95%.,1
The,1
Moroccan,1
city,2
of,2
Ouarzazate,1
is,1
used,1
to,1
big,1
productions.,0
It,1
is,1
on,1
the,1
edge,2
of,2
the,2
Sahara,2
Desert,1
and,1
at,1
the,1
center,1
of,1
Morocco's,3
“Ouallywood”,3
film,1
industry.,0
"Now,",2
the,2
trading,2
city,1
is,1
the,1
location,1
for,1
a,1
complex,2
of,2
four,2
linked,2
solar,2
"mega-plants,",6
"which,",2
alongside,2
hydro,2
and,2
"wind,",2
will,1
help,2
provide,4
nearly,4
half,4
of,4
Morocco's,9
electricity,3
from,3
renewables,2
by,2
2020,1
"with,",2
it,1
is,1
"hoped,",2
some,1
spare,1
to,1
export,1
to,1
Europe.,0
The,1
project,1
is,1
a,1
key,1
plank,1
in,1
Morocco's,3
ambitions,1
to,1
use,2
its,2
deserts,1
to,1
become,1
a,1
global,1
solar,1
superpower.,0
When,1
the,2
full,2
complex,1
is,1
"complete,",2
it,1
will,1
be,1
the,1
largest,1
concentrated,1
solar,1
power,1
plant,2
in,2
the,2
world,1
and,1
the,2
first,2
"phase,",4
called,2
Noor,1
"1,",2
will,1
go,2
live,1
in,1
November,1
2015.,0
The,1
mirror,1
technology,2
it,2
uses,1
is,1
less,1
widespread,2
and,2
more,2
expensive,2
than,2
the,2
photovoltaic,2
panels,2
that,2
are,2
now,2
familiar,3
on,3
roofs,2
the,3
world,2
over,1
but,1
it,1
will,1
have,1
the,1
advantage,1
of,1
being,1
able,1
to,1
continue,2
producing,2
power,1
even,1
after,1
the,2
sun,1
goes,1
down.,0
As,1
engineers,1
put,3
the,3
finishing,3
touches,2
to,2
Noor,1
"1,",2
its,2
"500,000",2
crescent-shaped,8
solar,2
mirrors,1
glitter,1
across,1
the,1
desert,1
skyline.,0
The,1
800,1
rows,1
follow,3
the,3
sun,2
as,2
it,2
tracks,2
across,2
the,2
"heavens,",2
whirring,3
quietly,2
every,2
few,2
minutes,1
as,1
their,2
shadows,1
slip,1
further,1
east.,0
When,1
they,1
are,1
"finished,",2
the,2
four,2
plants,2
at,2
Ouarzazate,1
will,1
occupy,2
a,2
space,2
as,2
big,2
as,2
Morocco's,5
capital,2
"city,",4
"Rabat,",2
and,1
generate,1
580,1
mega-watts,5
(MW),7
of,2
"electricity,",2
enough,1
to,1
power,1
a,1
million,1
homes.,0
The,1
potential,2
for,2
solar,2
power,2
from,2
the,2
desert,1
has,1
been,1
known,1
for,1
decades.,0
In,1
the,1
days,2
after,2
the,2
Chernobyl,2
nuclear,2
accident,2
in,2
"1986,",2
the,2
German,2
particle,2
physicist,2
Gerhard,2
Knies,1
calculated,1
that,1
the,2
world's,5
deserts,1
receive,3
enough,3
energy,2
in,2
a,2
few,2
hours,1
to,1
provide,2
for,2
humanity's,5
power,2
needs,1
for,1
a,1
whole,1
year.,0
The,1
"challenge,",2
"though,",2
has,1
been,1
capturing,2
that,2
energy,1
and,1
transporting,2
it,1
to,1
the,1
population,1
centers,1
where,1
it,1
is,1
required.,0
Experts,1
expect,1
that,1
solar,2
energy,1
will,1
make,4
up,3
a,3
third,3
of,3
Morocco's,7
renewable,3
energy,3
supply,2
by,2
"2020,",2
with,1
wind,2
and,2
hydro,1
taking,2
the,2
same,2
share,1
each.,0
“We,1
are,1
very,1
proud,2
of,2
this,2
"project,”",3
Morocco's,5
environment,2
"minister,",4
Hakima,3
el-Haite,5
said.,0
“I,1
think,1
it,1
is,1
the,1
most,2
important,1
solar,1
plant,1
in,1
the,1
world.”,0
Technicians,1
say,1
that,1
the,2
Noor,3
2,3
and,3
3,2
"plants,",4
due,3
to,2
open,2
in,2
"2017,",2
will,1
store,3
energy,2
for,2
up,4
to,3
eight,2
hours,1
–,1
opening,1
the,1
prospect,1
of,1
24/7,1
solar,1
energy,1
in,1
the,1
Sahara,1
and,1
the,1
surrounding,1
region.,0
"But,",2
even,2
as,2
the,3
first,3
phase,3
of,3
the,3
project,2
nears,2
"completion,",2
Morocco,1
is,1
eyeing,1
grander,1
international,1
ambitions.,0
“We,1
are,1
already,1
involved,3
in,3
high,4
tension,3
transportation,3
lines,2
to,2
cover,3
the,3
full,3
south,3
of,3
Morocco,3
and,3
Mauritania,2
as,2
a,2
first,2
"step,”",3
says,1
Ahmed,2
"Baroudi,",2
manager,1
of,1
the,1
national,1
renewable,1
energy,1
investment,1
company.,0
But,1
he,1
says,1
the,2
project's,5
ultimate,2
impact,1
will,1
go,2
far,2
wider,1
–,1
even,1
as,1
far,1
as,1
the,1
Middle,1
East.,0
Whether,1
that,2
ambition,1
is,1
achieved,1
remains,2
to,2
be,2
seen,1
but,1
exporting,2
solar,2
energy,1
could,1
have,2
stabilizing,2
effects,2
within,3
and,3
between,2
"countries,",2
according,2
to,1
the,1
Moroccan,1
solar,1
energy,1
agency,1
(Masen).,1
Talks,1
are,1
ongoing,2
with,2
Tunisia,1
and,2
energy,2
exports,2
northwards,2
across,2
the,2
Mediterranean,1
remain,1
a,1
key,1
goal.,0
“We,1
believe,3
that,3
it's,6
possible,3
to,3
export,4
energy,3
to,3
Europe,2
"but,",4
"first,",4
we,2
would,2
have,2
to,2
build,2
the,2
interconnectors,2
which,2
don't,4
yet,2
"exist,”",3
said,1
Maha,3
"el-Kadiri,",6
a,1
Masen,1
spokeswoman.,0
"“Specifically,",2
we,1
would,1
have,2
to,2
build,2
"interconnections,",4
which,2
would,2
not,2
go,2
through,2
the,2
existing,2
one,2
in,2
"Spain,",2
"and,",2
"then,",2
start,1
exporting.”,0
Spain,1
has,1
itself,1
prohibited,2
new,2
solar,2
projects,1
because,2
of,1
a,1
lack,1
of,1
interconnectors,1
to,1
transmit,2
the,2
energy,1
to,1
France.,0
In,1
the,1
"meantime,",2
Morocco,1
is,1
focused,1
on,1
using,2
solar,1
to,1
meet,1
its,1
own,1
needs,1
for,1
resource,1
independence.,0
This,1
"could,",2
one,2
"day,",2
include,2
the,2
removal,2
of,2
salt,2
from,2
sea,2
"water,",2
in,1
a,1
country,1
that,1
is,1
increasingly,1
being,1
hit,2
by,2
drought,1
as,1
the,2
climate,1
warms.,0
Officials,1
are,1
keenly,1
aware,1
of,1
the,1
running,1
they,1
are,1
making,1
in,1
what,1
is,1
the,1
most,2
advanced,1
renewable,1
energy,1
program,1
in,1
the,1
Middle,1
East,1
and,1
North,2
African,1
region.,0
“We,1
are,1
at,1
the,1
avant-garde,4
of,2
"solar,”",3
el-Kadiri,5
says.,0
The,1
Moroccan,1
city,2
of,2
Ouarzazate,1
is,1
on,1
the,1
edge,1
of,1
the,1
Sahara,1
Desert.,0
It,1
is,1
now,1
the,1
center,1
for,1
four,1
linked,1
solar,1
mega-plants.,2
The,1
"plants,",4
together,2
with,2
hydro,2
and,2
"wind,",2
will,1
give,3
"Morocco,",4
in,2
North,2
"Africa,",4
nearly,2
half,2
of,2
its,2
electricity,2
from,2
renewable,2
energy,1
by,1
2020.,0
The,1
project,1
is,1
a,1
key,1
part,1
of,1
Morocco's,3
plans,1
to,1
use,2
its,2
deserts,1
to,1
become,1
a,1
global,1
solar,1
superpower.,0
When,1
the,2
full,2
complex,1
is,1
"complete,",2
it,1
will,1
be,1
the,1
largest,1
concentrated,1
solar,1
power,1
plant,1
in,1
the,1
world.,0
The,1
first,1
"phase,",4
called,2
Noor,1
"1,",2
will,1
be,1
ready,1
in,1
November,1
2015.,0
The,1
mirror,1
technology,2
it,2
uses,1
is,1
more,1
expensive,2
than,2
the,2
solar,2
panels,2
that,2
we,2
can,2
see,3
on,3
roofs,2
all,2
over,2
the,2
world,1
but,1
it,1
will,1
be,1
able,1
to,1
produce,2
power,1
even,1
after,1
the,2
sun,1
goes,1
down.,0
At,1
Noor,2
"1,",2
there,1
are,1
"500,000",1
moon-shaped,5
solar,1
mirrors.,0
The,1
800,1
rows,2
of,2
mirrors,1
follow,2
the,2
sun,1
across,1
the,1
sky.,0
They,1
whir,2
quietly,1
every,1
few,1
minutes.,0
When,1
they,1
are,1
"finished,",2
the,2
four,2
plants,2
at,2
Ouarzazate,1
will,1
be,1
as,1
big,2
as,2
Morocco's,5
capital,2
"city,",4
"Rabat,",2
and,1
make,1
580,1
mega-watts,4
of,2
"electricity,",2
enough,1
for,1
a,2
million,1
homes.,0
People,1
have,1
known,2
for,2
many,2
years,1
that,1
the,2
desert,1
is,1
a,1
useful,1
place,1
to,1
produce,1
solar,1
energy.,0
In,1
"1986,",2
the,2
German,2
scientist,2
Gerhard,2
Knies,1
said,1
that,1
the,2
world's,5
deserts,1
receive,3
enough,3
energy,2
in,2
a,2
few,2
hours,1
to,1
make,3
power,2
for,2
all,2
the,2
people,2
in,2
the,2
world,1
for,1
a,1
whole,1
year.,0
But,1
the,2
challenge,1
is,1
to,1
capture,2
that,2
energy,1
and,1
take,2
it,1
to,1
where,1
it,1
is,1
needed.,0
Experts,1
say,1
that,1
solar,2
energy,1
will,1
make,3
up,2
a,2
third,2
of,2
Morocco's,5
renewable,2
energy,2
supply,1
by,1
2020.,0
Wind,2
and,2
hydro,1
will,1
make,2
up,1
the,1
other,1
two-thirds.,2
“We,1
are,1
very,1
proud,2
of,2
this,2
"project,”",3
Morocco's,5
environment,2
"minister,",4
Hakima,3
el-Haite,5
said.,0
“I,1
think,1
it,1
is,1
the,1
most,2
important,1
solar,1
plant,1
in,1
the,1
world.”,0
The,1
Noor,2
2,2
and,2
3,1
"plants,",4
which,2
are,2
planned,2
to,2
open,2
in,2
"2017,",2
will,1
store,2
energy,1
for,1
up,3
to,2
eight,1
hours.,0
This,1
will,1
mean,1
that,1
there,1
could,1
be,1
solar,1
energy,2
available,3
24/7,2
in,2
the,2
Sahara,1
and,1
the,1
rest,1
of,1
the,1
region.,0
“We,1
are,1
already,1
involved,3
in,3
transportation,3
lines,2
to,2
take,3
energy,2
to,2
the,2
south,2
of,2
Morocco,2
and,2
"Mauritania,”",3
says,1
Ahmed,2
"Baroudi,",2
manager,1
of,1
the,1
national,1
renewable,1
energy,1
investment,1
company.,0
But,1
he,1
says,1
the,2
project,1
will,1
go,2
further,1
–,1
even,1
as,1
far,1
as,1
the,1
Middle,1
East.,0
Exporting,2
solar,2
energy,1
could,1
have,2
stabilizing,2
effects,2
within,3
and,3
between,2
"countries,",2
according,2
to,1
the,1
Moroccan,1
solar,1
energy,1
agency,1
(Masen).,1
Morocco,1
is,1
making,2
plans,2
with,2
Tunisia,1
and,1
they,1
hope,1
to,1
export,4
energy,3
north,2
across,2
the,2
"Mediterranean,",2
too.,0
“We,1
believe,3
that,3
it's,6
possible,3
to,3
export,4
energy,3
to,3
Europe,2
"but,",4
"first,",4
we,2
have,2
to,2
build,2
the,2
"interconnectors,",4
which,2
don't,4
yet,2
"exist,”",3
said,1
Maha,3
"el-Kadiri,",6
a,1
Masen,1
spokeswoman.,0
Until,1
that,1
"time,",2
the,2
solar,2
energy,1
will,1
be,1
used,1
in,1
Morocco.,0
They,1
might,1
one,2
day,1
use,2
solar,2
energy,1
to,1
remove,2
salt,1
from,1
sea,1
water.,0
Officials,1
are,1
aware,1
this,1
is,1
the,1
most,2
advanced,1
renewable,1
energy,1
program,1
in,1
the,1
Middle,1
East,1
and,1
North,1
Africa.,0
“We,1
are,1
at,1
the,1
forefront,2
of,2
"solar,”",3
el-Kadiri,5
says.,0
Tigers,1
are,1
more,1
numerous,3
in,3
Nepal,2
than,2
at,2
any,2
time,2
since,2
the,2
"1970s,",2
a,2
new,2
census,1
has,1
"revealed,",2
giving,2
conservationists,1
hope,1
that,1
the,2
big,2
"cats,",4
whose,3
numbers,2
have,2
been,2
dropping,3
across,3
south,3
Asia,2
for,2
100,2
"years,",2
can,1
be,1
saved.,0
The,1
number,2
of,2
wild,2
royal,2
bengal,2
tigers,2
in,2
Nepal,1
has,1
increased,3
to,3
198,3
–,4
a,4
63.6%,7
rise,2
in,2
five,2
years,1
–,1
the,2
government,2
survey,1
showed.,0
“This,1
is,1
very,1
"encouraging,”",3
said,1
Maheshwar,2
"Dhakal,",2
an,1
ecologist,1
with,1
Nepal's,3
Department,1
of,1
National,1
Parks,1
and,1
Wildlife,1
Conservation.,0
The,1
census,1
is,1
based,1
on,1
the,1
examination,1
of,1
pictures,1
from,1
more,3
than,2
500,1
cameras,1
placed,1
in,1
five,1
protected,1
areas,1
and,1
three,1
wildlife,1
corridors.,0
More,2
than,1
250,1
conservationists,2
and,2
wildlife,2
experts,1
worked,1
on,1
the,1
"survey,",2
which,1
cost,1
about,1
"£250,000.",1
Increasing,1
prosperity,2
in,2
Asia,1
has,1
pushed,2
up,1
prices,1
for,1
tiger,1
skins,1
and,1
the,1
body,1
parts,1
used,1
in,1
traditional,1
Chinese,1
medicines.,0
International,1
gangs,1
pay,2
poor,2
local,2
Nepali,2
significant,2
sums,1
to,1
kill,1
the,1
cats.,0
The,1
skin,2
and,2
bones,1
are,1
handed,1
to,1
"middlemen,",2
who,1
pass,2
easily,1
through,1
the,1
porous,1
border,2
to,2
"India,",2
where,1
the,2
major,2
dealers,1
are,1
based.,0
One,1
major,1
problem,1
is,1
complicity,1
between,1
senior,1
officials,1
and,1
mafia,1
networks,1
involved,1
in,1
the,1
trade.,0
Conservation,1
experts,1
credit,1
the,1
increase,2
in,2
numbers,1
to,1
the,1
effective,1
policing,1
of,1
national,1
"parks,",4
stronger,2
anti-poaching,2
drives,1
and,1
better,1
management,1
of,1
tiger,1
habitats,2
in,2
"Nepal,",2
where,1
forests,1
cover,1
29%,2
of,1
the,1
land.,0
But,1
they,1
say,1
Nepal,1
needs,1
to,1
do,2
more,1
to,1
protect,2
the,2
habitat,3
and,3
animals,2
on,3
which,2
tigers,2
prey,1
so,1
the,2
big,2
cats,1
have,1
enough,1
space,1
to,1
roam,2
and,2
food,1
to,1
eat.,0
As,1
the,2
number,2
of,2
tigers,1
has,1
increased,2
over,2
the,2
"years,",2
so,1
have,1
incidents,1
of,1
conflict,1
with,1
villagers.,0
Seven,1
people,1
were,1
killed,4
in,4
attacks,4
by,4
tigers,4
around,4
national,4
parks,3
in,3
2012,2
compared,3
to,3
four,2
in,2
"2011,",2
park,2
officials,1
said.,0
Villagers,1
are,1
also,1
seeking,1
better,1
protection.”,0
The,1
government,1
is,1
making,2
conservation,2
plans,1
for,1
tigers.,0
But,1
it,1
should,1
also,1
come,3
up,2
with,2
plans,2
to,2
protect,3
people,2
from,2
"tigers,”",3
Krishna,3
"Bhurtel,",4
a,2
local,2
village,2
headman,2
in,2
"Chitwan,",2
told,1
Nepali,1
newspaper,1
Nagarik.,0
Wildlife,1
authorities,1
captured,3
a,3
tiger,2
in,2
Chitwan,1
after,1
it,1
killed,1
two,1
"people,",2
including,1
a,1
villager,1
who,1
was,1
pulled,2
from,2
his,2
bed,1
in,1
May.,0
Thousands,2
of,2
tigers,1
once,1
roamed,1
the,1
forests,1
in,1
"Bangladesh,",4
India,1
and,1
Nepal.,0
But,1
their,2
numbers,1
have,1
dropped,2
to,2
about,2
"3,000,",2
a,1
95%,3
drop,1
over,1
a,1
century.,0
Chitwan,1
National,1
Park,2
in,2
central,2
Nepal,1
has,2
the,2
highest,2
number,3
of,3
adult,3
"tigers,",4
with,2
"120,",2
followed,1
by,1
Bardiya,1
National,1
Park,2
(50),4
and,1
Shukla,1
Phanta,1
Wildlife,1
Reserve,0
(17).,0
Dhakal,1
said,2
that,2
a,3
parallel,3
survey,2
was,2
conducted,2
in,2
India,1
and,1
the,2
results,2
from,2
both,2
countries,1
will,1
be,1
published,2
later,1
in,1
2013.,0
“It,1
will,1
take,2
a,2
few,2
more,2
months,2
for,2
"India,",4
which,2
now,2
has,4
"1,300",4
big,4
cats,3
in,3
several,3
huge,3
protected,3
"areas,",4
to,2
finalize,2
the,2
"data,”",3
he,1
added.,0
Nepal,1
has,1
pledged,1
to,1
double,5
its,5
own,5
population,5
of,5
tigers,4
by,4
the,4
year,4
2022,3
from,3
121,2
in,2
2009,1
when,1
the,2
last,2
systematic,2
tiger,2
count,1
took,1
place.,0
Diwakar,3
"Chapagain,",4
who,2
heads,2
a,2
World,3
Wildlife,3
Fund,2
Nepal,2
unit,2
that,2
monitors,2
wildlife,2
"trade,",2
said,1
tiger,2
skins,1
were,1
in,1
demand,2
in,2
"Tibet,",2
where,1
well-heeled,6
people,1
use,2
them,1
as,1
festival,1
costumes.,0
In,1
"Nepal,",2
kings,1
used,1
to,1
stand,2
on,2
tiger,2
skins,1
for,1
special,1
occasions.,0
Some,1
affluent,1
Nepali,1
have,1
mounted,2
tiger,2
heads,1
on,1
the,1
walls,1
of,1
their,1
living,1
rooms.,0
Tiger,1
bones,1
are,1
in,1
high,1
demand,1
for,1
use,1
in,1
traditional,1
Chinese,1
medicines.”,0
The,1
trade,2
in,2
tiger,2
parts,1
is,1
lucrative,2
and,2
fetches,3
thousands,3
of,3
dollars,2
in,2
illegal,2
"markets,”",3
Chapagain,1
said.,0
According,2
to,1
a,1
new,1
"survey,",2
there,1
are,2
more,2
tigers,2
in,2
Nepal,1
than,1
at,1
any,1
time,1
since,1
the,1
1970s.,0
The,1
number,2
of,2
big,2
cats,1
has,1
been,1
decreasing,3
in,3
south,3
Asia,2
for,2
100,2
"years,",2
but,1
conservationists,1
now,1
hope,1
that,1
we,1
can,1
save,1
them.,0
The,1
number,2
of,2
wild,2
royal,2
bengal,2
tigers,2
in,2
Nepal,1
has,1
increased,3
to,3
198,3
–,4
a,4
63.6%,7
increase,2
in,2
five,2
years,1
–,1
the,2
survey,1
showed.,0
“This,1
is,1
very,2
good,1
"news,”",3
said,1
Maheshwar,2
"Dhakal,",2
an,1
ecologist,1
with,1
Nepal's,3
Department,1
of,1
National,1
Parks,1
and,1
Wildlife,1
Conservation.,0
The,1
survey,1
looked,1
at,1
pictures,1
from,1
more,3
than,2
500,1
cameras,1
in,1
five,1
protected,1
areas,1
and,1
three,1
wildlife,1
corridors.,0
More,2
than,1
250,1
conservationists,2
and,2
wildlife,2
experts,1
worked,1
on,1
the,1
"survey,",2
which,1
cost,1
about,1
"£250,000.",1
Some,1
rich,1
people,1
want,1
tiger,1
skins.,0
Tiger,1
body,1
parts,1
are,1
used,1
in,1
traditional,1
Chinese,1
medicine.,0
International,1
gangs,1
pay,3
poor,3
local,3
Nepali,3
people,2
large,2
amounts,2
of,2
money,1
to,1
kill,1
the,1
cats.,0
The,1
skin,2
and,2
bones,1
are,1
taken,2
through,2
the,2
border,1
to,1
"India,",2
where,1
the,2
big,2
dealers,1
are.,0
One,1
big,1
problem,1
is,1
that,1
some,2
senior,2
officials,1
help,1
the,1
mafia,1
who,1
are,1
involved,1
in,1
the,1
illegal,1
buying,1
and,1
selling.,0
Conservation,1
experts,1
believe,1
that,1
tiger,2
numbers,1
have,1
increased,2
because,2
the,3
police,2
are,2
controlling,3
national,3
parks,2
"better,",2
and,1
because,1
there,1
is,2
now,1
better,1
management,1
of,1
tiger,1
habitats,2
in,2
"Nepal,",2
where,1
forests,1
cover,1
29%,2
of,1
the,1
land.,0
But,1
they,1
say,1
Nepal,1
must,1
do,3
more,2
to,2
protect,2
the,2
habitat,3
and,3
animals,2
that,2
tigers,2
eat,1
so,1
the,2
big,2
cats,1
have,1
enough,1
space,1
to,1
move,2
around,2
and,2
food,1
to,1
eat.,0
The,1
number,2
of,2
tigers,1
has,1
increased,1
but,1
attacks,2
on,2
villagers,1
have,1
"increased,",2
too.,0
Seven,1
people,1
were,1
killed,4
in,4
attacks,4
by,4
tigers,4
around,4
national,4
parks,3
in,3
2012,2
compared,3
to,3
four,2
in,2
"2011,",2
park,2
officials,1
said.,0
Villagers,1
also,1
want,1
better,1
protection.,0
“The,1
government,1
is,1
making,2
conservation,2
plans,1
for,1
tigers.,0
But,1
it,1
should,1
also,1
make,2
plans,2
to,2
protect,3
people,2
from,2
"tigers,”",3
Krishna,3
"Bhurtel,",4
a,2
village,2
"leader,",2
told,1
a,1
Nepali,1
newspaper.,0
"Recently,",2
a,2
tiger,1
was,1
captured,1
after,1
it,1
killed,1
two,1
"people,",2
including,1
a,1
villager,1
who,1
was,1
pulled,2
from,2
his,2
bed,1
in,1
May.,0
Thousands,2
of,2
tigers,1
used,1
to,1
live,1
in,1
the,1
forests,1
in,1
"Bangladesh,",4
India,1
and,1
Nepal.,0
But,1
their,2
numbers,1
have,1
decreased,2
to,2
about,2
"3,000,",2
a,1
95%,3
decrease,1
in,1
one,2
hundred,1
years.,0
Chitwan,1
National,1
Park,2
in,2
central,2
Nepal,1
has,2
the,2
most,3
adult,2
"tigers,",4
with,2
"120,",2
followed,1
by,1
Bardiya,1
National,1
Park,2
(50),4
and,1
Shukla,1
Phanta,1
Wildlife,1
Reserve,0
(17).,0
Dhakal,1
said,2
that,2
there,2
was,2
a,2
similar,2
survey,2
in,2
India,1
and,1
the,2
results,2
from,2
both,2
countries,1
will,1
be,1
published,2
later,1
in,1
2013.,0
“It,1
will,1
take,2
a,2
few,2
more,2
months,2
for,2
"India,",4
which,2
now,2
has,4
"1,300",4
big,4
cats,3
in,3
several,3
huge,3
protected,3
"areas,",4
to,2
finish,2
the,2
"survey,”",3
he,1
added.,0
Nepal,1
says,1
it,1
will,1
double,4
its,4
own,4
population,4
of,4
tigers,3
by,3
the,3
year,3
2022,2
from,2
121,2
in,2
2009,1
to,1
242.,0
Diwakar,2
Chapagain,1
said,1
tiger,2
skins,1
are,1
popular,1
in,1
"Tibet,",2
where,1
rich,2
people,1
use,2
them,1
as,1
festival,1
costumes.,0
In,1
"Nepal,",2
kings,1
used,1
to,1
stand,2
on,2
tiger,2
skins,1
for,1
special,1
occasions.,0
Some,1
rich,1
Nepali,1
have,2
tiger,2
heads,1
on,1
the,1
walls,1
of,1
their,1
living,1
rooms.,0
Tiger,1
bones,1
are,1
in,1
high,1
demand,1
for,1
use,1
in,1
traditional,1
Chinese,1
medicine.,0
Chapagain,1
said,1
people,1
can,1
make,1
a,1
lot,1
of,1
money,1
selling,2
tiger,2
skins,2
and,2
bones,1
illegally.,0
On,1
Black,1
"Fell,",2
looking,3
down,2
on,2
Northumberland's,5
beautiful,2
Kielder,3
Water,2
"reservoir,",2
a,2
group,2
of,2
people,1
wait,3
in,3
a,3
car,3
park,2
next,1
to,1
a,1
strange,1
wooden,1
building,1
with,1
a,1
minimalist,1
design,1
beamed,2
down,1
from,1
the,1
future.,0
This,1
is,1
Kielder,1
"Observatory,",2
the,1
center,1
of,1
Britain's,3
nascent,1
astrotourism,1
industry.,0
And,1
those,2
waiting,2
outside,1
were,1
the,1
lucky,1
ones.,0
Many,1
more,1
had,1
applied,2
for,2
a,2
night,2
of,2
stargazing,2
at,2
the,2
observatory,1
but,1
numbers,1
are,1
strictly,1
limited.,0
"Inside,",2
next,2
to,2
a,2
woodburner,2
and,2
under,2
dimmed,2
"lights,",2
the,2
observatory's,5
founder,4
and,4
lead,4
"astronomer,",6
Gary,3
"Fildes,",4
a,2
former,2
bricklayer,2
with,2
Tarzan,2
"hair,",2
delivers,2
a,2
pep,2
talk,1
to,1
his,1
colleagues.,0
The,1
team,1
discusses,2
the,2
prospect,2
of,2
seeing,2
the,2
northern,2
lights,1
but,1
Fildes,1
is,1
doubtful.,0
"Instead,",2
they,1
decide,1
to,1
train,3
their,3
powerful,3
telescopes,2
on,2
Jupiter,2
and,2
Venus,1
and,1
later,1
to,1
pick,2
out,1
stars,1
such,2
as,1
Capella,1
and,1
Betelgeuse.,0
An,1
additional,1
attraction,1
is,1
the,1
appearance,1
of,1
the,1
International,1
Space,1
Station.,0
"“Remember,”",3
Fildes,1
tells,2
his,2
"team,",2
“it's,3
about,1
"interaction,",4
it's,4
about,2
"entertainment,",2
it's,2
about,1
inspiring,1
people.”,0
"Fildes,",4
"49,",2
is,1
at,1
the,1
forefront,1
of,1
the,2
UK's,3
burgeoning,1
astrotourism,1
industry.,0
The,1
pivotal,1
moment,2
for,2
Northumberland,1
came,2
in,2
2013,1
when,1
the,2
entire,2
national,3
park,3
housing,2
Hadrian's,5
"Wall,",4
along,2
with,2
Kielder,2
Water,3
and,3
Forest,3
"Park,",4
some,2
"1,500",2
square,2
"kilometers,",2
was,1
awarded,1
Dark,2
Sky,2
Park,1
"status,",2
the,1
only,1
one,1
in,1
England.,0
Dark,1
Sky,1
Parks,1
are,1
rare.,0
The,1
2013,1
Star,1
Count,1
revealed,1
that,1
only,2
5%,4
of,2
the,2
UK,2
population,1
can,1
see,2
more,4
than,3
31,2
stars,1
on,1
a,1
good,1
night.,0
The,1
"Tucson,",2
Arizona-based,5
International,1
Dark-Sky,5
Association,2
(IDA),4
confers,2
the,2
status,1
only,1
on,1
places,1
that,1
take,2
major,2
steps,1
to,1
avoid,1
light,1
pollution.,0
Recipients,1
must,1
also,1
prove,1
their,2
night,2
skies,1
are,1
sufficiently,1
dark.,0
In,1
Northumberland,1
Dark,1
Sky,1
"Park,",2
as,2
the,3
area,2
was,2
"rebadged,",2
it,1
is,1
so,1
dark,1
that,1
Venus,1
casts,2
a,2
shadow,1
on,1
the,1
Earth.,0
Duncan,3
"Wise,",4
visitor,2
development,2
officer,2
for,2
the,2
Northumberland,2
National,3
Park,2
"Authority,",2
helped,1
to,1
spearhead,1
the,1
campaign,1
for,1
dark-sky,5
status.,0
“We,1
tend,2
to,2
look,3
at,3
landscape,2
as,2
everything,3
up,2
to,2
the,2
"horizon,”",3
Wise,1
said.,0
“But,1
what,2
about,2
what's,2
above,1
it?”,0
Wise,2
and,2
others,1
spent,1
years,1
drawing,4
up,3
their,3
submission,2
to,2
the,2
"IDA,",2
collecting,2
reams,2
of,2
light,2
readings,1
and,1
forming,2
an,2
alliance,2
of,2
local,2
"councils,",6
parks',7
bodies,2
and,2
community,2
groups,1
to,1
produce,1
an,1
exterior,1
lighting,1
master,1
plan,1
that,1
influences,1
the,1
construction,1
of,1
new,1
developments,1
in,1
the,1
area.,0
Their,1
efforts,1
have,1
been,1
vindicated.,0
Many,2
of,2
the,2
1.5,2
million,2
who,2
visit,3
Northumberland,2
each,2
year,1
are,1
now,1
aware,1
of,1
its,1
Dark,1
Sky,1
status.,0
“We,1
get,2
a,2
lot,2
of,2
people,2
coming,3
here,2
to,2
see,3
the,3
sky,2
"now,”",3
says,1
the,1
man,1
at,1
the,1
car-hire,5
firm,1
in,1
Newcastle.,0
“They,1
come,2
in,2
autumn,2
and,2
"winter,",2
when,1
it's,2
darkest.,0
Good,2
for,2
the,2
local,2
hotels,1
as,1
they,1
get,3
business,2
all,3
year,2
round,1
now.”,0
Wise,1
acknowledges,2
that,2
Northumberland,2
needs,2
to,2
do,3
more,2
to,2
capitalize,2
on,2
its,2
scarce,2
resource,1
and,1
believes,1
the,2
region,1
needs,2
a,3
couple,3
more,2
observatories,1
to,1
ensure,1
that,1
visitors,1
will,1
see,1
what,1
they,1
came,1
for.,0
A,1
£14m,4
national,1
landscape,1
discovery,1
"center,",4
which,2
he,2
describes,2
as,2
the,3
north's,5
answer,2
to,2
the,2
Eden,2
"Project,",2
will,1
have,2
an,2
observatory,1
when,1
it,1
is,1
completed,1
in,1
a,1
couple,1
of,1
years.,0
Fildes,1
has,1
grand,1
designs.,0
He,1
is,1
planning,3
Britain's,7
first,3
"“astrovillage,”",9
one,2
that,2
would,2
house,3
the,3
largest,3
public,3
observatory,2
in,2
the,2
world,1
and,1
boast,1
a,1
100-seat,5
"auditorium,",6
a,3
100-seat,11
"planetarium,",4
a,2
one-meter,8
aperture,2
"telescope,",2
and,1
radiomagnetic,2
and,2
solar,1
telescopes.,0
The,1
multimillion-pound,5
project,1
would,1
feature,2
a,2
hotel,1
and,1
draw,3
in,3
"100,000",3
people,2
a,2
"year,",2
four,2
times,1
the,1
number,1
currently,1
able,1
to,1
use,1
the,1
observatory.,0
Fildes,1
is,1
cryptic,2
about,2
his,2
backers,1
but,1
believes,1
the,2
astrovillage,1
will,1
be,1
a,1
reality,1
by,1
2018.,0
"However,",2
Northumberland,1
faces,1
competition.,0
Galloway,1
Forest,1
Park,2
in,2
Scotland,1
also,1
has,1
Dark,2
Sky,2
Park,1
status.,0
Since,1
Exmoor,1
was,1
designated,3
Europe's,7
first,3
International,3
Dark,3
Sky,3
Reserve,3
–,3
one,3
notch,3
below,3
Dark,3
Sky,3
Park,2
–,2
in,2
"2011,",2
a,2
range,2
of,2
local,2
businesses,2
offering,2
stargazing,2
breaks,2
and,2
safaris,1
has,1
sprung,1
up.,0
The,1
UK,1
will,1
have,1
to,1
go,2
some,2
way,1
to,1
eclipse,1
northern,1
"Chile,",2
which,1
boasts,2
more,4
than,3
a,3
dozen,2
tourist,2
observatories,1
and,1
has,1
some,1
of,1
the,1
clearest,1
skies,1
in,1
the,1
world.,0
The,1
Teide,1
National,1
Park,2
in,2
Tenerife,1
is,1
also,1
becoming,1
a,1
major,1
astrotourism,1
destination.,0
"So,",2
what,1
is,1
driving,1
the,1
desire,1
to,1
look,1
upwards?,0
The,1
media,1
have,1
helped.,0
TV,1
presenters,2
like,2
Brian,2
Cox,1
have,1
attracted,1
a,1
new,1
generation,1
of,1
stargazers.,0
Technology,1
has,1
also,1
played,1
a,1
part.,0
Apps,2
such,3
as,2
Stellarium,1
now,1
turn,2
smartphones,1
into,1
pocket-size,5
planetariums.,0
"Ultimately,",2
"though,",2
Fildes,1
believes,1
people,1
are,1
starting,1
to,1
appreciate,1
what,1
lies,1
above.,0
On,1
the,1
top,2
of,2
a,2
"hill,",2
above,2
Northumberland's,5
beautiful,2
Kielder,3
Water,2
"lake,",2
a,2
group,2
of,2
people,1
are,1
waiting,3
in,3
a,3
car,3
park,2
next,1
to,1
a,1
strange,1
wooden,1
building.,0
They,1
are,1
here,2
because,3
of,2
the,2
darkness,1
and,1
this,1
is,1
Kielder,1
"Observatory,",2
the,1
center,1
of,1
Britain's,5
latest,2
industry,1
–,1
astrotourism.,0
The,1
people,2
who,2
are,2
waiting,2
outside,1
are,1
lucky.,0
Many,1
more,1
people,1
apply,2
for,2
a,2
night,3
of,3
stargazing,2
at,2
the,2
observatory,1
but,1
not,1
everyone,1
can,1
come,1
because,1
numbers,1
are,1
strictly,1
limited.,0
"Inside,",2
the,2
observatory's,5
founder,3
and,3
lead,3
"astronomer,",4
Gary,2
"Fildes,",2
speaks,1
to,1
his,1
colleagues.,0
The,1
team,1
discusses,2
that,2
they,2
might,2
see,2
the,2
northern,2
lights,1
but,1
Fildes,1
doesn't,2
think,1
they,1
will.,0
"Instead,",2
they,1
decide,1
to,1
use,2
their,2
powerful,2
telescopes,1
to,1
look,2
at,2
Jupiter,2
and,2
Venus,1
"and,",2
"later,",2
to,1
find,1
stars,1
such,2
as,1
Capella,1
and,1
Betelgeuse.,0
An,1
extra,1
attraction,1
is,1
the,1
appearance,1
of,1
the,1
International,1
Space,1
Station.,0
Fildes,1
is,1
a,1
leading,1
figure,1
in,1
the,2
UK's,3
growing,1
astrotourism,1
industry.,0
The,1
key,1
moment,2
for,2
Northumberland,1
came,2
in,2
2013,1
when,1
the,2
entire,2
national,2
"park,",4
about,3
"1,500",2
square,2
kilometers,2
in,2
"area,",2
got,1
Dark,2
Sky,2
Park,1
status.,0
It,1
is,1
the,1
only,1
one,1
in,1
England.,0
Dark,1
Sky,1
Parks,1
are,1
rare.,0
The,1
2013,1
Star,1
Count,1
showed,1
that,1
only,2
5%,4
of,2
the,2
UK,2
population,1
can,1
see,2
more,4
than,3
31,2
stars,1
on,1
a,1
clear,1
night.,0
The,1
International,1
Dark-Sky,5
Association,2
(IDA),4
gives,2
the,2
status,2
of,2
Dark,2
Sky,2
Park,1
only,1
to,1
places,1
that,1
take,2
big,2
steps,1
to,1
prevent,1
light,1
pollution.,0
The,1
areas,1
must,1
also,1
prove,1
their,2
night,2
skies,1
are,1
very,1
dark.,0
In,1
Northumberland,1
Dark,1
Sky,1
"Park,",2
it,1
is,1
so,1
dark,1
that,1
Venus,1
casts,2
a,2
shadow,1
on,1
the,1
Earth.,0
Duncan,3
"Wise,",4
visitor,2
development,2
officer,2
for,2
the,2
Northumberland,2
National,2
"Park,",2
helped,1
to,1
lead,2
the,2
campaign,1
for,1
dark-sky,5
status.,0
“We,1
usually,1
think,2
that,2
'landscape',6
is,2
everything,3
up,2
to,2
the,2
"horizon,”",3
Wise,1
said.,0
“But,1
what,2
about,2
what's,2
above,1
the,1
horizon?”,0
Wise,2
and,2
others,1
spent,2
years,2
preparing,3
their,3
application,2
to,2
the,2
IDA,1
–,1
they,1
collected,1
thousands,1
of,1
light,1
readings.,0
Because,2
of,1
their,1
hard,1
"work,",2
many,2
of,2
the,2
1.5,3
million,2
tourists,2
who,2
visit,3
Northumberland,2
each,2
year,1
are,1
now,1
aware,1
of,1
its,1
Dark,1
Sky,1
status.,0
“A,1
lot,2
of,2
people,1
come,3
here,2
to,2
see,3
the,3
sky,2
"now,”",3
says,1
a,1
man,1
who,1
works,1
for,1
a,1
local,1
car-hire,5
company.,0
“They,1
come,2
in,2
autumn,2
and,2
"winter,",2
when,1
it's,2
darkest.,0
It's,2
good,2
for,2
the,2
local,2
hotels,1
because,1
tourists,1
come,2
all,3
year,2
round,1
now.”,0
Wise,1
agrees,1
that,1
Northumberland,1
needs,1
to,1
do,2
more,1
to,1
take,1
advantage,1
of,1
its,1
dark,1
"skies,",2
which,1
are,1
very,1
rare.,0
He,1
believes,1
the,2
region,1
needs,2
more,2
observatories,1
to,1
make,1
sure,1
that,1
visitors,1
will,1
see,1
what,1
they,1
came,1
for.,0
A,1
new,1
£14-million,7
national,1
landscape,1
discovery,1
center,1
will,1
have,2
an,2
observatory,1
when,1
it,1
is,1
completed,1
in,1
a,1
couple,1
of,1
years.,0
Fildes,1
has,1
big,1
ambitions.,0
He,1
is,1
planning,2
Britain's,5
first,2
“astrovillage”,4
–,1
it,1
would,1
have,1
the,1
largest,1
public,1
observatory,2
in,2
the,2
"world,",2
a,1
100-seat,5
"auditorium,",4
a,2
100-seat,8
"planetarium,",2
and,1
radiomagnetic,2
and,2
solar,1
telescopes.,0
The,1
multimillion-pound,5
project,1
would,1
also,1
have,2
a,2
hotel,1
and,1
attract,2
"100,000",2
visitors,2
a,2
year,1
–,1
that,1
is,1
four,2
times,1
the,1
number,1
that,1
are,1
currently,1
able,1
to,1
use,1
the,1
observatory.,0
Fildes,1
believes,1
the,2
astrovillage,1
will,1
be,1
a,1
reality,1
by,1
2018.,0
"However,",2
Northumberland,1
has,1
competition.,0
Galloway,1
Forest,1
Park,2
in,2
Scotland,1
also,1
has,1
Dark,2
Sky,2
Park,1
status.,0
Exmoor,2
in,2
south-west,8
England,1
became,3
Europe's,7
first,3
International,3
Dark,3
Sky,3
Reserve,2
–,2
one,2
level,2
below,2
Dark,2
Sky,2
Park,1
–,1
in,1
2011.,0
A,1
number,2
of,2
local,2
businesses,2
there,1
now,1
offer,1
stargazing,1
holidays.,0
The,1
UK,1
is,1
not,1
as,1
good,1
as,1
northern,1
"Chile,",2
which,1
has,1
more,3
than,2
ten,1
tourist,1
observatories,1
and,1
some,1
of,1
the,1
clearest,1
skies,1
in,1
the,1
world.,0
"So,",2
why,1
do,1
people,1
want,1
to,1
look,1
at,1
the,1
night,1
sky?,0
The,1
media,1
have,1
helped.,0
TV,1
programmes,2
about,2
astronomy,1
have,1
attracted,1
a,1
new,1
generation,1
of,1
stargazers.,0
Technology,1
has,1
also,1
made,2
astronomy,1
more,1
popular.,0
Apps,2
such,3
as,2
Stellarium,1
now,1
turn,2
smartphones,1
into,1
pocket-size,5
planetariums.,0
But,1
Fildes,1
believes,1
"that,",2
most,2
"importantly,",2
people,1
are,1
starting,1
to,1
appreciate,1
the,1
sky.,0
The,1
regulation,1
eight,2
hours,2
in,2
the,2
office,1
is,1
over.,0
The,1
most,2
important,1
work,2
of,2
the,2
day,1
is,1
done;,2
whatever,2
is,2
left,1
can,1
wait,1
until,1
the,1
morning.,0
This,1
is,1
the,1
point,1
many,2
workers,1
would,1
think,1
about,1
heading,1
for,1
the,1
door.,0
"Yet,",2
for,2
millions,2
of,2
Japanese,2
"employees,",2
the,2
thought,2
of,2
clearing,4
away,3
their,3
desks,2
and,2
being,2
at,2
home,2
in,2
time,2
for,2
dinner,1
is,1
enough,1
to,1
invite,2
accusations,2
of,2
disloyalty,1
to,1
the,1
company.,0
"But,",2
after,2
decades,2
of,2
giving,4
companies,3
carte,3
blanche,2
to,2
milk,2
every,2
last,2
drop,2
of,2
productivity,2
from,2
their,2
"workforce,",2
a,2
challenge,2
to,2
Japan's,5
ingrained,2
culture,2
of,2
overwork,1
has,1
come,1
from,1
the,1
"government,",2
which,1
is,1
considering,1
making,2
it,1
a,1
legal,1
requirement,1
for,1
workers,1
to,1
take,2
at,3
least,3
five,3
days',5
paid,2
holiday,1
a,1
year.,0
Japanese,1
employees,1
are,1
currently,1
entitled,1
to,1
an,2
average,2
18.5,2
days',3
paid,1
holiday,2
a,2
year,1
–,1
only,2
two,1
fewer,2
than,2
the,2
global,2
average,1
–,1
with,1
a,1
minimum,2
of,2
ten,2
"days,",2
as,3
well,2
as,1
15,1
one-day,5
national,1
holidays.,0
In,1
"reality,",2
few,1
come,2
even,2
close,2
to,2
taking,2
their,2
full,2
"quota,",2
typically,1
using,1
only,1
nine,1
of,1
their,1
18.5-day,5
average,1
entitlement.,0
While,1
many,2
British,2
workers,1
regard,3
a,3
two-week,11
summer,3
holiday,2
as,2
an,2
inalienable,2
"right,",2
workers,2
in,2
Japan,1
have,1
come,1
to,1
see,2
a,2
four-night,8
vacation,1
as,1
the,1
height,1
of,1
self-indulgence.,2
The,1
"move,",4
to,2
be,2
debated,2
in,2
the,2
current,2
parliamentary,2
"session,",2
comes,1
after,1
companies,1
started,1
encouraging,2
employees,1
to,1
nap,2
on,2
the,2
job,1
to,1
improve,1
their,1
performance.,0
By,1
the,1
end,2
of,2
the,2
"decade,",2
the,2
government,1
hopes,1
"that,",2
if,2
"passed,",2
the,2
law,1
will,1
push,2
Japanese,2
employees,1
towards,1
following,1
the,1
example,2
set,2
by,2
British,2
"workers,",2
who,1
use,1
an,1
average,2
of,2
20,3
days',3
paid,2
annual,2
"leave,",2
and,1
those,2
in,2
"France,",2
who,1
take,1
an,1
average,1
of,1
25.,0
Japan's,3
unforgiving,1
work,1
culture,1
may,1
have,1
helped,3
turn,4
it,3
into,3
an,3
economic,3
"superpower,",4
its,2
corporate,2
foot,2
soldiers,2
revered,3
in,3
the,3
rest,3
of,3
the,3
world,2
for,2
their,2
commitment,2
to,2
the,2
"company,",2
but,1
this,1
has,1
often,1
been,1
to,1
the,1
exclusion,1
of,1
everything,1
else.,0
Japan's,3
low,1
birth,1
rate,2
and,2
predictions,2
of,2
rapid,2
population,2
decline,1
are,1
partly,1
blamed,1
on,1
the,1
lack,2
of,2
time,1
couples,1
have,1
to,1
start,1
families.,0
More,1
employees,1
are,1
falling,4
ill,3
from,3
"stress,",4
or,2
"worse,",2
succumbing,2
to,2
"karoshi,",4
death,1
through,1
overwork.,0
Despite,1
studies,2
suggesting,2
that,2
longer,3
hours,3
in,3
the,3
office,4
or,4
workshop,3
or,3
on,3
the,3
factory,3
floor,2
do,2
not,2
necessarily,2
make,3
people,2
more,2
"productive,",2
today's,5
workers,1
are,1
still,1
nursing,2
a,2
collective,2
hangover,1
from,1
the,1
bubble,1
years,1
of,1
the,1
1980s.,0
About,1
22%,3
of,2
Japanese,2
work,1
more,3
than,2
49,1
hours,2
a,2
"week,",2
compared,2
with,2
16%,5
of,3
US,3
workers,2
and,2
11%,4
in,2
France,2
and,2
"Germany,",2
according,2
to,1
data,1
from,1
the,1
Japanese,1
government.,0
In,1
spending,5
14,5
hours,4
a,4
day,3
at,3
work,2
and,2
giving,3
up,2
many,2
of,2
her,2
paid,2
"holidays,",2
Erika,2
Sekiguchi,1
is,1
not,1
even,1
an,1
extreme,1
example.,0
The,1
36-year-old,9
trading,2
company,1
employee,1
used,2
eight,2
of,2
her,2
20,2
days,3
of,3
paid,3
vacation,2
in,2
"2014,",2
six,2
of,2
which,1
counted,1
as,1
sick,1
leave.,0
“Nobody,2
else,1
uses,2
their,2
vacation,2
"days,”",3
Sekiguchi,1
said.,0
She,1
faces,2
a,2
dilemma:,2
never,1
to,1
take,3
time,2
off,1
or,1
to,1
invite,2
criticism,1
for,1
leaving,2
her,2
colleagues,1
in,1
the,1
lurch.,0
Yuu,3
"Wakebe,",4
a,2
health,3
ministry,2
official,3
overseeing,4
policy,3
on,3
working,3
"hours,",4
who,2
admits,2
putting,3
in,3
100,3
hours,3
of,3
overtime,2
a,2
"month,",2
blames,1
the,1
irresistible,1
pressure,1
to,1
match,2
one's,5
"colleagues,",4
hour,1
for,1
hour.,0
“It,1
is,1
a,2
worker's,3
right,2
to,2
take,2
paid,2
"vacations,”",3
Wakebe,1
said.,0
“But,1
unfortunately,2
working,2
in,2
Japan,1
involves,1
quite,1
a,1
lot,1
of,1
volunteer,1
spirit.”,0
That,1
fear,2
of,2
being,2
ostracized,2
at,2
work,1
is,1
being,1
blamed,1
for,1
a,1
rise,1
in,1
stress-related,5
"illness,",4
premature,2
death,1
and,1
suicide.,0
According,2
to,1
official,1
"data,",2
about,2
200,2
people,1
die,2
every,2
year,1
from,1
heart,1
"attacks,",4
strokes,1
and,1
other,1
karoshi,1
events,1
brought,2
on,1
by,1
punishing,1
work,1
schedules.,0
The,1
prime,1
"minister,",4
Shinzo,2
"Abe,",2
is,1
not,1
known,1
for,1
taking,1
long,1
vacations.,0
Yet,1
even,1
he,1
has,1
spoken,3
out,2
against,2
the,2
unreasonable,2
demands,2
companies,2
place,2
on,2
their,2
employees,1
as,1
they,1
struggle,1
to,1
stay,2
afloat,1
in,1
a,1
more,2
complex,1
globalized,1
market.,0
Japan's,3
working,1
"culture,",2
Abe,2
said,2
"recently,",2
“falsely,2
beatifies,1
long,1
hours”.,0
You've,2
spent,2
eight,2
hours,1
in,1
the,1
office.,0
You've,2
finished,1
the,1
most,2
important,1
work,1
of,1
the,1
day.,0
This,1
is,1
the,1
time,1
when,1
most,2
workers,1
would,1
think,1
about,1
going,1
home.,0
"But,",2
for,2
millions,2
of,2
Japanese,2
"employees,",2
if,2
they,2
leave,3
work,2
and,2
arrive,3
home,2
in,2
time,2
for,2
"dinner,",2
people,1
say,1
that,1
they,1
are,1
disloyal,1
to,1
their,1
company.,0
But,1
"now,",2
the,2
government,1
is,1
trying,1
to,1
do,1
something,1
about,1
Japan's,3
culture,1
of,1
overwork.,0
It,1
wants,1
to,1
make,2
workers,1
take,2
at,3
least,3
five,3
days',5
paid,2
holiday,1
a,1
year.,0
Japanese,1
employees,1
are,1
allowed,2
an,2
average,2
of,2
18.5,3
days',5
paid,2
holiday,2
a,2
"year,",2
fewer,1
than,1
the,1
global,1
average.,0
Companies,1
must,1
allow,2
them,1
a,1
minimum,1
of,1
ten,2
days',3
paid,1
"holiday,",2
plus,1
15,1
one-day,5
national,1
holidays.,0
But,1
very,2
few,2
employees,1
take,1
these,1
days.,0
Most,1
take,2
only,3
nine,2
days,2
of,2
"holiday,",2
according,2
to,1
the,1
labor,1
ministry.,0
Many,1
British,1
workers,1
think,2
that,2
a,3
two-week,11
summer,3
holiday,2
is,2
their,2
right,1
but,1
workers,2
in,2
Japan,1
think,1
that,1
a,2
four-night,8
vacation,1
is,1
a,1
big,1
self-indulgence.,2
By,1
"2020,",2
the,2
government,1
hopes,1
that,1
the,2
law,1
will,1
make,2
Japanese,2
employees,1
follow,1
the,1
example,1
of,1
British,1
"workers,",2
who,1
take,1
an,1
average,2
of,2
20,3
days',3
paid,2
annual,2
"leave,",2
and,1
workers,2
in,2
"France,",2
who,1
take,1
an,1
average,1
of,1
25.,0
Japan's,3
employees,1
are,1
respected,2
and,2
admired,2
in,2
the,2
rest,2
of,2
the,2
world,1
for,1
their,1
commitment,1
to,1
the,1
company.,0
But,1
they,1
often,1
have,1
no,1
time,1
for,1
anything,1
else.,0
Couples,1
don't,2
have,1
time,1
to,1
start,1
families.,0
"So,",2
Japan,1
has,2
a,2
low,2
birth,2
rate,1
and,1
the,2
population,1
is,1
declining.,0
More,1
employees,1
are,1
falling,3
ill,2
from,2
stress,1
or,1
even,1
dying,1
through,1
overwork.,0
Japanese,1
people,1
continue,1
to,1
work,2
"hard,",2
despite,1
studies,1
that,1
suggest,1
that,1
longer,2
hours,2
at,2
work,1
do,1
not,1
necessarily,1
make,2
people,1
more,1
productive.,0
About,1
22%,3
of,2
Japanese,2
work,1
more,3
than,2
49,1
hours,2
a,2
"week,",2
compared,2
with,2
16%,5
of,3
US,3
workers,2
and,2
11%,4
in,2
France,2
and,2
"Germany,",2
according,2
to,1
data,1
from,1
the,1
Japanese,1
government.,0
“Nobody,2
else,1
uses,2
their,2
vacation,2
"days,”",3
says,1
Erika,2
"Sekiguchi,",2
a,1
36-year-old,9
employee.,0
She,1
spends,4
14,4
hours,3
a,3
day,2
at,2
work,1
and,1
used,2
only,2
eight,2
of,2
her,2
20,2
days,3
of,3
paid,3
vacation,2
in,2
"2014,",2
six,2
of,2
which,1
were,1
sick,1
leave.,0
Yuu,3
"Wakebe,",4
who,2
works,2
at,2
the,2
health,2
"ministry,",2
admits,1
that,1
he,1
does,2
100,2
hours,2
of,2
overtime,1
a,1
month.,0
“It,1
is,1
a,2
worker's,3
right,2
to,2
take,2
paid,2
"vacations,”",3
Wakebe,1
said.,0
“But,1
sadly,1
workers,2
in,2
Japan,1
have,1
to,1
do,2
a,2
lot,2
of,2
extra,2
work,1
for,1
no,1
money.”,0
Workers,1
are,1
scared,1
that,1
their,2
colleagues,1
will,1
think,1
they,1
are,1
not,1
working,2
hard,1
enough.,0
This,1
is,1
one,1
reason,1
for,1
a,1
rise,1
in,1
stress-related,5
"illness,",4
early,2
death,1
and,1
suicide.,0
About,1
200,1
people,1
die,3
every,3
year,2
from,2
heart,2
attacks,3
and,3
strokes,2
in,2
"Japan,",2
caused,1
by,1
long,1
hours,1
and,1
hard,1
work.,0
The,1
prime,1
"minister,",4
Shinzo,2
"Abe,",2
is,1
not,1
known,1
for,1
taking,1
long,1
vacations.,0
But,1
even,1
he,1
has,1
said,1
that,1
companies,1
ask,2
too,2
much,2
of,2
their,2
employees,1
and,1
that,1
working,2
hours,2
in,2
Japan,1
are,1
too,1
long.,0
A,1
lonely,1
old,1
man,2
living,2
in,2
a,2
crater,2
on,2
the,2
moon,1
is,1
the,1
unlikely,1
focus,2
of,2
John,4
Lewis's,5
Christmas,2
2015,2
"advertisement,",2
as,1
the,2
department,2
store,1
puts,2
a,2
charitable,2
spin,1
on,1
its,1
latest,1
multi-million,2
pound,1
campaign.,0
Amid,1
increasing,1
hype,2
around,2
John,4
Lewis's,5
seasonal,2
"ad,",4
which,2
has,2
come,2
to,2
mark,2
the,2
beginning,2
of,2
the,2
Christmas,2
shopping,2
season,2
for,2
"many,",2
the,2
department,2
store,1
will,1
aim,1
to,1
use,2
its,2
profile,1
to,1
raise,2
hundreds,2
of,2
thousands,2
of,2
pounds,1
for,1
the,1
charity,1
Age,1
UK.,0
It,1
will,1
also,1
encourage,2
staff,2
and,2
customers,1
to,1
join,3
up,2
with,2
their,2
local,2
branch,2
of,2
the,2
charity,1
to,1
care,1
for,1
elderly,1
people,1
who,1
might,1
otherwise,1
be,1
alone,1
over,1
the,1
holiday.,0
The,1
retailer,1
has,1
spent,2
£7m,5
on,1
a,1
campaign,1
that,1
ranges,2
from,2
the,2
slick,2
TV,2
ad,1
to,1
a,1
smartphone,1
game,3
and,3
"merchandise,",4
including,2
glow-in-the-dark,20
"pyjamas,",2
as,3
well,2
as,1
areas,1
decked,3
out,2
like,2
the,2
surface,2
of,2
the,2
moon,1
in,1
11,1
stores.,0
After,1
two,1
years,2
of,2
successful,2
ads,2
featuring,2
cuddly,2
animals,2
–,2
a,2
bear,2
and,2
"hare,",2
then,2
a,2
penguin,1
–,1
this,2
"time,",2
the,2
retailer,1
is,1
tugging,2
at,2
the,2
heartstrings,1
with,1
a,1
story,1
of,1
a,1
young,1
"girl,",4
"Lily,",2
who,1
spots,1
an,1
old,1
man,1
living,3
in,3
a,3
shack,2
on,2
the,2
moon,1
through,1
her,1
telescope.,0
The,1
determined,1
child,1
tries,1
sending,4
him,3
a,3
letter,2
and,2
firing,3
a,3
note,2
via,2
bow,2
and,2
"arrow,",2
before,1
floating,2
him,1
a,1
present,1
of,1
a,1
telescope,2
tied,2
to,2
"balloons,",2
which,1
finally,1
enables,2
them,1
to,1
make,1
contact.,0
The,1
ad's,3
strapline,1
is:,2
“Show,2
someone,2
they're,4
loved,2
this,2
"Christmas,”",3
which,1
echoes,2
Age,4
UK's,5
own,2
campaign:,2
“No,3
one,1
should,1
have,2
no,2
one,1
at,1
Christmas.”,0
Profits,3
from,3
three,3
products,2
–,2
a,2
"mug,",6
gift,3
tag,2
and,2
card,1
–,1
will,1
go,1
to,1
the,1
charity.,0
“The,1
charity,1
really,1
resonates,4
with,4
people,3
at,3
this,3
time,3
of,3
year,2
and,2
the,3
ad,2
lends,3
itself,2
to,2
thinking,2
about,2
someone,3
who,3
lives,3
on,3
your,3
street,2
that,2
might,2
not,2
see,2
"anybody,”",3
said,1
Rachel,2
"Swift,",2
head,1
of,1
marketing,1
at,1
John,1
Lewis.,0
The,1
campaign,1
features,2
the,2
Oasis,2
track,2
Half,3
the,3
World,2
Away,1
reinterpreted,1
by,1
little-known,5
Norwegian,1
artist,1
Aurora.,0
The,1
ad,1
cost,2
£1m,5
to,1
make.,0
The,1
moon,1
scenes,1
were,1
shot,2
at,2
the,2
Warner,2
Bros,2
"Studios,",4
where,2
the,3
Harry,4
Potter,3
films,2
were,2
"made,",2
and,1
the,2
specially,3
built,2
set,1
was,1
created,1
by,1
one,1
of,1
the,1
team,1
behind,1
the,1
latest,1
Star,2
Wars,1
"film,",2
The,1
Force,1
Awakens.,0
As,1
in,1
the,1
last,1
few,1
"years,",2
John,2
Lewis,1
has,1
drummed,4
up,3
interest,2
in,2
their,2
most,3
recent,2
ad,1
prior,2
to,1
its,1
release,1
with,1
a,1
teaser,1
campaign,2
on,2
TV,2
and,2
social,2
media,1
using,2
the,2
hashtag,1
#OnTheMoon.,1
There,1
will,1
be,1
a,1
full,1
moon,2
on,2
Christmas,2
Day,2
2015,1
–,1
a,1
complete,1
"coincidence,",2
according,2
to,1
Swift.,0
In,1
"2014,",2
the,2
retailer,2
John,2
Lewis,1
also,1
spent,2
£7m,5
on,1
a,1
campaign,1
featuring,1
a,1
realistic,1
animated,1
penguin,1
and,1
a,1
young,1
boy,1
playing,2
together,1
to,1
the,1
tune,1
of,1
John,3
Lennon's,3
Real,1
"Love,",2
sung,2
by,2
British,2
singer-songwriter,5
Tom,1
Odell.,0
It,1
had,1
drummed,5
up,4
22,5
million,4
views,3
on,3
YouTube,2
by,2
the,2
first,2
week,2
of,2
"January,",2
ahead,1
of,2
the,3
16.6,3
million,2
clocked,1
by,1
Sainsbury's,3
ad,1
featuring,1
First,2
World,2
War,1
soldiers,1
sharing,1
a,1
bar,2
of,2
"chocolate,",2
the,2
UK's,3
next,1
most,2
popular,1
ad,1
of,1
2014.,0
Swift,1
said,1
"that,",2
despite,2
the,2
"hype,",2
John,2
Lewis,1
had,1
stuck,2
to,2
the,2
same,2
strategy,1
for,1
the,1
last,1
five,1
years.,0
“It's,2
all,1
about,1
thoughtful,1
gifting,2
and,2
going,3
the,3
extra,3
mile,2
for,2
someone,2
you,2
love,2
at,2
"Christmas,”",3
she,1
said.,0
“In,1
"2015,",2
we,1
don't,2
go,4
into,4
it,3
"thinking,",4
'This,4
is,2
going,2
to,2
be,2
"huge,'",3
just,1
getting,2
something,3
right,3
for,3
the,3
brand,2
at,2
this,2
time,2
of,2
year,1
and,1
something,1
we,1
hope,1
customers,1
really,1
love.”,0
The,1
department,1
store,2
John,2
Lewis,1
has,1
a,1
2015,1
Christmas,1
advertisement.,0
The,1
ad,1
shows,1
a,1
lonely,1
old,1
man,1
who,1
lives,1
on,1
the,1
moon.,0
The,1
"ad,",6
which,3
for,3
many,3
people,2
shows,2
that,2
the,3
Christmas,3
shopping,3
season,2
has,2
"begun,",2
aims,1
to,1
raise,2
hundreds,2
of,2
thousands,2
of,2
pounds,1
for,1
the,1
charity,1
Age,1
UK.,0
John,2
Lewis,1
will,1
also,1
encourage,2
staff,2
and,2
customers,1
to,1
care,1
for,1
elderly,1
people,1
who,1
might,1
be,1
alone,1
over,1
the,1
holiday.,0
The,1
department,1
store,1
has,1
spent,2
£7,4
million,1
on,1
a,1
campaign,1
that,1
includes,1
the,1
TV,1
"ad,",6
a,3
smartphone,3
game,2
and,2
"merchandise,",2
including,1
glow-in-the-dark,13
pyjamas.,0
It,1
will,1
also,1
build,1
areas,1
that,1
look,2
like,2
the,2
surface,2
of,2
the,2
moon,1
in,1
11,1
of,1
its,1
stores.,0
After,1
two,1
years,3
of,3
successful,3
ads,3
with,3
cute,3
animals,2
–,2
a,2
bear,2
and,2
"hare,",2
then,2
a,2
penguin,1
–,1
this,2
"time,",2
the,2
story,1
is,1
about,1
a,1
young,1
"girl,",4
"Lily,",2
who,1
sees,1
an,1
old,1
man,1
living,3
in,3
a,3
small,3
wooden,3
house,2
on,2
the,2
moon,1
through,1
her,1
telescope.,0
The,1
girl,1
first,1
tries,1
to,1
send,2
him,1
a,1
letter,1
and,1
a,1
note,1
via,1
bow,1
and,1
arrow.,0
"Then,",2
she,1
floats,2
him,1
a,1
present,1
of,1
a,1
telescope,1
tied,1
to,1
balloons.,0
This,1
finally,1
allows,2
them,1
to,1
make,1
contact.,0
The,1
ad's,3
message,1
is:,2
“Show,2
someone,1
they're,2
loved,1
this,1
Christmas.”,0
This,1
is,1
similar,2
to,2
Age,3
UK's,5
campaign:,2
“No,3
one,1
should,1
have,2
no,2
one,1
at,1
Christmas.”,0
Profits,3
from,3
three,3
products,2
–,2
a,2
"mug,",6
gift,3
tag,2
and,2
card,1
–,1
will,1
go,1
to,1
the,1
charity.,0
Rachel,3
"Swift,",4
head,2
of,2
marketing,2
at,2
John,2
"Lewis,",2
said,2
that,2
people,2
talk,3
about,3
charities,2
at,2
Christmas,1
and,1
the,2
ad,1
makes,2
you,1
think,1
about,1
someone,2
who,2
lives,2
on,2
your,2
street,1
that,1
might,1
not,1
see,1
anybody.,0
The,1
campaign,1
features,1
the,1
Oasis,1
track,1
Half,1
the,1
World,1
Away,1
sung,1
by,1
Norwegian,1
singer,1
Aurora.,0
The,1
ad,1
cost,2
£1,4
million,1
to,1
make.,0
The,1
moon,1
scenes,1
were,1
shot,2
at,2
the,2
Warner,2
Bros,2
"Studios,",4
where,2
the,3
Harry,4
Potter,3
films,2
were,2
"made,",2
and,1
the,2
specially,3
built,2
set,1
was,1
created,1
by,1
one,1
of,1
the,1
team,1
behind,1
the,1
latest,1
Star,2
Wars,1
"film,",2
The,1
Force,1
Awakens.,0
As,1
in,1
the,1
last,1
few,1
"years,",2
John,2
Lewis,1
showed,2
a,2
short,2
film,2
on,2
TV,2
and,2
social,2
media,1
using,3
the,3
hashtag,2
#OnTheMoon,3
before,1
it,1
showed,1
the,1
full,1
advertisement.,0
There,1
will,1
be,2
a,2
full,2
moon,3
on,3
Christmas,3
Day,3
2015,2
–,2
a,2
complete,2
"coincidence,",2
says,1
Swift.,0
In,1
"2014,",2
John,2
Lewis,1
also,1
spent,2
£7,4
million,1
on,1
a,1
campaign,1
with,1
a,1
penguin,1
and,1
a,1
young,1
boy,1
playing,1
together.,0
It,1
had,4
22,5
million,4
views,3
on,3
YouTube,2
by,2
the,2
first,2
week,2
of,2
January,1
–,1
more,2
than,1
the,1
16.6,2
million,1
views,1
of,1
Sainsbury's,3
ad,1
with,1
First,1
World,2
War,1
soldiers,1
sharing,1
a,1
bar,2
of,2
"chocolate,",2
the,2
UK's,3
second,1
most,2
popular,1
ad,1
of,1
2014.,0
Swift,1
said,1
that,1
in,2
2015,1
John,2
Lewis,1
wants,1
to,1
just,1
get,3
“something,6
right,3
for,3
the,3
company,2
at,2
this,2
time,2
of,2
year,1
and,1
do,1
something,1
we,1
hope,1
customers,1
really,1
love.”,0
When,1
Larry,2
Pizzi,1
first,1
heard,3
about,3
electric,3
bikes,2
nearly,3
20,3
years,2
"ago,",2
he,1
asked:,2
“Why,2
would,1
anyone,1
want,1
to,1
screw,3
up,2
a,2
bike,1
by,1
putting,2
a,2
motor,2
and,2
batteries,1
on,1
it?”,0
It's,2
a,1
question,1
that,1
still,1
puzzles,1
traditionalists.,0
Bicycle,1
shops,1
have,1
been,1
slow,2
to,2
stock,2
"e-bikes,",2
even,1
though,1
they,1
have,1
been,1
around,1
since,1
the,1
late,1
1990s.,0
Sales,2
in,2
the,2
US,1
have,1
been,1
modest.,0
"Pizzi,",6
who,3
is,3
now,3
CEO,3
of,3
Currie,3
"Technologies,",4
the,2
number,2
one,2
seller,2
of,2
e-bikes,2
in,2
the,2
"US,",2
believes,1
that's,2
about,1
to,1
change.,0
Others,2
in,2
the,2
industry,1
agree.,0
Familiar,1
brands,2
including,2
"Trek,",6
Raleigh,2
and,2
Specialized,2
all,1
offer,2
electric,2
models,1
and,1
they're,2
betting,1
the,2
market,1
is,1
about,1
to,1
take,1
off.,0
“We're,2
on,1
the,1
cusp,2
of,2
mainstream,2
"adoption,”",3
Pizzi,1
said.,0
“There,1
are,2
more,2
players,2
entering,2
the,2
"category,",2
it,1
"seems,",2
with,1
every,1
passing,1
month.”,0
The,1
US,1
is,1
an,1
outlier,1
when,1
it,1
comes,1
to,1
electric,1
bikes.,0
Nearly,1
32,1
million,1
e-bikes,1
were,1
sold,2
in,2
"2014,",2
the,1
vast,1
majority,2
in,2
"China,",2
where,1
they,1
are,1
primarily,1
used,1
for,1
transportation.,0
They,1
are,1
popular,2
in,2
much,2
of,2
"Europe,",2
too.,0
They're,2
common,2
in,2
the,2
Netherlands,2
and,2
Switzerland;,2
German,2
postal,2
workers,1
use,3
them,2
to,2
get,2
around,1
and,1
BMW,1
offers,2
one,1
for,1
about,1
"$3,000.",1
Electric,1
bikes,1
are,1
different,2
from,2
motorcycles,3
or,3
"mopeds,",4
which,2
rely,2
on,2
motorized,2
power;,2
they,1
are,1
bicycles,1
that,1
can,1
be,1
pedaled,1
with,1
–,1
or,1
without,1
–,1
assistance,1
from,1
an,1
electric,1
motor.,0
Riding,2
an,2
e-bike,1
feels,2
like,2
riding,3
a,3
conventional,3
bike,2
with,2
a,2
brisk,2
tailwind;,2
the,2
motor,1
helps,3
you,2
go,3
faster,2
or,2
climb,2
hills,1
but,1
it's,2
typically,1
not,1
the,1
primary,1
source,1
of,1
propulsion.,0
Unlike,1
"mopeds,",2
e-,1
bicycles,1
are,1
usually,1
permitted,2
on,2
bike,2
paths,1
and,1
they,1
can't,2
travel,2
faster,2
than,1
20mph.,1
To,1
"succeed,",2
the,2
electric,2
bike,2
business,2
in,2
the,2
US,1
must,1
clear,1
"legal,",6
cultural,2
and,2
financial,1
hurdles.,0
E-bikes,3
are,1
banned,2
in,2
some,2
"states,",4
including,2
New,2
"York,",2
although,1
the,2
law,1
isn't,2
strictly,1
enforced.,0
Traditionalists,2
who,2
own,3
and,3
staff,2
bike,2
shops,1
don't,2
like,1
putting,3
motors,2
on,2
"bicycles,",2
"citing,",4
among,2
other,2
"things,",2
the,1
added,1
weight.,0
Some,1
e-bikes,1
are,1
close,1
to,1
30kg.,0
E-bikes,3
are,1
also,1
pricey.,0
While,1
low-end,6
models,1
sell,3
for,3
as,3
little,2
as,2
"$700,",4
Court,3
"Rye,",4
the,2
founder,2
and,2
editor,2
of,2
"ElectricBikeReview.com,",4
a,2
popular,2
"website,",2
says,1
riders,1
should,1
expect,1
to,1
pay,2
at,3
least,2
"$1,500",3
for,1
a,1
quality,1
e-bike,1
with,1
a,1
good,1
battery.,0
Top-of-the-line,11
models,1
cost,1
more,3
than,2
twice,1
that.,0
The,1
companies,2
that,2
make,3
and,3
sell,2
e-bikes,1
say,1
they,1
can,1
overcome,1
those,1
obstacles.,0
E-bike,3
"technology,",4
particularly,2
the,2
"batteries,",2
is,1
improving.,0
“Batteries,1
are,1
getting,4
"smaller,",6
they're,6
getting,3
"lighter,",4
they're,4
getting,3
more,3
reliable,2
and,2
they,2
are,2
lasting,2
"longer,”",3
says,1
Don,2
"DiCostanza,",2
the,1
founder,1
and,1
CEO,1
of,1
"Pedego,",2
an,1
electric,1
bikemaker,1
and,1
retailer.,0
Big,1
companies,2
like,2
Bosch,2
and,2
Shimano,1
are,1
entering,1
the,1
"business,",2
which,1
should,1
help,1
erode,2
resistance,1
from,1
bike,1
shops.,0
In,1
the,1
"meantime,",2
lobbying,2
efforts,1
are,1
underway,1
to,1
permit,2
the,2
use,2
of,2
e-bikes,1
everywhere.,0
Perhaps,1
most,1
"importantly,",2
as,2
more,3
cities,2
build,3
cycling,3
"infrastructure,",4
including,2
dedicated,2
bike,2
"lanes,",2
bicycle,2
commuting,1
has,1
become,1
more,1
popular.,0
As,1
the,2
US,2
Census,2
Bureau,1
reported,2
in,2
"2014,",2
the,2
number,2
of,2
bike,2
commuters,1
grew,4
from,4
about,4
"488,000",3
in,3
2000,2
to,2
"786,000",1
in,1
2012.,0
Electric,1
bikes,1
make,3
commuting,2
more,2
practical,2
–,2
and,2
fun,1
–,1
by,1
easing,1
worry,1
about,1
"hills,",4
headwinds,1
and,1
fatigue.,0
Most,2
of,2
our,2
customers,1
are,1
“aging,2
baby,1
boomers,2
who,2
want,2
to,2
rekindle,2
the,2
experience,2
they,2
had,2
as,2
a,2
"kid,”",3
says,1
Pedego's,3
Don,1
DiCostanza.,0
“The,1
main,1
reason,2
they,2
stopped,2
riding,2
bikes,1
was,1
because,2
of,1
hills.”,0
Pedego,1
has,1
opened,3
nearly,4
60,3
stores,2
in,2
the,2
US,1
and,1
it,1
has,1
sold,2
bikes,1
to,1
tour,1
companies,1
in,1
San,3
Francisco,2
and,2
"Washington,",2
DC.,0
"ElectroBike,",4
which,2
operates,2
30,2
stores,2
in,2
"Mexico,",2
opened,3
its,3
first,3
American,3
store,3
in,3
Venice,3
"Beach,",6
California,2
in,2
the,2
autumn,2
of,2
2014,1
and,1
hopes,1
to,1
grow,2
to,2
25,2
US,2
stores,1
in,1
a,1
year.,0
CEO,2
Craig,2
Anderson,1
says:,2
“We,2
want,2
to,2
help,2
reduce,2
"traffic,",2
help,1
reduce,2
our,2
carbon,2
footprint,1
and,1
promote,1
a,1
healthy,1
lifestyle.”,0
Startups,2
like,2
Pedego,2
and,2
ElectroBike,1
will,1
have,1
to,1
compete,1
with,1
big,1
companies,2
like,2
Trek,2
and,2
"Currie,",2
"which,",2
in,2
"2012,",2
was,1
acquired,1
by,1
"Accell,",2
a,1
public,1
company,2
based,2
in,2
the,2
Netherlands,1
that,1
is,1
Europe's,3
market,1
leader,1
in,1
e-bikes.,0
Accell,1
owns,1
the,1
Raleigh,1
"brand,",2
as,3
well,2
as,1
"Haibike,",2
an,1
award-winning,5
German,1
electric,1
bike.,0
“Accell,1
has,2
great,2
expectations,2
about,2
e-bikes,2
in,2
North,2
"America,”",3
Currie's,5
Larry,2
Pizzi,1
says.,0
“While,1
baby,2
boomers,1
are,1
still,1
a,1
very,2
important,1
"segment,",2
we're,2
finding,1
that,1
a,2
lot,2
of,2
younger,2
people,1
are,1
now,1
using,3
e-bikes,2
for,2
"transportation,",2
instead,2
of,1
cars.”,0
Accell's,3
Yuba,1
brand,1
even,1
sells,2
a,2
cargo,2
bike,1
with,1
a,1
stronger,1
motor,1
and,1
rear,1
rack.,0
“You,1
can,1
carry,2
two,2
"children,”",3
says,1
Pizzi.,0
“You,1
can,1
carry,1
45kg,2
of,1
shopping.,0
It's,2
a,1
minivan,1
alternative.”,0
When,1
Larry,2
Pizzi,1
first,1
heard,3
about,3
electric,3
bikes,2
nearly,3
20,3
years,2
"ago,",2
he,1
asked:,2
“Why,2
would,1
anyone,1
want,1
to,1
spoil,2
a,2
bike,1
by,1
putting,2
a,2
motor,2
and,2
batteries,1
on,1
it?”,0
It's,2
a,1
question,1
that,1
some,2
people,1
still,1
ask.,0
Many,1
bicycle,1
shops,2
in,2
the,2
US,1
do,1
not,1
sell,1
e-bikes.,0
Pizzi,1
is,1
CEO,1
of,1
Currie,1
"Technologies,",2
the,1
number,1
one,1
seller,1
of,1
e-bikes,1
in,1
the,1
US.,0
He,1
believes,1
that,1
things,1
will,1
change,1
very,1
soon.,0
Other,1
people,2
who,2
sell,2
bikes,1
agree.,0
Familiar,1
brands,2
including,2
"Trek,",6
Raleigh,2
and,2
Specialized,2
all,1
offer,2
electric,2
bikes,1
and,1
they,1
believe,1
that,1
the,2
market,1
is,1
going,1
to,1
grow.,0
The,1
US,1
is,1
different,2
from,2
other,2
countries,1
when,1
it,1
comes,1
to,1
electric,1
bikes.,0
Nearly,1
32,1
million,1
e-bikes,1
were,1
sold,2
in,2
"2014,",2
most,2
of,2
them,1
in,1
"China,",2
where,1
people,1
mostly,1
use,2
them,1
for,1
transportation.,0
They,1
are,1
popular,2
in,2
many,2
parts,2
of,2
"Europe,",2
too.,0
They're,2
common,2
in,2
the,2
Netherlands,2
and,2
Switzerland;,2
German,2
postal,2
workers,1
use,2
them,1
and,1
BMW,1
sells,2
one,1
for,1
about,1
"$3,000.",1
Electric,1
bikes,1
are,1
different,2
from,2
motorcycles,3
or,3
"mopeds,",4
which,2
use,2
motors;,2
you,1
pedal,2
an,2
electric,2
bike,1
with,1
–,1
or,1
without,1
–,1
help,1
from,1
an,1
electric,1
motor.,0
Riding,2
an,2
e-bike,1
feels,2
like,2
riding,3
a,3
normal,3
bike,2
with,2
a,2
strong,2
wind,2
behind,2
you;,2
the,2
motor,1
just,1
helps,2
you,1
go,2
faster,1
or,1
climb,1
hills.,0
Unlike,1
"mopeds,",2
you,1
can,1
usually,1
ride,3
e-bicycles,2
on,2
bike,2
lanes,1
and,1
they,1
can't,2
travel,2
faster,2
than,1
20mph.,1
To,1
"succeed,",2
the,2
electric,2
bike,2
business,2
in,2
the,2
US,1
must,1
overcome,1
"legal,",6
cultural,2
and,2
financial,1
challenges.,0
E-bikes,3
are,1
banned,1
in,1
some,1
states,2
in,2
the,2
"US,",2
including,1
New,1
York.,0
Some,1
bike,1
shops,1
don't,2
like,1
putting,3
motors,2
on,2
bicycles,1
because,1
it,1
makes,2
them,1
too,1
heavy.,0
Some,1
e-bikes,1
weigh,1
nearly,1
30kg.,0
E-bikes,3
are,1
also,1
expensive.,0
While,1
cheap,2
bikes,1
sell,2
for,2
just,2
"$700,",4
you,1
will,1
pay,2
at,3
least,2
"$1,500",3
for,1
a,1
quality,1
e-bike,1
with,1
a,1
good,1
battery.,0
The,1
best,1
bikes,1
cost,1
more,2
than,1
"$3,000.",1
The,1
companies,2
that,2
make,3
and,3
sell,2
e-bikes,1
say,1
they,1
can,1
deal,1
with,1
those,1
challenges.,0
E-bike,3
"technology,",4
particularly,2
the,2
"batteries,",2
is,1
improving.,0
“Batteries,1
are,1
getting,4
"smaller,",6
they're,6
getting,3
"lighter,",4
they're,4
getting,3
more,3
reliable,2
and,2
they,2
are,2
lasting,2
"longer,”",3
says,1
Don,2
"DiCostanza,",2
the,1
CEO,1
of,1
"Pedego,",4
an,2
electric,2
bikemaker,1
and,1
retailer.,0
Perhaps,1
most,1
"importantly,",2
more,2
cities,1
are,1
building,2
bike,2
lanes,1
so,1
bicycle,2
commuting,1
has,1
become,1
more,1
popular.,0
As,1
the,2
US,2
Census,2
Bureau,1
reported,2
in,2
"2014,",2
the,2
number,2
of,2
bike,2
commuters,1
grew,4
from,4
about,4
"488,000",3
in,3
2000,2
to,2
"786,000",1
in,1
2012.,0
Electric,1
bikes,1
make,3
commuting,2
more,2
practical,2
–,2
and,2
fun,1
–,1
because,1
people,1
don't,2
have,1
to,1
worry,1
about,1
"hills,",4
strong,2
winds,1
and,1
tiredness.,0
Most,2
of,2
our,2
customers,1
are,1
“baby,2
boomers,2
who,2
want,2
to,2
have,2
the,2
cycling,2
experience,2
they,2
had,2
as,2
a,2
"kid,”",3
says,1
Pedego's,3
Don,1
DiCostanza.,0
“The,1
main,1
reason,2
they,2
stopped,2
riding,2
bikes,1
was,1
because,2
of,1
hills.”,0
Pedego,1
has,1
opened,2
nearly,3
60,2
stores,1
in,1
the,1
US.,0
ElectroBike,1
has,1
30,1
stores,1
in,1
Mexico.,0
It,1
opened,4
its,4
first,4
American,4
store,3
in,3
Venice,3
"Beach,",6
California,2
in,2
2014,1
and,1
hopes,1
to,1
have,2
25,2
US,2
stores,1
in,1
a,1
year.,0
CEO,2
Craig,2
Anderson,1
says:,2
“We,2
want,2
to,2
help,2
reduce,2
"traffic,",2
help,1
reduce,2
our,2
carbon,2
footprint,1
and,1
encourage,1
a,1
healthy,1
lifestyle.”,0
He,1
tells,2
customers:,2
“Ride,4
this,3
bike,2
once,1
and,1
try,1
not,1
to,1
smile.”,0
Startups,2
like,2
Pedego,2
and,2
ElectroBike,1
will,1
have,1
to,1
compete,1
with,1
big,1
companies,1
like,1
"Trek,",6
"Currie,",4
and,2
Accell,1
-,1
the,1
market,1
leader,1
in,1
e-bikes,1
in,1
Europe.,0
Accell,1
owns,1
the,1
Raleigh,1
"brand,",2
as,3
well,2
as,1
"Haibike,",2
an,1
award-winning,5
German,1
electric,1
bike.,0
Currie's,3
Larry,2
Pizzi,1
thinks,1
that,1
e-bikes,1
will,1
become,1
popular,1
in,1
North,1
America.,0
Pizzi,1
says,2
“Baby,5
boomers,2
are,2
still,2
very,2
"important,",2
but,1
also,1
a,2
lot,2
of,2
young,2
people,1
are,1
now,1
using,3
e-bikes,2
for,2
"transportation,",2
instead,2
of,1
cars.”,0
There,1
is,2
even,1
a,1
cargo,1
bike,1
with,1
a,1
stronger,1
motor,2
and,2
rack,1
at,1
the,1
back.,0
“You,1
can,1
carry,2
two,2
"children,”",3
says,1
Pizzi.,0
“You,1
can,1
carry,1
45kg,2
of,1
shopping.,0
It's,2
a,1
minivan,1
alternative.”,0
Benjamin,2
Carle,1
is,1
96.9%,3
made,2
in,2
"France,",2
right,2
down,1
to,1
his,1
underpants,1
and,1
socks.,0
"Unfortunately,",2
six,2
Ikea,2
"forks,",6
a,3
Chinese,3
guitar,2
and,2
unsourced,2
wall,2
paint,1
stopped,3
him,2
being,2
declared,2
a,2
100%,6
economic,2
"patriot,",2
but,1
nobody,1
is,1
perfect.,0
"Carle,",4
"26,",2
set,3
"out,",4
in,2
"2013,",2
to,1
see,1
if,1
it,1
was,1
possible,1
to,1
live,1
using,3
only,3
French-made,11
products,2
for,2
ten,2
months,1
as,1
part,1
of,1
a,1
television,1
documentary.,0
The,1
idea,1
was,1
triggered,1
by,1
the,1
Minister,1
for,1
Economic,2
Renewal,2
Arnaud,3
Montebourg's,3
call,1
for,1
the,2
public,1
to,1
buy,2
French,1
to,1
save,1
the,2
country's,3
industrial,2
production,1
sector.,0
The,1
experiment,1
cost,2
Carle,1
his,1
"smartphone,",10
"television,",8
refrigerator,4
(all,8
made,4
in,4
China);,9
his,3
spectacles,3
(Italian);,9
his,2
underpants,2
(Moroccan);,5
morning,1
coffee,2
(Guatemalan),4
and,1
his,1
adored,1
David,2
Bowie,1
music,1
(British).,1
"Fortunately,",2
his,2
long-suffering,8
"girlfriend,",10
"Anaïs,",8
and,4
"cat,",6
"Loon,",4
(both,4
French),2
stuck,1
with,1
him.,0
“Politicians,1
say,2
all,2
sorts,2
of,2
things,1
and,1
expect,2
us,1
to,1
go,2
along,1
with,1
it.,0
I,1
wanted,2
to,2
see,2
if,2
it,2
was,2
possible,3
and,3
feasible,2
to,2
do,2
what,2
the,3
minister,2
was,2
asking,3
us,2
to,2
do;,2
to,2
hold,3
him,2
to,2
account,2
for,2
his,2
"words,”",3
Carle,1
told,3
the,3
Guardian,2
over,2
a,2
non-French,2
coffee,2
in,2
a,2
Parisian,2
café,1
after,1
finishing,1
his,1
documentary.,0
He,1
set,4
just,5
three,4
rules,3
for,3
himself:,4
eat,3
only,3
foods,3
produced,3
in,3
"France,",4
eliminate,2
contact,2
with,2
foreign-made,8
goods,1
and,1
do,3
so,2
on,2
"€1,800",5
a,2
month,1
(above,2
the,1
minimum,1
wage,2
of,2
"€1,430",3
to,1
cover,1
the,1
extra,1
expense,1
of,1
living,1
in,1
Paris).,0
The,1
journalist,1
was,1
shocked,1
to,1
find,2
out,1
at,1
the,1
start,1
of,1
the,1
experiment,1
that,1
only,2
4.5%,4
of,2
the,2
contents,2
of,2
his,2
flat,1
were,1
made,2
nationally,1
–,1
and,1
that,1
the,2
rest,1
would,1
have,1
to,1
"go,",2
including,1
the,1
lightbulbs,2
(China),4
and,1
green,1
beans,1
(Kenya).,1
The,1
removal,1
men,1
left,2
Carle's,5
home,1
almost,1
bare.,0
Left,1
without,2
a,2
refrigerator,3
(none,6
are,3
made,3
in,3
France),4
or,2
nail,2
"clippers,",2
he,1
was,1
forced,2
to,2
chill,3
his,3
food,2
on,2
the,2
window,2
ledge,1
and,1
saw,2
at,2
his,2
toenails,1
with,1
a,1
penknife.,0
His,1
foreign-made,5
"clothes,",4
down,2
to,2
his,2
"underwear,",2
were,1
replaced,1
with,1
more,2
expensive,1
alternatives:,2
French-produced,5
underpants,5
"(€26),",22
socks,4
"(€9),",16
polo,3
shirt,3
"(€75),",11
espadrille,2
sandals,2
(,2
"€26),",4
but,1
no,1
jeans,1
as,1
none,1
are,1
produced,1
in,1
France.,0
During,1
the,1
"experiment,",2
Carle,1
scoured,3
supermarket,3
shelves,2
for,2
100%,5
French-made,8
"products,",4
learned,2
to,2
cook,2
seasonal,2
fruit,3
and,3
vegetables,2
grown,2
in,2
"France,",2
proudly,1
brushed,2
his,2
teeth,1
with,1
the,1
last,1
toothbrush,1
made,2
in,2
France,1
by,1
a,1
company,2
in,2
Picardie,1
employing,2
29,2
people,2
and,2
hand-washed,8
his,2
smalls,1
until,1
he,1
found,1
the,1
last,1
French-made,5
washing,1
machine,1
"(which,",3
being,2
top,2
"opening,",2
would,1
not,1
fit,1
under,1
the,1
kitchen,1
counter).,0
Going,3
out,2
with,2
friends,1
was,2
problematic,1
–,1
no,1
American,1
"films,",4
no,2
Belgian,2
"beer,",2
no,1
sushi,1
or,1
pizza.,0
Staying,3
"home,",4
with,2
no,2
sofa,2
for,2
the,2
first,2
few,2
months,2
and,2
no,2
"television,",2
meant,1
listening,2
to,2
crooner,2
Michel,2
Sardou,1
and,1
reading,1
French,1
novels.,0
French,1
wine,1
"was,",2
of,2
"course,",2
allowed,1
and,1
French-,4
Canadian,1
singer,2
Céline,2
"Dion,",2
but,2
"not,",4
according,3
to,2
his,2
"advisers,",2
French,1
bands,1
such,2
as,1
Daft,2
"Punk,",2
who,1
sing,1
in,1
English.,0
Unable,2
to,2
use,3
his,3
British-made,11
bicycle,3
or,3
even,3
a,3
French,3
car,2
after,2
discovering,2
the,2
only,2
affordable,2
"Peugeot,",2
Renault,3
and,3
Citroën,2
models,1
are,1
mostly,1
made,2
"overseas,",2
Carle,1
invested,1
in,1
a,1
fug-emitting,5
orange,1
Mobylette,1
moped.,0
The,1
last,1
things,2
to,2
go,1
were,1
the,1
"computer,",2
replaced,1
by,1
a,1
"Qooq,",2
a,1
recipe,1
tablet,1
that,1
connects,2
–,2
slowly,1
–,1
to,1
the,1
internet,2
and,2
the,2
"iPhone,",2
swapped,1
for,1
an,1
old,1
Sagem,1
mobile.,0
The,1
documentary,1
shows,2
Carle,1
–,1
realizing,2
he,2
is,2
addicted,2
to,2
his,2
iPhone,1
–,1
smashing,3
it,2
with,2
a,2
brand-,6
new,3
French-made,8
Tefal,2
"saucepan,",2
while,1
his,2
girlfriend,1
shrieks:,2
“Are,2
you,1
crazy?,0
Those,1
are,1
new,1
pans!”,0
Carle,1
tells,2
viewers,1
his,2
aim,1
is,1
to,1
“save,2
the,1
French,1
economy.,0
After,1
"all,",2
I,1
like,1
Mission,1
Impossible.”,0
He,1
admits,1
the,2
experiment,1
was,1
part,1
serious,1
and,1
part,1
jest.,0
At,1
one,1
"point,",2
he,1
consults,3
a,3
French,3
language,3
expert,2
to,2
check,2
if,2
he,2
should,2
keep,2
using,2
“cool”,6
and,2
other,2
Anglicisms,1
–,1
he,1
was,1
advised,1
to,1
swap,2
it,1
for,1
the,1
nearest,1
French,1
equivalent:,2
“chouette.”,1
On,1
discovering,2
France,1
makes,3
no,3
refrigerators,4
(apart,8
from,4
wine,4
coolers),6
or,3
"televisions,",4
but,2
is,2
big,2
in,2
airplane,2
seats,2
and,2
"windmills,",2
he,1
sighs,1
and,1
says:,2
“Great.,1
Nothing,1
that,1
will,1
fit,1
into,1
my,1
apartment.”,0
At,1
the,1
end,2
of,2
the,2
"experiment,",2
Carle,1
takes,3
out,2
a,2
bank,2
loan,1
to,1
refurnish,2
his,2
home,1
and,1
clothe,1
himself.,0
A,1
special,1
“auditor”,3
declares,4
him,3
96.9%,5
“made,4
in,2
France”,2
and,1
Montebourg,1
visits,1
to,1
present,2
him,1
with,1
a,1
medal.,0
Carle's,3
conclusion:,2
“It's,3
not,1
entirely,1
possible,1
or,1
even,1
desirable,1
to,1
live,2
100%,5
‘made,4
in,2
"France,'",3
particularly,1
in,1
terms,1
of,1
new,1
technology.”,0
But,1
that,1
wasn't,2
the,1
point.,0
“This,1
wasn't,2
about,1
French,1
nationalism,1
or,1
patriotism.,0
It,1
was,1
trying,2
to,2
show,2
that,2
we,2
should,2
reflect,2
about,2
the,2
way,2
we,2
consume,2
and,2
make,2
different,2
"choices,",2
and,1
that,1
applies,1
in,1
all,1
countries.,0
If,1
we,1
want,2
to,2
save,2
jobs,2
and,2
"industries,",2
wherever,2
we,2
"are,",2
we,1
might,1
think,1
about,1
supporting,1
them.”,0
According,2
to,1
"Carle,",2
“A,3
T-shirt,5
is,1
more,1
expensive,2
in,2
France,1
but,1
I,1
can,1
be,1
sure,1
it,1
has,1
been,1
produced,1
by,1
workers,1
who,1
are,1
correctly,1
paid,1
and,1
have,1
good,1
working,1
conditions.,0
I,1
cannot,2
be,1
sure,1
about,1
a,1
cheaper,1
T-shirt,3
produced,1
in,1
Asia,1
or,1
Morocco.”,0
He,1
added:,2
“It's,3
hypocrisy,1
to,1
go,2
around,1
blaming,3
capitalists,2
for,2
a,3
country's,5
economic,2
decline,1
when,1
people,1
could,1
be,1
doing,2
more,1
as,1
consumers.”,0
Carle,1
says,1
he,1
hopes,1
to,1
continue,1
supporting,1
French,1
industry,2
and,2
"producers,",2
but,1
not,1
100%.,1
“It,1
is,1
a,1
full-time,5
job,2
just,2
finding,2
the,2
"stuff,”",3
he,1
said.,0
The,1
first,1
thing,2
he,2
did,2
when,2
the,3
experiment,2
ended,1
was,1
invite,4
his,4
friends,3
around,2
for,2
the,2
evening,1
to,1
enjoy,2
“a,4
plate,2
of,2
cheese,1
and,1
listen,1
to,1
the,1
David,2
Bowie,1
album,1
Aladdin,1
Sane.”,0
“It,1
was,1
difficult,2
not,2
being,2
able,2
to,2
invite,4
people,3
around,2
because,2
there,2
was,2
nowhere,2
to,2
sit,1
...,1
but,1
I'd,2
choose,3
Bowie,2
over,2
a,2
sofa,1
any,1
day.”,0
Benjamin,2
Carle,1
is,1
96.9%,3
made,2
in,2
"France,",2
even,1
his,1
underpants,1
and,1
socks.,0
Six,1
Ikea,1
"forks,",6
a,3
Chinese,3
guitar,2
and,2
some,2
wall,2
paint,1
stopped,3
him,2
being,2
called,2
100%,5
"French,",2
but,1
nobody,1
is,1
perfect.,0
"Carle,",4
"26,",2
"decided,",4
in,2
"2013,",2
to,1
see,1
if,1
it,1
was,1
possible,1
to,1
live,1
using,3
only,3
French-made,11
products,2
for,2
ten,2
months,1
as,1
part,1
of,1
a,1
television,1
documentary.,0
He,1
got,2
the,2
idea,1
after,1
the,2
Minister,3
for,3
Economic,3
"Renewal,",4
Arnaud,2
"Montebourg,",2
asked,2
the,2
French,2
people,1
to,1
buy,1
French,1
products.,0
For,1
the,1
"experiment,",2
Carle,1
had,1
to,1
give,2
up,1
his,1
"smartphone,",10
"television,",8
refrigerator,3
(all,6
made,3
in,3
China);,6
his,2
glasses,2
(Italian);,5
his,1
morning,1
coffee,2
(Guatemalan),4
and,1
his,1
favourite,1
David,2
Bowie,1
music,1
(British).,1
It,1
is,1
lucky,1
that,1
his,2
"girlfriend,",8
"Anaïs,",6
and,3
"cat,",4
"Loon,",2
are,1
both,1
"French,",2
so,1
he,1
didn't,2
have,1
to,1
give,2
them,1
up.,0
“I,1
wanted,2
to,2
see,2
if,2
it,2
was,2
possible,2
to,2
do,2
what,2
the,3
minister,2
was,2
asking,3
us,2
to,2
"do,”",3
Carle,1
said.,0
He,1
had,4
just,5
three,4
rules,3
for,3
himself:,4
eat,2
only,2
food,2
made,2
in,2
"France,",2
not,1
have,2
any,2
contact,2
with,2
foreign-made,8
products,1
and,1
to,1
do,3
it,2
all,2
on,2
"€1,800",5
a,2
month,1
(above,2
the,1
minimum,1
wage,2
of,2
"€1,430",3
to,1
cover,1
the,1
extra,1
cost,1
of,1
living,1
in,1
Paris).,0
The,1
journalist,1
was,1
shocked,1
to,1
find,2
out,1
at,1
the,1
start,1
of,1
the,1
experiment,1
that,1
only,2
4.5%,4
of,2
the,2
things,2
in,2
his,2
flat,1
were,1
made,1
in,1
France.,0
Everything,2
not,2
made,2
in,2
France,1
had,1
to,1
"go,",2
including,1
the,1
lightbulbs,2
(China),4
and,1
green,1
beans,1
(Kenya).,1
The,1
removal,1
men,1
left,2
Carle's,5
home,1
almost,1
empty.,0
Without,1
a,1
refrigerator,2
(none,4
are,2
made,2
in,2
"France),",3
he,1
had,1
to,1
chill,2
his,2
food,1
on,1
the,1
window,1
ledge.,0
His,1
foreign-made,5
"clothes,",4
including,2
his,2
"underwear,",2
were,1
replaced,1
with,1
more,2
expensive,1
alternatives:,2
French-produced,5
underpants,5
"(€26),",22
socks,4
"(€9),",16
polo,3
shirt,3
"(€75),",11
espadrille,2
sandals,2
"(€26),",6
but,1
no,1
jeans,1
because,1
none,1
are,1
produced,1
in,1
France.,0
During,1
the,1
"experiment,",2
Carle,1
bought,3
in,3
supermarkets,2
only,2
French-made,8
products,1
and,1
learned,1
to,1
cook,1
seasonal,1
fruit,2
and,2
vegetables,1
grown,1
in,1
France.,0
He,1
brushed,3
his,3
teeth,2
with,2
a,2
toothbrush,2
made,2
in,2
France,1
and,1
hand-washed,4
his,2
underwear,1
until,1
he,1
found,1
a,1
French-made,5
washing,1
machine.,0
The,1
washing,1
machine,1
opened,2
at,2
the,2
top,1
and,1
so,1
would,1
not,1
fit,1
under,1
the,1
kitchen,1
counter.,0
Going,3
out,2
with,2
friends,1
was,1
a,1
problem,1
–,1
no,1
American,1
"films,",4
no,2
Belgian,2
"beer,",2
no,1
sushi,1
or,1
pizza.,0
When,1
Carle,1
stayed,3
"home,",4
with,2
no,2
sofa,2
for,2
the,2
first,2
few,2
months,2
and,2
no,2
"television,",2
he,1
listened,2
to,2
French,2
singer,2
Michel,2
Sardou,1
and,1
read,1
French,1
novels.,0
French,1
wine,1
"was,",2
of,2
"course,",2
allowed,1
and,1
French-Canadian,5
singer,1
Céline,2
"Dion,",2
but,1
not,1
French,1
bands,1
such,2
as,1
Daft,2
"Punk,",2
who,1
sing,1
in,1
English.,0
He,1
could,1
not,1
use,2
his,2
British-made,8
bicycle,2
or,2
even,2
a,2
French,2
car,1
because,1
he,1
discovered,1
that,1
the,2
only,2
affordable,2
"Peugeot,",6
Renault,2
and,2
Citroën,2
cars,1
are,1
not,1
made,1
in,1
France.,0
"So,",2
he,1
bought,1
an,1
orange,1
Mobylette,1
moped.,0
His,1
computer,1
was,1
replaced,1
by,1
a,1
"Qooq,",2
a,1
tablet,1
that,1
connects,2
–,2
slowly,1
–,1
to,1
the,1
internet,1
and,1
the,1
"iPhone,",2
which,1
he,1
swapped,1
for,1
an,1
old,1
Sagem,1
mobile.,0
The,1
documentary,1
shows,2
Carle,1
–,1
breaking,3
his,3
iPhone,2
with,2
a,2
new,2
French-made,8
Tefal,2
"saucepan,",2
while,1
his,2
girlfriend,1
shouts:,2
“Are,2
you,1
crazy?,0
Those,1
are,1
new,1
pans!”,0
Carle,1
said,1
his,2
aim,1
was,1
to,1
“save,2
the,1
French,1
economy.”,0
He,1
said,1
the,2
experiment,1
was,1
part,1
serious,1
and,1
part,1
fun.,0
He,1
even,1
asked,3
a,3
French,3
language,3
expert,2
to,2
check,2
if,2
he,2
should,2
keep,2
using,2
the,2
word,3
“cool”,7
and,2
other,2
English,2
words,1
–,1
the,2
expert,1
told,2
him,1
swap,2
it,1
for,1
the,1
nearest,1
French,1
alternative:,2
“chouette.”,1
When,1
he,1
discovered,2
that,2
France,2
makes,3
no,3
refrigerators,3
or,3
"televisions,",4
but,2
makes,2
airplane,2
seats,2
and,2
"windmills,",2
he,1
sighed,1
and,1
said:,2
“Great.,1
Nothing,1
that,1
will,1
fit,1
into,1
my,1
apartment.”,0
At,1
the,1
end,2
of,2
the,2
"experiment,",2
Carle,1
bought,1
new,1
furniture,1
and,1
clothes.,0
A,1
special,1
“auditor”,3
said,2
Carle,2
was,2
96.9%,5
“made,4
in,2
France”,2
and,1
Montebourg,1
gave,2
him,1
a,1
medal.,0
Carle's,3
conclusion:,2
“It's,3
not,1
entirely,1
possible,1
to,1
live,2
100%,5
‘made,4
in,2
"France,'",3
particularly,1
in,1
terms,1
of,1
new,1
technology.”,0
“This,1
wasn't,2
about,1
French,1
nationalism,1
or,1
patriotism.,0
It,1
was,1
trying,2
to,2
show,2
that,2
we,2
should,2
think,2
about,2
the,2
way,2
we,2
buy,2
and,2
make,2
different,2
"choices,",2
and,1
that,1
is,1
the,1
same,1
in,1
all,1
countries.,0
If,1
we,1
want,2
to,2
save,2
jobs,2
and,2
"industries,",2
we,1
should,1
support,1
them.”,0
Carle,1
"said,",4
“A,5
T-shirt,8
is,2
more,2
expensive,2
in,2
France,1
but,1
I,1
can,1
be,1
sure,1
it,1
has,1
been,1
made,1
by,1
workers,1
who,1
are,1
correctly,1
paid,1
and,1
have,1
good,1
working,1
conditions.,0
I,1
cannot,2
be,1
sure,1
about,1
a,1
cheaper,1
T-shirt,3
produced,1
in,1
Asia,1
or,1
Morocco.,0
People,1
could,1
do,2
more,1
when,1
they,1
decide,1
what,1
to,1
buy.”,0
Carle,1
says,1
he,1
hopes,1
to,1
continue,1
supporting,1
French,1
industry,2
and,2
"producers,",2
but,1
not,1
100%.,1
“It,1
is,1
a,1
full-time,5
job,2
just,2
finding,2
the,2
"stuff,”",3
he,1
said.,0
The,1
first,1
thing,2
he,2
did,2
when,2
the,3
experiment,2
ended,1
was,1
invite,2
his,2
friends,1
to,1
enjoy,2
“a,4
plate,2
of,2
cheese,1
and,1
listen,1
to,1
the,1
David,2
Bowie,1
album,1
Aladdin,1
Sane.”,0
“It,1
was,1
difficult,2
not,2
being,2
able,2
to,2
invite,3
people,2
because,2
there,2
was,2
nowhere,2
to,2
sit,1
...,1
but,1
I'd,2
choose,3
Bowie,2
over,2
a,2
sofa,1
any,1
day.”,0
Galina,2
Zaglumyonova,1
was,1
woken,3
in,3
her,3
flat,2
in,2
central,2
Chelyabinsk,1
by,1
an,1
enormous,1
explosion,1
that,1
blew,2
in,2
the,2
balcony,2
windows,1
and,1
shattered,1
clay,1
pots,1
containing,1
her,1
few,1
houseplants.,0
When,1
she,1
jumped,2
out,2
of,2
bed,1
she,1
could,1
see,2
a,2
huge,2
vapor,2
trail,2
hanging,2
in,2
the,2
morning,2
sky,1
and,1
hear,3
the,3
wail,3
of,3
car,3
alarms,2
from,2
the,2
street,1
below.,0
“I,1
didn't,2
understand,2
what,2
was,2
going,2
"on,”",3
said,1
Zaglumyonova.,0
“There,1
was,1
a,1
big,1
explosion,1
and,1
then,1
a,1
series,1
of,1
little,1
explosions.,0
My,1
first,1
thought,1
was,1
that,1
it,1
was,1
a,1
plane,1
crash.”,0
What,2
she,2
had,2
actually,2
witnessed,1
were,1
the,1
death,1
throes,1
of,1
a,1
ten-ton,5
meteorite,1
that,1
plunged,2
to,2
Earth,1
in,1
a,1
series,2
of,2
fireballs,1
just,1
after,1
sunrise.,0
Officials,1
put,2
the,2
number,2
of,2
people,2
injured,2
at,2
almost,2
"1,200,",2
with,1
more,3
than,2
40,1
taken,2
to,2
hospital,1
–,1
most,1
as,1
a,1
result,1
of,1
flying,1
glass,1
shattered,1
by,1
the,1
sonic,1
boom,1
created,1
by,1
the,2
meteorite's,3
descent.,0
There,1
were,1
no,1
reported,1
deaths.,0
The,1
meteorite,1
entered,2
the,2
atmosphere,2
traveling,2
at,2
a,2
speed,2
of,2
at,3
least,3
"33,000mph",3
and,1
broke,4
up,3
into,3
chunks,3
between,3
18,3
and,4
32,3
miles,2
above,2
the,2
"ground,",2
according,2
to,1
a,1
statement,1
from,1
the,1
Russian,1
Academy,1
of,1
Sciences.,0
The,1
event,1
caused,3
panic,2
in,2
"Chelyabinsk,",4
a,2
Russian,2
city,2
of,2
one,3
million,2
people,2
to,2
the,2
south,2
of,2
the,2
Ural,2
"mountains,",2
as,1
mobile,2
phone,2
networks,1
swiftly,1
became,1
jammed,1
by,1
the,1
volume,1
of,1
calls.,0
Amateur,1
video,1
footage,3
from,3
the,3
"area,",4
often,2
peppered,2
with,2
the,2
obscene,2
language,2
of,2
frightened,2
"observers,",2
showed,1
the,1
chunks,2
of,2
meteorite,1
glowing,2
more,2
brightly,1
as,1
they,1
approached,1
the,1
moment,1
of,1
impact.,0
The,1
vapor,1
trail,1
was,1
visible,2
for,2
hundreds,3
of,3
miles,2
"around,",2
including,1
in,1
neighboring,1
Kazakhstan.,0
Tatyana,2
Bets,1
was,1
at,1
work,1
in,1
the,1
reception,1
area,1
of,1
a,1
hospital,1
clinic,1
in,1
the,1
center,2
of,2
the,2
city,1
when,1
the,2
meteorite,1
struck.,0
“First,1
we,1
noticed,4
the,4
"wind,",6
and,3
then,3
the,4
room,3
was,3
filled,3
with,3
a,3
very,4
bright,3
light,2
and,2
we,2
could,2
see,2
a,2
cloud,2
of,2
some,2
unspecified,2
smoke,2
in,2
the,2
"sky,”",3
she,1
said.,0
"Then,",2
after,2
a,2
few,2
"minutes,",2
came,1
the,1
explosions.,0
At,1
least,1
three,1
craters,1
were,1
subsequently,1
"discovered,",4
according,3
to,2
the,2
Ministry,2
of,2
the,2
"Interior,",2
and,1
were,1
being,1
monitored,1
by,1
the,1
military.,0
One,1
crater,1
was,1
more,3
than,2
six,2
meters,1
"wide,",2
while,1
another,2
lump,2
of,2
meteorite,1
was,1
reported,1
to,1
have,1
slammed,1
through,1
the,1
thick,1
ice,1
of,1
a,1
nearby,1
lake.,0
Radiation,1
levels,2
at,2
the,2
impact,2
sites,1
were,1
"normal,",2
according,2
to,1
local,1
military,1
officials.,0
In,1
Chelyabinsk,2
"itself,",2
schools,2
and,2
universities,1
were,1
closed,1
and,1
many,2
other,2
staff,1
told,1
to,1
go,2
home,1
early.,0
About,1
200,1
children,1
were,1
among,1
the,1
injured.,0
A,1
steady,1
stream,2
of,2
lightly,3
injured,2
"people,",4
most,2
suffering,3
cuts,2
from,2
flying,2
"glass,",2
came,1
into,1
the,1
clinic,1
where,1
Bets,1
works.,0
She,1
said,2
a,3
nearby,3
college,2
was,2
particularly,3
badly,2
affected,1
and,1
many,2
of,2
the,2
students,1
were,1
brought,2
in,1
suffering,1
from,1
fright.,0
“There,1
were,1
a,1
lot,1
of,1
girls,1
from,1
the,1
college,1
in,1
shock.,0
Some,1
were,1
very,1
pale,2
and,2
many,3
of,3
them,2
"fainted,”",3
she,1
said.,0
Early,1
estimates,1
suggested,1
more,3
than,2
"100,000",2
square,2
meters,2
of,2
glass,1
had,1
been,1
broken,1
and,1
"3,000",2
buildings,1
hit.,0
The,1
total,1
cost,2
of,2
the,2
damage,2
in,2
the,2
city,1
was,1
being,1
valued,1
at,1
in,1
excess,1
of,1
one,2
billion,1
roubles,1
(£20m).,3
The,1
meteorite,2
over,2
Chelyabinsk,1
arrived,2
less,3
than,2
a,2
day,1
before,1
asteroid,3
2012,2
DA14,1
was,1
expected,1
to,1
make,2
the,2
closest,2
pass,2
to,2
Earth,2
(about,5
"17,510",2
miles),2
of,1
any,1
recorded,1
cosmic,1
body.,0
But,1
experts,1
said,1
the,2
two,2
events,1
were,1
linked,1
by,1
nothing,1
more,1
than,1
coincidence.,0
Rumors,2
and,2
conspiracy,2
"theories,",2
"however,",2
swirled,2
in,2
the,2
first,2
few,2
hours,1
after,1
the,1
incident.,0
Reports,2
on,2
Russian,2
state,2
television,2
and,2
in,2
local,2
media,1
suggested,1
that,1
the,2
meteorite,1
was,1
engaged,2
by,2
local,2
air,3
defense,2
units,1
and,1
blown,2
apart,1
at,1
an,1
altitude,1
of,1
more,3
than,2
15,1
miles.,0
The,1
ultranationalist,1
leader,2
of,2
Russia's,5
Liberal,2
Democrat,2
"party,",4
Vladimir,2
"Zhirinovsky,",2
said,2
it,2
was,2
not,2
a,2
meteorite,2
but,2
military,2
action,2
by,2
the,2
United,2
"States,",2
echoing,1
much,1
of,1
the,1
speculation,1
voiced,1
on,1
amateur,1
film,1
footage.,0
“It's,2
not,1
a,1
meteorite,1
falling,0
–,0
it's,2
a,1
test,2
of,2
new,2
American,2
"weapons,”",3
Zhirinovsky,1
said.,0
Some,1
were,1
quick,1
to,1
take,2
advantage,1
of,1
the,1
confusion.,0
Enterprising,1
people,1
were,1
offering,4
lumps,4
of,4
meteorite,3
for,3
sale,2
through,2
internet,2
sites,1
within,1
a,1
few,1
hours,1
of,1
the,1
impact.,0
President,4
Vladimir,3
Putin,2
and,2
the,2
Prime,2
"Minister,",4
Dmitry,2
"Medvedev,",2
were,1
informed,2
about,2
the,2
"incident,",2
and,1
Putin,1
convened,1
a,1
meeting,1
with,1
the,1
head,1
of,1
the,1
Emergency,2
Situations,1
Ministry.,0
“It's,2
proof,2
that,2
not,2
only,2
are,2
economies,2
vulnerable,2
but,2
the,2
whole,2
"planet,”",3
Medvedev,1
said,1
at,1
an,1
economic,1
forum,1
in,1
Siberia.,0
Galina,2
Zaglumyonova,1
was,1
woken,3
in,3
her,3
flat,2
in,2
central,2
Chelyabinsk,1
by,1
a,1
very,2
big,1
explosion,1
that,1
broke,1
the,1
balcony,1
windows,1
and,1
broken,1
pots,1
containing,1
her,1
houseplants.,0
When,1
she,1
jumped,2
out,2
of,2
bed,1
she,1
could,1
see,3
a,3
huge,3
vapor,3
trail,2
in,2
the,2
morning,2
sky,1
and,1
hear,3
car,3
alarms,2
from,2
the,2
street,1
below.,0
“I,1
didn't,2
understand,2
what,2
was,2
going,2
"on,”",3
said,1
Zaglumyonova.,0
“There,1
was,1
a,1
big,1
explosion,1
and,1
then,1
lots,1
of,1
little,1
explosions.,0
My,1
first,1
thought,1
was,1
that,1
it,1
was,1
a,1
plane,1
crash.”,0
In,1
"fact,",2
it,1
was,1
a,1
ten-ton,5
meteorite,1
that,1
fell,2
to,2
Earth,1
in,1
lots,1
of,1
pieces.,0
Almost,1
"1,200",1
people,1
were,1
injured.,0
More,2
than,1
40,1
people,1
were,1
taken,2
to,2
hospital,1
–,1
most,2
of,2
them,1
were,1
hurt,1
by,1
flying,1
glass.,0
There,1
were,1
no,1
deaths.,0
The,1
meteorite,1
entered,3
the,3
atmosphere,2
at,2
a,2
speed,2
of,2
at,3
least,3
"33,000",2
miles,2
per,2
hour,1
and,1
broke,3
into,3
pieces,2
between,2
18,3
and,3
32,2
miles,1
above,1
the,1
ground.,0
The,1
event,1
caused,2
panic,1
in,1
"Chelyabinsk,",2
a,1
Russian,1
city,1
of,1
one,2
million,1
people,1
to,1
the,1
south,1
of,1
the,1
Ural,1
mountains.,0
Mobile,1
phone,1
networks,1
quickly,1
became,1
jammed,1
by,1
the,1
large,1
number,1
of,1
calls.,0
A,1
video,1
showed,1
the,1
pieces,2
of,2
meteorite,1
glowing,2
more,2
brightly,1
as,1
they,1
approached,1
the,1
moment,1
of,1
impact.,0
People,1
could,1
see,3
the,3
vapor,3
trail,2
for,2
hundreds,2
of,2
"miles,",2
even,1
from,1
neighboring,1
Kazakhstan.,0
Tatyana,2
Bets,1
was,1
at,1
work,1
in,1
the,1
reception,1
area,1
of,1
a,1
hospital,1
clinic,1
in,1
the,1
center,2
of,2
the,2
city,1
when,1
the,2
meteorite,1
hit.,0
“First,1
we,1
noticed,4
the,4
"wind,",6
and,3
then,3
the,4
room,3
was,3
filled,3
with,3
a,3
very,4
bright,3
light,2
and,2
we,2
could,2
see,3
smoke,2
in,2
the,2
"sky,”",3
she,1
said.,0
"Then,",2
after,2
a,2
few,2
"minutes,",2
the,2
explosions,1
came.,0
At,1
least,1
three,1
craters,1
were,1
found.,0
One,1
crater,1
was,1
more,3
than,2
six,2
meters,1
wide.,0
Another,1
piece,2
of,2
meteorite,1
broke,1
through,1
the,1
thick,1
ice,1
of,1
a,1
lake.,0
The,1
local,1
military,1
said,1
that,1
the,2
radiation,2
levels,2
at,2
the,2
impact,2
sites,1
were,1
normal.,0
In,1
"Chelyabinsk,",2
schools,2
and,2
universities,1
were,1
closed,1
and,1
people,1
were,1
told,1
to,1
go,2
home,1
early.,0
About,1
200,1
children,1
were,1
injured.,0
Many,1
"people,",4
mostly,2
with,2
cuts,2
from,2
flying,2
"glass,",2
came,1
into,1
the,1
clinic,1
where,1
Bets,1
works.,0
She,1
said,1
many,2
of,2
the,2
students,2
at,2
a,2
nearby,2
college,1
came,2
to,2
the,2
hospital,1
because,1
they,1
were,1
scared.,0
“There,1
were,2
a,2
lot,2
of,2
girls,2
from,2
the,2
college,2
in,2
"shock,”",3
she,1
said.,0
More,2
than,1
"100,000",1
square,1
meters,2
of,2
glass,1
were,1
broken,1
and,1
"3,000",2
buildings,1
were,1
hit.,0
The,1
total,1
cost,2
of,2
the,2
damage,2
in,2
the,2
city,1
is,1
probably,1
more,3
than,2
one,2
billion,1
roubles,1
(£20,3
million).,0
The,1
meteorite,1
arrived,3
a,3
day,2
before,2
asteroid,2
2012,1
DA14,1
passed,3
Earth,2
very,2
closely,1
(about,3
"17,510",1
miles).,0
But,1
experts,1
said,1
the,2
two,2
events,1
were,1
not,1
connected.,0
There,1
were,2
lots,2
of,2
rumors,1
in,1
the,1
first,1
few,1
hours,1
after,1
the,1
incident.,0
Reports,2
on,2
Russian,2
state,2
television,2
and,2
in,2
local,2
media,1
suggested,1
that,1
the,2
Russian,2
military,1
blew,2
apart,1
the,1
meteorite.,0
The,1
ultra-nationalist,5
leader,2
of,2
Russia's,5
Liberal,2
Democrat,2
"party,",4
Vladimir,2
"Zhirinovsky,",2
said,1
it,1
was,1
not,1
a,1
meteorite.,0
He,1
said,1
it,1
was,1
a,1
weapons,1
test,1
by,1
the,1
United,1
States.,0
Some,1
people,1
were,1
selling,3
pieces,3
of,3
meteorite,2
through,2
internet,2
sites,1
within,1
a,1
few,1
hours,1
of,1
the,1
impact.,0
President,4
Vladimir,3
Putin,2
and,2
the,2
Prime,2
"Minister,",4
Dmitry,2
"Medvedev,",2
were,1
updated,2
about,2
the,2
"incident,",2
and,1
Putin,1
met,1
with,1
the,1
head,1
of,1
the,1
Emergency,2
Situations,1
Ministry.,0
Prime,1
Minister,3
Dmitry,2
Medvedev,1
said,1
that,1
it,1
shows,2
us,1
that,1
the,2
whole,2
planet,1
is,1
vulnerable.,0
The,1
small,1
space,1
is,1
set,2
up,1
to,1
look,1
like,1
a,1
classroom.,0
Its,2
corrugated,2
iron,2
walls,1
are,1
hung,2
with,2
educational,2
charts,1
–,1
illustrated,1
letters,1
of,1
the,1
alphabet,1
and,1
a,1
map,1
of,1
Bangladesh.,0
"But,",2
the,2
constant,2
sound,3
of,3
hammering,3
and,3
the,3
chemicals,3
in,3
the,3
air,2
that,2
catch,3
in,3
the,3
back,3
of,3
the,3
throat,2
and,2
irritate,2
the,2
eyes,1
make,2
it,1
hard,1
to,1
concentrate.,0
The,1
children,2
who,2
learn,2
in,2
this,2
three-square-,12
meter,2
room,1
are,1
the,1
lucky,1
"ones,",2
however.,0
They,1
have,1
escaped,1
working,2
in,2
the,2
factories,1
opposite.,0
For,1
14,1
"years,",2
"SOHAY,",6
a,3
grassroots,3
non-governmental,3
organization,3
(NGO),7
funded,2
by,2
the,2
Global,2
Fund,3
for,3
Children,3
and,3
Comic,2
"Relief,",2
has,1
been,1
working,2
in,2
slum,2
areas,2
of,2
Dhaka,1
to,1
get,2
child,2
laborers,1
into,1
school.,0
It,1
focuses,1
on,1
children,1
working,2
in,2
hazardous,2
conditions,1
–,1
in,1
aluminum,2
and,2
plastic,2
"factories,",2
and,1
tanneries.,0
The,1
classroom,1
is,1
one,1
of,1
23,1
urban,1
development,1
centers,1
that,1
SOHAY,1
has,1
set,2
up,1
across,1
the,1
capital.,0
The,1
centers,1
prepare,3
children,2
for,2
primary,2
school,1
with,1
classes,1
that,1
help,2
them,1
catch,2
up,1
on,1
their,1
education.,0
Once,1
they,1
are,1
in,1
primary,1
"school,",2
the,2
children,1
can,1
do,3
homework,2
at,2
the,2
"centers,",2
with,1
help,1
from,1
their,1
peers.,0
"Alamin,",4
"ten,",4
who,2
used,2
to,2
work,2
in,2
a,2
plastic,2
"factory,",2
attends,1
one,1
of,1
the,1
centers.,0
His,1
father,1
is,1
a,1
street,1
seller,1
and,1
his,2
mother,1
a,1
part-time,5
domestic,1
worker.,0
They,1
are,1
all,1
happy,1
that,1
he's,2
now,1
in,1
school,1
and,1
away,1
from,1
hazardous,1
work.,0
His,1
friend,2
Rabi,1
says,1
he,1
wants,1
to,1
forget,2
his,2
past,1
in,1
the,1
factory.,0
“I,1
like,2
"school,”",3
he,1
says.,0
SOHAY,1
also,1
runs,2
sessions,1
for,1
parents,2
and,2
employers,1
to,1
discourage,2
child,2
labor,1
and,1
offers,2
skills,2
training,1
to,1
increase,1
family,1
income.,0
“Getting,3
working,3
children,2
into,2
formal,2
education,1
is,1
really,1
very,1
"challenging,”",3
says,1
SOHAY's,3
program,1
"manager,",2
Mohammed,2
al-Mamun.,2
“Their,1
psychological,2
and,2
physical,1
condition,1
is,1
not,1
like,1
other,1
children,1
in,1
society.,0
After,1
they,1
leave,2
"work,",2
they,1
sometimes,1
find,2
it,1
difficult,1
to,1
make,2
friends,1
and,1
adapt,1
to,1
school.”,0
It,1
is,1
also,1
very,1
challenging,2
to,2
ensure,2
they,2
stay,2
in,2
school,1
–,1
the,2
dropout,2
rate,1
is,1
very,1
high,1
for,1
these,1
children.,0
Seven-year-old,5
Zhorna,3
Akter,2
Sumayya,1
has,1
two,1
older,1
"brothers,",2
both,2
of,2
whom,1
are,1
in,1
work,1
(one,2
at,1
a,1
"restaurant,",2
one,1
at,1
a,1
local,1
club).,0
"But,",2
after,2
being,2
introduced,3
to,3
education,2
at,2
one,2
of,2
SOHAY's,5
"centers,",2
she,1
now,1
goes,1
to,1
a,1
state,1
primary,1
school.,0
Her,1
parents,1
can't,2
survive,2
without,2
the,2
income,2
their,3
sons,2
bring,2
"home,",2
but,1
they,1
were,1
keen,1
for,1
their,2
daughter,1
to,1
go,1
to,1
school.,0
In,1
"2015,",2
SOHAY,1
helped,2
"1,540",2
children,1
to,1
leave,1
hazardous,1
work,2
and,2
"2,125",2
vulnerable,2
children,1
–,1
those,1
in,1
danger,1
of,1
entering,2
work,1
–,1
into,1
school.,0
About,1
780,1
more,1
children,1
are,1
preparing,1
to,1
enter,2
school,1
in,1
2017.,0
The,1
organization,1
is,1
also,1
helping,1
635,1
children,1
who,1
are,1
working,2
in,2
hazardous,2
conditions,1
to,1
know,2
their,2
rights,1
under,1
Bangladesh's,3
2010,1
child,2
labor,2
elimination,1
code,1
of,1
conduct.,0
The,1
policy,1
aimed,2
to,2
eradicate,3
all,3
forms,3
of,3
child,3
labor,2
by,2
2015,1
but,1
that,2
target,1
was,1
missed.,0
The,1
Labor,1
Law,2
of,2
Bangladesh,2
2006,1
bans,4
children,3
under,3
the,3
age,3
of,3
14,2
from,2
working,1
"but,",2
according,3
to,2
the,3
UN,3
children's,5
"agency,",2
"UNICEF,",2
4.7,2
million,2
children,2
under,2
that,2
age,1
are,1
employed,2
in,2
the,2
informal,2
sector,1
and,1
1.3,2
million,1
aged,2
five,3
to,3
17,2
work,1
in,1
hazardous,1
industries.,0
The,1
small,1
room,1
looks,1
like,1
a,1
classroom.,0
The,1
posters,2
on,2
the,2
walls,1
show,1
letters,1
of,1
the,1
alphabet,1
and,1
a,1
map,1
of,1
Bangladesh.,0
"But,",2
it,1
is,1
hard,1
to,1
concentrate,0
–,0
there,1
is,1
the,1
loud,1
hammering,3
and,3
chemicals,2
in,2
the,2
air,1
that,1
hurt,1
the,1
throat,1
and,1
eyes.,0
"But,",2
the,2
children,2
who,2
learn,2
in,2
this,2
three-,6
square-meter,8
room,1
are,1
lucky.,0
They,1
have,1
escaped,1
working,2
in,2
the,2
factories,1
opposite.,0
For,1
14,1
"years,",2
"SOHAY,",4
a,2
non-governmental,2
organization,2
"(NGO),",5
has,1
worked,3
in,3
slums,2
in,2
Dhaka,1
to,1
send,2
child,2
workers,1
to,1
school.,0
It,1
especially,1
tries,1
to,1
help,1
children,1
who,1
do,1
dangerous,1
work.,0
The,1
classroom,1
is,1
one,1
of,1
23,1
centers,1
that,1
SOHAY,1
has,1
set,2
up,1
in,1
Dhaka.,0
The,1
classes,2
at,2
the,2
centers,1
help,2
children,1
enter,1
primary,1
school.,0
When,1
they,1
are,1
in,1
"school,",2
the,2
children,1
get,3
extra,3
help,2
with,2
their,2
homework,1
at,1
the,1
centers.,0
"Alamin,",4
ten,3
years,2
"old,",2
used,1
to,1
work,1
in,1
a,1
plastic,1
factory.,0
He,1
now,1
goes,1
to,1
one,1
of,1
the,1
centers.,0
His,1
parents,1
are,1
happy,1
that,1
he's,2
now,1
in,1
school,1
and,1
not,1
doing,1
dangerous,1
work.,0
His,1
friend,2
Rabi,1
says,1
he,1
wants,1
to,1
forget,2
his,2
past,1
in,1
the,1
factory.,0
“I,1
like,2
"school,”",3
he,1
says.,0
SOHAY,1
also,1
has,2
classes,1
for,1
parents,2
and,2
employers,1
to,1
stop,1
child,1
labor.,0
“It,1
can,1
be,1
very,1
difficult,2
for,2
working,3
children,2
to,2
go,2
to,2
"school,”",3
says,1
SOHAY's,3
program,1
"manager,",2
Mohammed,2
al-Mamun.,2
“They,1
are,1
not,1
like,1
other,1
children.,0
After,1
they,1
stop,2
"working,",2
they,1
sometimes,1
find,2
it,1
difficult,1
to,1
make,2
friends,1
and,1
adapt,1
to,1
school.”,0
It,1
is,1
also,1
difficult,2
to,2
make,2
sure,2
they,2
stay,2
in,2
school,1
–,1
lots,2
of,2
these,2
children,1
don't,2
finish,1
school.,0
Seven-year-old,5
Zhorna,3
Akter,2
Sumayya,1
has,2
two,2
older,2
brothers,1
–,1
they,2
both,1
work,1
(one,3
at,2
a,2
"restaurant,",2
one,1
at,1
a,1
local,1
club).,0
"But,",2
she,1
went,2
to,2
a,2
SOHAY,2
center,1
and,1
she,1
now,1
goes,1
to,1
school.,0
Her,1
parents,1
need,2
the,2
money,2
their,3
sons,2
"make,",2
but,1
they,1
want,2
their,2
daughter,1
to,1
go,1
to,1
school.,0
In,1
"2015,",2
SOHAY,1
helped,3
"1,540",3
children,2
to,2
leave,2
dangerous,2
work,1
and,1
helped,1
"2,125",1
more,1
children,1
–,1
those,1
who,1
would,1
soon,1
start,2
work,1
–,1
to,1
go,1
to,1
school.,0
About,1
780,1
more,1
children,1
are,1
preparing,1
to,1
start,2
school,1
in,1
2017.,0
The,1
Labor,1
Law,2
of,2
Bangladesh,2
2006,1
does,1
not,1
allow,4
children,3
younger,4
than,3
14,2
to,2
work,1
but,1
UNICEF,1
says,1
"that,",2
in,2
"Bangladesh,",4
4.7,3
million,3
children,3
younger,3
than,3
14,2
are,2
employed,1
and,1
1.3,2
million,2
children,2
aged,2
five,2
to,2
17,1
do,1
dangerous,1
work.,0
Angela,2
Erdmann,1
never,1
knew,1
her,1
grandfather.,0
He,1
died,3
in,3
"1946,",4
six,2
years,1
before,1
she,1
was,1
born.,0
"But,",2
on,2
Tuesday,1
8th,2
"April,",4
"2014,",2
she,1
described,2
the,2
extraordinary,2
moment,1
when,1
she,1
received,3
a,3
message,2
in,2
a,2
"bottle,",2
101,2
years,1
after,1
he,1
had,1
lobbed,2
it,1
into,1
the,1
Baltic,1
Sea.,0
Thought,2
to,2
be,2
the,3
world's,5
oldest,2
message,2
in,2
a,2
"bottle,",2
it,1
was,1
presented,2
to,2
Erdmann,1
by,1
the,1
museum,1
that,1
is,1
now,1
exhibiting,2
it,1
in,1
Germany.,0
“It,1
was,1
very,1
"surprising,”",3
Angela,3
"Erdmann,",4
"62,",2
"said,",2
recalling,1
how,1
she,1
found,2
out,1
about,1
the,1
bottle.,0
“A,1
man,1
stood,2
at,2
my,2
door,1
and,1
told,2
me,1
he,1
had,2
post,1
from,1
my,1
grandfather.,0
He,1
then,1
told,2
me,1
that,1
a,2
message,2
in,2
a,2
bottle,1
had,1
been,1
found,1
and,1
that,1
the,2
name,2
that,2
was,2
on,2
the,2
card,1
was,1
that,1
of,1
my,1
grandfather.”,0
Her,1
visitor,1
was,1
a,1
genealogical,1
researcher,1
who,1
had,1
managed,1
to,1
track,4
her,3
down,2
in,2
Berlin,1
after,1
the,2
letter,1
was,1
given,2
to,2
the,2
International,2
Maritime,2
Museum,1
in,1
the,1
northern,1
port,1
city,1
of,1
Hamburg.,0
The,1
brown,1
beer,1
"bottle,",4
which,2
had,2
been,2
in,2
the,2
water,2
for,2
101,2
"years,",2
was,1
found,1
in,1
the,1
catch,1
of,1
Konrad,3
"Fischer,",4
a,2
"fisherman,",2
who,1
had,1
been,1
out,2
in,2
the,2
Baltic,2
Sea,1
off,1
the,1
northern,1
city,1
of,1
Kiel.,0
Holger,4
von,3
"Neuhoff,",4
curator,2
for,2
ocean,3
and,3
science,2
at,2
the,2
"museum,",2
said,1
this,2
bottled,2
message,1
was,1
the,1
oldest,1
he,1
had,1
come,1
across.,0
“There,1
are,2
documents,2
that,2
have,2
been,2
found,2
without,2
the,2
bottle,2
that,2
are,2
older,2
and,2
are,2
in,2
the,2
"museum,”",3
he,1
said.,0
"“But,",2
with,2
the,2
bottle,2
and,2
the,2
"document,",2
this,1
is,1
certainly,1
the,1
oldest,1
at,1
the,1
moment.,0
It,1
is,1
in,1
extremely,2
good,1
condition.”,0
Researchers,1
believe,1
Erdmann's,5
"grandfather,",4
Richard,2
"Platz,",2
threw,3
the,3
bottle,2
in,2
the,2
sea,1
while,1
on,1
a,1
hike,2
with,2
a,2
nature,2
appreciation,2
group,1
in,1
1913.,0
He,1
was,1
20,2
years,1
old,1
at,1
the,1
time.,0
Much,2
of,2
the,2
postcard,1
was,1
"indecipherable,",2
although,1
the,2
address,3
in,3
Berlin,2
on,2
the,2
front,2
of,2
the,2
card,1
was,1
"legible,",2
as,1
was,1
the,2
author's,3
polite,1
request,1
that,1
the,2
note,1
be,1
sent,2
by,2
the,2
finder,1
to,1
his,1
home,1
address.,0
“He,1
also,1
included,4
two,4
stamps,3
from,3
that,3
time,3
that,3
were,3
also,3
in,3
the,3
"bottle,",4
so,2
the,3
finder,2
would,2
not,2
incur,2
a,2
"cost,”",3
Erdmann,1
said.,0
“But,1
he,1
did,1
not,1
think,1
it,1
would,1
take,1
101,1
years.”,0
She,1
said,1
she,1
was,1
moved,2
by,2
the,2
arrival,2
of,2
the,2
"message,",2
although,1
she,1
had,1
not,1
known,2
her,2
grandfather,1
because,1
he,1
"died,",4
at,2
the,2
age,2
of,2
"54,",2
six,2
years,1
before,1
she,1
was,1
born.,0
“I,1
knew,4
very,4
little,3
about,3
my,3
"grandfather,",4
but,2
I,2
found,3
out,2
that,2
he,2
was,2
a,2
writer,3
who,3
was,3
very,3
"open-minded,",10
and,2
believed,3
in,3
freedom,2
and,2
that,2
everyone,2
should,2
respect,2
each,2
"other,”",3
she,1
said.,0
“He,1
did,3
a,3
lot,2
for,2
the,2
young,1
and,1
later,1
traveled,1
with,1
his,1
wife,1
and,1
two,1
daughters.,0
It,1
was,1
wonderful,1
because,1
I,1
could,1
see,1
where,1
my,2
roots,1
came,1
from.”,0
Like,1
her,1
"grandfather,",2
Erdmann,2
"said,",2
she,1
also,1
liked,2
culture,1
and,1
traveling,1
around,1
the,1
world.,0
She,1
described,3
herself,2
as,2
"open-minded,",6
too.,0
“What,2
he,2
taught,2
his,2
two,2
"daughters,",2
my,2
mother,1
taught,3
me,2
and,2
I,2
have,2
then,2
given,2
to,2
my,2
"sons,”",3
she,1
said.,0
Despite,1
her,1
joy,2
at,2
receiving,2
the,2
bottled,2
"message,",2
she,1
said,1
that,1
she,1
hoped,1
others,1
would,1
not,1
repeat,2
what,2
her,3
grandfather,2
had,2
done,1
and,1
throw,3
bottles,2
with,2
messages,1
into,1
the,1
sea.,0
"“Today,",2
the,2
sea,1
is,1
so,1
full,2
of,2
so,3
many,2
bottles,3
and,3
rubbish,2
that,2
more,2
shouldn't,4
be,2
thrown,2
in,2
"there,“",3
she,1
said.,0
The,1
message,2
and,2
the,2
bottle,1
will,1
be,1
on,1
display,2
at,2
Hamburg's,5
Maritime,2
Museum,1
until,1
the,1
beginning,2
of,2
May,2
"2014,",2
after,2
which,1
experts,1
will,1
attempt,1
to,1
decipher,1
the,1
rest,1
of,1
the,1
text.,0
It,1
is,1
not,1
clear,2
what,2
will,2
then,2
happen,2
to,2
the,2
"bottle,",2
but,1
Erdmann,1
hopes,1
it,1
will,1
stay,1
at,1
the,1
museum.,0
“We,1
want,3
to,3
make,4
a,4
few,4
photos,4
available,3
to,3
put,4
with,4
the,4
bottle,3
and,3
give,4
it,3
a,3
"face,",4
so,2
visitors,2
can,2
see,2
the,2
young,2
man,2
who,2
threw,3
the,3
bottle,2
into,2
the,2
"water,”",3
she,1
said.,0
Angela,2
Erdmann,1
never,1
knew,1
her,1
grandfather.,0
He,1
died,3
in,3
"1946,",4
six,2
years,1
before,1
she,1
was,1
born.,0
"But,",2
on,2
Tuesday,2
April,3
"28th,",4
"2014,",2
she,1
described,2
the,2
extraordinary,2
moment,1
when,1
she,1
received,3
a,3
message,2
in,2
a,2
"bottle,",2
101,2
years,1
after,1
he,1
threw,2
it,1
into,1
the,1
Baltic,1
Sea.,0
The,1
bottle,1
is,1
possibly,1
the,2
world's,3
oldest,1
message,1
in,1
a,1
bottle.,0
It,1
was,1
presented,2
to,2
Erdmann,1
by,1
the,1
museum,1
that,1
is,1
now,1
exhibiting,2
it,1
in,1
Germany.,0
“It,1
was,1
very,1
"surprising,”",3
Angela,3
"Erdmann,",4
"62,",2
"said,",2
when,1
she,1
described,1
how,1
she,1
found,2
out,1
about,1
the,1
bottle.,0
“A,1
man,1
came,2
to,2
my,2
door,1
and,1
told,2
me,1
he,1
had,2
post,1
from,1
my,1
grandfather.,0
"Then,",2
he,1
told,2
me,1
that,1
someone,1
had,1
found,3
a,3
message,2
in,2
a,2
bottle,1
and,1
that,1
on,2
the,2
card,1
was,1
my,2
grandfather's,3
name.”,0
Her,1
visitor,1
was,1
a,1
family-tree,5
researcher,1
who,1
found,3
her,2
in,2
Berlin,1
after,1
someone,1
gave,2
the,2
letter,1
to,1
a,1
museum,1
in,1
the,1
northern,1
city,1
of,1
Hamburg.,0
The,1
brown,1
beer,1
bottle,1
was,1
in,1
the,1
water,1
for,1
101,1
years.,0
A,1
fisherman,1
found,3
it,2
in,2
the,2
Baltic,2
Sea,1
off,1
the,1
northern,1
city,1
of,1
Kiel.,0
Holger,4
von,3
"Neuhoff,",4
a,2
curator,2
at,2
the,2
"museum,",2
said,1
this,2
bottled,2
message,1
was,1
the,1
oldest,1
he,1
had,1
ever,1
seen.,0
“There,1
are,2
documents,2
without,2
the,2
bottle,2
that,2
are,2
older,2
and,2
they,2
are,2
in,2
the,2
"museum,”",3
he,1
said.,0
"“But,",2
with,2
the,2
bottle,2
and,2
the,2
"document,",2
this,1
is,1
certainly,1
the,1
oldest,1
at,1
the,1
moment.,0
It,1
is,1
in,1
very,2
good,1
condition.”,0
Researchers,1
believe,1
that,1
Erdmann's,5
"grandfather,",4
Richard,2
"Platz,",2
threw,3
the,3
bottle,2
into,2
the,2
sea,1
when,1
he,1
was,1
on,1
a,1
hike,1
in,1
1913.,0
He,1
was,1
20,2
years,1
old,1
at,1
the,1
time.,0
A,1
lot,2
of,2
the,2
message,2
on,2
the,2
postcard,1
was,1
impossible,2
to,2
"read,",2
but,1
the,2
address,3
in,3
Berlin,2
on,2
the,2
front,2
of,2
the,2
card,1
was,1
legible.,0
Platz,1
asked,1
the,1
person,1
who,1
found,2
it,1
to,1
send,2
the,2
postcard,1
to,1
his,1
home,1
address.,0
“He,1
also,1
included,4
two,4
stamps,3
from,3
that,3
time,3
that,3
were,3
also,3
in,3
the,3
"bottle,",4
so,2
the,3
finder,2
would,2
not,2
have,2
to,2
pay,2
for,2
"postage,”",3
Erdmann,1
said.,0
“But,1
he,1
did,1
not,1
think,1
it,1
would,1
take,1
101,1
years.”,0
She,1
said,2
she,2
was,2
moved,2
by,2
the,2
arrival,2
of,2
the,2
"message,",2
but,1
she,1
did,1
not,1
know,2
her,2
grandfather,1
because,1
he,1
"died,",4
at,2
the,2
age,2
of,2
"54,",2
six,2
years,1
before,1
she,1
was,1
born.,0
“I,1
knew,2
very,2
little,1
about,1
my,1
grandfather.,0
But,1
I,1
found,2
out,1
that,1
he,1
was,1
a,1
writer.,0
He,1
was,1
very,1
"open-minded,",6
and,2
he,2
believed,3
in,3
freedom,2
and,2
that,2
everyone,2
should,2
respect,2
each,2
"other,”",3
she,1
said.,0
“He,1
did,3
a,3
lot,2
for,2
the,2
young,1
and,1
later,1
traveled,1
with,1
his,1
wife,1
and,1
two,1
daughters.,0
It,1
was,1
wonderful,1
because,1
I,1
could,1
see,1
where,1
my,2
roots,1
came,1
from.”,0
Erdmann,1
said,1
she,1
also,1
liked,2
culture,1
and,1
traveling,2
around,2
the,2
"world,",2
just,1
like,1
her,1
grandfather.,0
She,1
described,3
herself,2
as,2
open-,2
"minded,",2
too.,0
She,1
was,1
very,1
happy,3
to,3
receive,3
the,3
bottled,3
"message,",4
she,2
"said,",2
but,1
she,1
hoped,1
other,2
people,1
would,1
not,1
do,2
what,2
her,3
grandfather,2
did,1
and,1
throw,3
bottles,2
with,2
messages,1
into,1
the,1
sea.,0
"“Today,",2
the,2
sea,1
is,1
so,1
full,3
of,3
bottles,3
and,3
rubbish,2
that,2
we,2
shouldn't,4
throw,3
more,2
in,2
"there,”",3
she,1
said.,0
The,1
message,2
and,2
the,2
bottle,1
will,1
be,1
on,1
display,2
at,2
Hamburg's,5
Maritime,2
Museum,1
until,1
the,1
beginning,1
of,1
May,1
2014.,0
"Then,",2
experts,1
will,1
try,1
to,1
decipher,1
the,1
rest,1
of,1
the,1
text.,0
It,1
is,1
not,1
clear,2
what,2
will,2
happen,3
to,3
the,3
bottle,2
after,2
"that,",2
but,1
Erdmann,1
hopes,1
it,1
will,1
stay,1
at,1
the,1
museum.,0
“We,1
want,3
to,3
find,4
a,4
few,4
photos,3
to,3
put,4
with,4
the,4
bottle,3
and,3
give,4
it,3
a,3
"face,",4
so,2
visitors,2
can,2
see,2
the,2
young,2
man,2
who,2
threw,3
the,3
bottle,2
into,2
the,2
"water,”",3
she,1
said.,0
